stamp_sec,base_x_m,base_y_m,yaw_rad,brush_enabled
1081.02,4.339259119092729,-5.359507705101044,1.312507732935815,False
1081.04,4.339259119092729,-5.359507705101044,1.312507732935815,False
1081.08,4.339259119092729,-5.359507705101044,1.312507732935815,False
1081.1,4.339259119092729,-5.359507705101044,1.312507732935815,False
1081.12,4.339259119092729,-5.359507705101044,1.312507732935815,False
1081.16,4.339259119092729,-5.359507705101044,1.312507732935815,False
