{
  "success": false,
  "route_completed": false,
  "waypoints_completed": 2,
  "waypoint_count": 11,
  "trajectory_sample_count": 11510,
  "map_update_count": 299,
  "final_map": {
    "stamp_sec": 601.3,
    "width_cells": 518,
    "height_cells": 363,
    "resolution_m": 0.05000000074505806,
    "known_cells": 62912,
    "free_cells": 58458,
    "occupied_cells": 4454,
    "unknown_cells": 125122,
    "known_area_m2": 157.2800046873093,
    "span_x_m": 25.900000385940075,
    "span_y_m": 18.150000270456076
  },
  "route": [
    [
      0.0,
      0.0
    ],
    [
      15.0,
      0.0
    ],
    [
      18.0,
      -6.0
    ],
    [
      8.0,
      -6.0
    ],
    [
      -6.0,
      -6.0
    ],
    [
      -6.0,
      6.0
    ],
    [
      8.0,
      6.0
    ],
    [
      18.0,
      4.5
    ],
    [
      18.0,
      2.4
    ],
    [
      12.0,
      2.4
    ],
    [
      0.0,
      0.0
    ]
  ]
}
