[INFO] [launch]: All log files can be found below /root/.ros/log/2026-09-14-17-07-26-668020-autodl-container-ca410red1k-e4e33c0c-99119
[INFO] [launch]: Default logging verbosity is set to INFO
[INFO] [map_server-1]: process started with pid [99163]
[INFO] [amcl-2]: process started with pid [99164]
[INFO] [lifecycle_manager-3]: process started with pid [99165]
[INFO] [controller_server-4]: process started with pid [99166]
[INFO] [smoother_server-5]: process started with pid [99182]
[INFO] [planner_server-6]: process started with pid [99199]
[INFO] [route_server-7]: process started with pid [99209]
[INFO] [behavior_server-8]: process started with pid [99237]
[INFO] [bt_navigator-9]: process started with pid [99251]
[INFO] [waypoint_follower-10]: process started with pid [99253]
[INFO] [velocity_smoother-11]: process started with pid [99258]
[INFO] [collision_monitor-12]: process started with pid [99284]
[INFO] [opennav_docking-13]: process started with pid [99307]
[INFO] [lifecycle_manager-14]: process started with pid [99309]
[INFO] [map_server-15]: process started with pid [99312]
[INFO] [costmap_filter_info_server-16]: process started with pid [99349]
[INFO] [map_server-17]: process started with pid [99370]
[INFO] [costmap_filter_info_server-18]: process started with pid [99371]
[INFO] [lifecycle_manager-19]: process started with pid [99378]
[amcl-2] [INFO] [1789405647.500609589] [amcl]: 
[amcl-2] 	amcl lifecycle node launched. 
[amcl-2] 	Waiting on external lifecycle transitions to activate
[amcl-2] 	See https://design.ros2.org/articles/node_lifecycle.html for more information.
[amcl-2] [INFO] [1789405647.518350440] [amcl]: Creating
[lifecycle_manager-3] [INFO] [1789405647.417519805] [lifecycle_manager_localization]: Creating
[lifecycle_manager-3] [INFO] [1789405647.429931592] [lifecycle_manager_localization]: [34m[1mCreating and initializing lifecycle service clients[0m[0m
[controller_server-4] [INFO] [1789405647.588246592] [controller_server]: 
[controller_server-4] 	controller_server lifecycle node launched. 
[controller_server-4] 	Waiting on external lifecycle transitions to activate
[controller_server-4] 	See https://design.ros2.org/articles/node_lifecycle.html for more information.
[controller_server-4] [INFO] [1789405647.832397244] [controller_server]: Creating controller server
[controller_server-4] [INFO] [1789405647.837154433] [local_costmap.local_costmap]: 
[controller_server-4] 	local_costmap lifecycle node launched. 
[controller_server-4] 	Waiting on external lifecycle transitions to activate
[controller_server-4] 	See https://design.ros2.org/articles/node_lifecycle.html for more information.
[controller_server-4] [INFO] [1789405647.841968037] [local_costmap.local_costmap]: Creating Costmap
[controller_server-4] [INFO] [1789405648.673429543] [controller_server]: Configuring controller interface
[controller_server-4] [INFO] [1789405648.673475241] [controller_server]: getting progress checker plugins..
[controller_server-4] [INFO] [1789405648.673678875] [controller_server]: getting goal checker plugins..
[controller_server-4] [INFO] [1789405648.673817795] [controller_server]: Controller frequency set to 15.0000Hz
[controller_server-4] [INFO] [1789405648.673876446] [local_costmap.local_costmap]: Configuring
[controller_server-4] [INFO] [1789405648.705076750] [local_costmap.local_costmap]: Using plugin "obstacle_layer"
[controller_server-4] [INFO] [1789405648.730354469] [local_costmap.local_costmap]: Subscribed to Topics: scan
[controller_server-4] [INFO] [1789405648.733960608] [local_costmap.local_costmap]: Initialized plugin "obstacle_layer"
[controller_server-4] [INFO] [1789405648.733985151] [local_costmap.local_costmap]: Using plugin "inflation_layer"
[controller_server-4] [INFO] [1789405648.734375918] [local_costmap.local_costmap]: Initialized plugin "inflation_layer"
[controller_server-4] [INFO] [1789405648.773182941] [controller_server]: Created progress_checker : progress_checker of type nav2_controller::PoseProgressChecker
[controller_server-4] [INFO] [1789405648.773450612] [controller_server]: Controller Server has progress_checker  progress checkers available.
[controller_server-4] [INFO] [1789405648.779680421] [controller_server]: Created goal checker : goal_checker of type nav2_controller::SimpleGoalChecker
[controller_server-4] [INFO] [1789405648.779966301] [controller_server]: Controller Server has goal_checker  goal checkers available.
[controller_server-4] [INFO] [1789405648.795359647] [controller_server]: Created controller : FollowPath of type nav2_regulated_pure_pursuit_controller::RegulatedPurePursuitController
[controller_server-4] [INFO] [1789405648.848345022] [controller_server]: Created controller : CleanPath of type nav2_regulated_pure_pursuit_controller::RegulatedPurePursuitController
[controller_server-4] [INFO] [1789405648.864331589] [controller_server]: Created controller : RepairPath of type nav2_regulated_pure_pursuit_controller::RegulatedPurePursuitController
[controller_server-4] [INFO] [1789405648.866877717] [controller_server]: Controller Server has FollowPath CleanPath RepairPath  controllers available.
[smoother_server-5] [INFO] [1789405647.769113629] [smoother_server]: 
[smoother_server-5] 	smoother_server lifecycle node launched. 
[smoother_server-5] 	Waiting on external lifecycle transitions to activate
[smoother_server-5] 	See https://design.ros2.org/articles/node_lifecycle.html for more information.
[smoother_server-5] [INFO] [1789405647.794711114] [smoother_server]: Creating smoother server
[smoother_server-5] [INFO] [1789405648.902130985] [smoother_server]: Configuring smoother server
[smoother_server-5] [INFO] [1789405649.069895118] [smoother_server]: Created smoother : simple_smoother of type nav2_smoother::SimpleSmoother
[smoother_server-5] [INFO] [1789405649.071053576] [smoother_server]: Smoother Server has simple_smoother  smoothers available.
[planner_server-6] [INFO] [1789405647.768481458] [planner_server]: 
[planner_server-6] 	planner_server lifecycle node launched. 
[planner_server-6] 	Waiting on external lifecycle transitions to activate
[planner_server-6] 	See https://design.ros2.org/articles/node_lifecycle.html for more information.
[planner_server-6] [INFO] [1789405647.792255141] [planner_server]: Creating
[planner_server-6] [INFO] [1789405647.801122490] [global_costmap.global_costmap]: 
[planner_server-6] 	global_costmap lifecycle node launched. 
[planner_server-6] 	Waiting on external lifecycle transitions to activate
[planner_server-6] 	See https://design.ros2.org/articles/node_lifecycle.html for more information.
[planner_server-6] [INFO] [1789405647.804628951] [global_costmap.global_costmap]: Creating Costmap
[planner_server-6] [INFO] [1789405649.100974591] [planner_server]: Configuring
[planner_server-6] [INFO] [1789405649.101013030] [global_costmap.global_costmap]: Configuring
[planner_server-6] [INFO] [1789405649.121171564] [global_costmap.global_costmap]: Using plugin "static_layer"
[planner_server-6] [INFO] [1789405649.131486358] [global_costmap.global_costmap]: Subscribing to the map topic (/map) with transient local durability
[planner_server-6] [INFO] [1789405649.133827358] [global_costmap.global_costmap]: Initialized plugin "static_layer"
[planner_server-6] [INFO] [1789405649.133844405] [global_costmap.global_costmap]: Using plugin "obstacle_layer"
[planner_server-6] [INFO] [1789405649.134142806] [global_costmap.global_costmap]: Subscribed to Topics: scan
[planner_server-6] [INFO] [1789405649.137337909] [global_costmap.global_costmap]: Initialized plugin "obstacle_layer"
[planner_server-6] [INFO] [1789405649.137355012] [global_costmap.global_costmap]: Using plugin "keepout_filter"
[planner_server-6] [INFO] [1789405649.142303976] [global_costmap.global_costmap]: Initialized plugin "keepout_filter"
[planner_server-6] [INFO] [1789405649.142320352] [global_costmap.global_costmap]: Using plugin "speed_filter"
[planner_server-6] [INFO] [1789405649.142685177] [global_costmap.global_costmap]: Initialized plugin "speed_filter"
[planner_server-6] [INFO] [1789405649.142706981] [global_costmap.global_costmap]: Using plugin "inflation_layer"
[planner_server-6] [INFO] [1789405649.143089772] [global_costmap.global_costmap]: Initialized plugin "inflation_layer"
[planner_server-6] [INFO] [1789405649.157079662] [planner_server]: Created global planner plugin GridBased of type nav2_navfn_planner::NavfnPlanner
[planner_server-6] [INFO] [1789405649.157104881] [planner_server]: Configuring plugin GridBased of type NavfnPlanner
[planner_server-6] [INFO] [1789405649.157494528] [planner_server]: Planner Server has GridBased  planners available.
[route_server-7] [INFO] [1789405647.891355807] [route_server]: 
[route_server-7] 	route_server lifecycle node launched. 
[route_server-7] 	Waiting on external lifecycle transitions to activate
[route_server-7] 	See https://design.ros2.org/articles/node_lifecycle.html for more information.
[route_server-7] [INFO] [1789405649.164725370] [route_server]: Configuring
[behavior_server-8] [INFO] [1789405648.300135496] [behavior_server]: 
[behavior_server-8] 	behavior_server lifecycle node launched. 
[behavior_server-8] 	Waiting on external lifecycle transitions to activate
[behavior_server-8] 	See https://design.ros2.org/articles/node_lifecycle.html for more information.
[bt_navigator-9] [INFO] [1789405648.167232979] [bt_navigator]: 
[bt_navigator-9] 	bt_navigator lifecycle node launched. 
[bt_navigator-9] 	Waiting on external lifecycle transitions to activate
[bt_navigator-9] 	See https://design.ros2.org/articles/node_lifecycle.html for more information.
[bt_navigator-9] [INFO] [1789405648.243484904] [bt_navigator]: Creating
[waypoint_follower-10] [INFO] [1789405648.179885903] [waypoint_follower]: 
[waypoint_follower-10] 	waypoint_follower lifecycle node launched. 
[waypoint_follower-10] 	Waiting on external lifecycle transitions to activate
[waypoint_follower-10] 	See https://design.ros2.org/articles/node_lifecycle.html for more information.
[waypoint_follower-10] [INFO] [1789405648.187236744] [waypoint_follower]: Creating
[velocity_smoother-11] [INFO] [1789405648.261778492] [velocity_smoother]: 
[velocity_smoother-11] 	velocity_smoother lifecycle node launched. 
[velocity_smoother-11] 	Waiting on external lifecycle transitions to activate
[velocity_smoother-11] 	See https://design.ros2.org/articles/node_lifecycle.html for more information.
[collision_monitor-12] [INFO] [1789405648.669240647] [collision_monitor]: 
[collision_monitor-12] 	collision_monitor lifecycle node launched. 
[collision_monitor-12] 	Waiting on external lifecycle transitions to activate
[collision_monitor-12] 	See https://design.ros2.org/articles/node_lifecycle.html for more information.
[opennav_docking-13] [INFO] [1789405648.639413950] [docking_server]: 
[opennav_docking-13] 	docking_server lifecycle node launched. 
[opennav_docking-13] 	Waiting on external lifecycle transitions to activate
[opennav_docking-13] 	See https://design.ros2.org/articles/node_lifecycle.html for more information.
[opennav_docking-13] [INFO] [1789405648.639925825] [docking_server]: Creating docking_server
[lifecycle_manager-14] [INFO] [1789405648.548628602] [lifecycle_manager_navigation]: Creating
[lifecycle_manager-14] [INFO] [1789405648.564000413] [lifecycle_manager_navigation]: [34m[1mCreating and initializing lifecycle service clients[0m[0m
[lifecycle_manager-14] [INFO] [1789405648.672859383] [lifecycle_manager_navigation]: [34m[1mStarting managed nodes bringup...[0m[0m
[lifecycle_manager-14] [INFO] [1789405648.673017177] [lifecycle_manager_navigation]: [34m[1mConfiguring controller_server[0m[0m
[lifecycle_manager-14] [INFO] [1789405648.901893370] [lifecycle_manager_navigation]: [34m[1mConfiguring smoother_server[0m[0m
[lifecycle_manager-14] [INFO] [1789405649.100682340] [lifecycle_manager_navigation]: [34m[1mConfiguring planner_server[0m[0m
[lifecycle_manager-14] [INFO] [1789405649.164486517] [lifecycle_manager_navigation]: [34m[1mConfiguring route_server[0m[0m
[map_server-15] [INFO] [1789405648.730121021] [keepout_filter_mask_server]: 
[map_server-15] 	keepout_filter_mask_server lifecycle node launched. 
[map_server-15] 	Waiting on external lifecycle transitions to activate
[map_server-15] 	See https://design.ros2.org/articles/node_lifecycle.html for more information.
[map_server-15] [INFO] [1789405648.730289919] [keepout_filter_mask_server]: Creating
[costmap_filter_info_server-16] [INFO] [1789405648.972932613] [costmap_filter_info_server]: This is costmap filter info publisher
[costmap_filter_info_server-16] [INFO] [1789405649.120682499] [keepout_costmap_filter_info_server]: 
[costmap_filter_info_server-16] 	keepout_costmap_filter_info_server lifecycle node launched. 
[costmap_filter_info_server-16] 	Waiting on external lifecycle transitions to activate
[costmap_filter_info_server-16] 	See https://design.ros2.org/articles/node_lifecycle.html for more information.
[map_server-17] [INFO] [1789405649.112644502] [speed_filter_mask_server]: 
[map_server-17] 	speed_filter_mask_server lifecycle node launched. 
[map_server-17] 	Waiting on external lifecycle transitions to activate
[map_server-17] 	See https://design.ros2.org/articles/node_lifecycle.html for more information.
[map_server-17] [INFO] [1789405649.112771479] [speed_filter_mask_server]: Creating
[costmap_filter_info_server-18] [INFO] [1789405649.061039375] [costmap_filter_info_server]: This is costmap filter info publisher
[costmap_filter_info_server-18] [INFO] [1789405649.092643528] [speed_costmap_filter_info_server]: 
[costmap_filter_info_server-18] 	speed_costmap_filter_info_server lifecycle node launched. 
[costmap_filter_info_server-18] 	Waiting on external lifecycle transitions to activate
[costmap_filter_info_server-18] 	See https://design.ros2.org/articles/node_lifecycle.html for more information.
[lifecycle_manager-19] [INFO] [1789405649.174766327] [filter_lifecycle_manager]: Creating
[lifecycle_manager-19] [INFO] [1789405649.188796973] [filter_lifecycle_manager]: [34m[1mCreating and initializing lifecycle service clients[0m[0m
[lifecycle_manager-19] [INFO] [1789405649.193192112] [filter_lifecycle_manager]: [34m[1mStarting managed nodes bringup...[0m[0m
[lifecycle_manager-19] [INFO] [1789405649.193272691] [filter_lifecycle_manager]: [34m[1mConfiguring keepout_filter_mask_server[0m[0m
[lifecycle_manager-19] [INFO] [1789405649.216401393] [filter_lifecycle_manager]: [34m[1mConfiguring keepout_costmap_filter_info_server[0m[0m
[lifecycle_manager-19] [INFO] [1789405649.229975770] [filter_lifecycle_manager]: [34m[1mConfiguring speed_filter_mask_server[0m[0m
[map_server-15] [INFO] [1789405649.193473432] [keepout_filter_mask_server]: Configuring
[map_server-15] [INFO] [1789405649.193547297] [map_io]: Loading yaml file: /workspace/tzcup-competition-sim-only-20260912/evidence/day1-localization-stabilizer-20260915-01/run-02/geofence_keepout.yaml
[map_server-15] [INFO] [1789405649.194037029] [map_io]: resolution: 0.25
[map_server-15] [INFO] [1789405649.194050086] [map_io]: origin[0]: -4
[map_server-15] [INFO] [1789405649.194057065] [map_io]: origin[1]: -52
[map_server-15] [INFO] [1789405649.194061326] [map_io]: origin[2]: 0
[map_server-15] [INFO] [1789405649.194065631] [map_io]: free_thresh: 0.25
[map_server-15] [INFO] [1789405649.194070040] [map_io]: occupied_thresh: 0.65
[map_server-15] [INFO] [1789405649.194076375] [map_io]: mode: trinary
[map_server-15] [INFO] [1789405649.194081687] [map_io]: negate: 0
[map_server-15] [INFO] [1789405649.194474911] [map_io]: Loading image_file: /workspace/tzcup-competition-sim-only-20260912/evidence/day1-localization-stabilizer-20260915-01/run-02/geofence_keepout.pgm
[map_server-15] [INFO] [1789405649.203857527] [map_io]: Read map /workspace/tzcup-competition-sim-only-20260912/evidence/day1-localization-stabilizer-20260915-01/run-02/geofence_keepout.pgm: 816 X 416 map @ 0.25 m/cell
[route_server-7] [INFO] [1789405649.198892811] [route_server]: Created GraphFileLoader GeoJsonGraphFileLoader of type nav2_route::GeoJsonGraphFileLoader
[route_server-7] [INFO] [1789405649.198918955] [route_server]: Configuring geojson graph file loader
[route_server-7] [INFO] [1789405649.198930033] [route_server]: No graph file provided to load yet.
[route_server-7] [INFO] [1789405649.205200096] [route_server]: Created edge cost function plugin DistanceScorer of type nav2_route::DistanceScorer
[route_server-7] [INFO] [1789405649.205224830] [route_server]: Configuring distance scorer.
[route_server-7] [INFO] [1789405649.205365253] [route_server]: Created edge cost function plugin DynamicEdgesScorer of type nav2_route::DynamicEdgesScorer
[route_server-7] [INFO] [1789405649.205376063] [route_server]: Configuring adjust edges scorer.
[route_server-7] [INFO] [1789405649.216932676] [route_server]: Created route operation AdjustSpeedLimit of type nav2_route::AdjustSpeedLimit
[route_server-7] [INFO] [1789405649.216984607] [route_server]: Configuring Adjust speed limit operation.
[route_server-7] [INFO] [1789405649.217559316] [route_server]: Created route operation ReroutingService of type nav2_route::ReroutingService
[route_server-7] [INFO] [1789405649.217601692] [route_server]: Configuring Rerouting service operation.
[costmap_filter_info_server-16] [INFO] [1789405649.216548154] [keepout_costmap_filter_info_server]: Configuring
[lifecycle_manager-14] [INFO] [1789405649.221955035] [lifecycle_manager_navigation]: [34m[1mConfiguring behavior_server[0m[0m
[behavior_server-8] [INFO] [1789405649.222212652] [behavior_server]: Configuring
[map_server-17] [INFO] [1789405649.230173550] [speed_filter_mask_server]: Configuring
[map_server-17] [INFO] [1789405649.230282008] [map_io]: Loading yaml file: /workspace/tzcup-competition-sim-only-20260912/evidence/day1-localization-stabilizer-20260915-01/run-02/neutral_speed.yaml
[map_server-17] [INFO] [1789405649.231076496] [map_io]: resolution: 0.25
[map_server-17] [INFO] [1789405649.231110972] [map_io]: origin[0]: -4
[map_server-17] [INFO] [1789405649.231131703] [map_io]: origin[1]: -52
[map_server-17] [INFO] [1789405649.231146420] [map_io]: origin[2]: 0
[map_server-17] [INFO] [1789405649.231162173] [map_io]: free_thresh: 0.25
[map_server-17] [INFO] [1789405649.231177334] [map_io]: occupied_thresh: 0.65
[map_server-17] [INFO] [1789405649.231195795] [map_io]: mode: trinary
[map_server-17] [INFO] [1789405649.231210992] [map_io]: negate: 0
[behavior_server-8] [INFO] [1789405649.231621131] [behavior_server]: Creating behavior plugin spin of type nav2_behaviors::Spin
[map_server-17] [INFO] [1789405649.231999450] [map_io]: Loading image_file: /workspace/tzcup-competition-sim-only-20260912/evidence/day1-localization-stabilizer-20260915-01/run-02/neutral_speed.pgm
[behavior_server-8] [INFO] [1789405649.233319097] [behavior_server]: Creating behavior plugin backup of type nav2_behaviors::BackUp
[behavior_server-8] [INFO] [1789405649.234737417] [behavior_server]: Creating behavior plugin drive_on_heading of type nav2_behaviors::DriveOnHeading
[behavior_server-8] [INFO] [1789405649.236145588] [behavior_server]: Creating behavior plugin wait of type nav2_behaviors::Wait
[lifecycle_manager-3] [INFO] [1789405649.237635788] [lifecycle_manager_localization]: [34m[1mStarting managed nodes bringup...[0m[0m
[lifecycle_manager-3] [INFO] [1789405649.237780759] [lifecycle_manager_localization]: [34m[1mConfiguring map_server[0m[0m
[map_server-1] [INFO] [1789405649.237783405] [map_server]: 
[map_server-1] 	map_server lifecycle node launched. 
[map_server-1] 	Waiting on external lifecycle transitions to activate
[map_server-1] 	See https://design.ros2.org/articles/node_lifecycle.html for more information.
[map_server-1] [INFO] [1789405649.237958558] [map_server]: Creating
[map_server-1] [INFO] [1789405649.238249264] [map_server]: Configuring
[map_server-1] [INFO] [1789405649.238285115] [map_io]: Loading yaml file: /workspace/tzcup-competition-sim-only-20260912/evidence/day1-localization-stabilizer-20260915-01/run-02/occupancy.yaml
[map_server-1] [INFO] [1789405649.240232832] [map_io]: resolution: 0.05
[map_server-1] [INFO] [1789405649.240242784] [map_io]: origin[0]: -9.941
[map_server-1] [INFO] [1789405649.240248093] [map_io]: origin[1]: -12.314
[map_server-1] [INFO] [1789405649.240251791] [map_io]: origin[2]: 0
[map_server-1] [INFO] [1789405649.240254936] [map_io]: free_thresh: 0.196
[map_server-1] [INFO] [1789405649.240258005] [map_io]: occupied_thresh: 0.65
[map_server-1] [INFO] [1789405649.240262516] [map_io]: mode: trinary
[map_server-1] [INFO] [1789405649.240265814] [map_io]: negate: 0
[map_server-1] [INFO] [1789405649.241496464] [map_io]: Loading image_file: /workspace/tzcup-competition-sim-only-20260912/evidence/day1-localization-stabilizer-20260915-01/run-02/occupancy.pgm
[behavior_server-8] [INFO] [1789405649.245221691] [behavior_server]: Configuring spin
[map_server-1] [INFO] [1789405649.246641419] [map_io]: Read map /workspace/tzcup-competition-sim-only-20260912/evidence/day1-localization-stabilizer-20260915-01/run-02/occupancy.pgm: 477 X 486 map @ 0.05 m/cell
[behavior_server-8] [INFO] [1789405649.248897798] [behavior_server]: Configuring backup
[map_server-17] [INFO] [1789405649.249447907] [map_io]: Read map /workspace/tzcup-competition-sim-only-20260912/evidence/day1-localization-stabilizer-20260915-01/run-02/neutral_speed.pgm: 816 X 416 map @ 0.25 m/cell
[behavior_server-8] [INFO] [1789405649.250261655] [behavior_server]: Configuring drive_on_heading
[behavior_server-8] [INFO] [1789405649.251626048] [behavior_server]: Configuring wait
[lifecycle_manager-14] [INFO] [1789405649.253469522] [lifecycle_manager_navigation]: [34m[1mConfiguring velocity_smoother[0m[0m
[velocity_smoother-11] [INFO] [1789405649.253715974] [velocity_smoother]: Configuring velocity smoother
[lifecycle_manager-14] [INFO] [1789405649.259012629] [lifecycle_manager_navigation]: [34m[1mConfiguring collision_monitor[0m[0m
[collision_monitor-12] [INFO] [1789405649.259254916] [collision_monitor]: Configuring
[lifecycle_manager-19] [INFO] [1789405649.267265603] [filter_lifecycle_manager]: [34m[1mConfiguring speed_costmap_filter_info_server[0m[0m
[costmap_filter_info_server-18] [INFO] [1789405649.267500101] [speed_costmap_filter_info_server]: Configuring
[lifecycle_manager-3] [INFO] [1789405649.269037569] [lifecycle_manager_localization]: [34m[1mConfiguring amcl[0m[0m
[amcl-2] [INFO] [1789405649.269359094] [amcl]: Configuring
[amcl-2] [INFO] [1789405649.269563720] [amcl]: initTransforms
[collision_monitor-12] [INFO] [1789405649.269761462] [collision_monitor]: [scan]: Creating Scan
[collision_monitor-12] [INFO] [1789405649.273095360] [collision_monitor]: [FootprintApproach]: Creating Polygon
[collision_monitor-12] [INFO] [1789405649.273300423] [collision_monitor]: [FootprintApproach]: Polygon points are not defined. Using dynamic subscription instead.
[collision_monitor-12] [INFO] [1789405649.273939267] [collision_monitor]: [FootprintApproach]: Making footprint subscriber on /local_costmap/published_footprint topic
[lifecycle_manager-19] [INFO] [1789405649.282858275] [filter_lifecycle_manager]: [34m[1mActivating keepout_filter_mask_server[0m[0m
[map_server-15] [INFO] [1789405649.283168760] [keepout_filter_mask_server]: Activating
[map_server-15] [INFO] [1789405649.284056692] [keepout_filter_mask_server]: Creating bond (keepout_filter_mask_server) to lifecycle manager.
[lifecycle_manager-14] [INFO] [1789405649.288281926] [lifecycle_manager_navigation]: [34m[1mConfiguring bt_navigator[0m[0m
[bt_navigator-9] [INFO] [1789405649.288502208] [bt_navigator]: Configuring
[bt_navigator-9] [INFO] [1789405649.297205167] [bt_navigator]: Creating navigator id navigate_to_pose of type nav2_bt_navigator::NavigateToPoseNavigator
[amcl-2] [INFO] [1789405649.300442684] [amcl]: initPubSub
[bt_navigator-9] [WARN] [1789405649.317802409] [bt_navigator]: Error_code parameters were not set. Using default values of: follow_path_error_code compute_path_error_code
[bt_navigator-9] Make sure these match your BT and there are not other sources of error codes youreported to your application
[amcl-2] [INFO] [1789405649.318148345] [amcl]: Subscribed to map topic.
[lifecycle_manager-3] [INFO] [1789405649.325098894] [lifecycle_manager_localization]: [34m[1mActivating map_server[0m[0m
[map_server-1] [INFO] [1789405649.325273797] [map_server]: Activating
[map_server-1] [INFO] [1789405649.326724969] [map_server]: Creating bond (map_server) to lifecycle manager.
[planner_server-6] [INFO] [1789405649.327598173] [global_costmap.global_costmap]: StaticLayer: Resizing costmap to 477 X 486 at 0.050000 m/pix
[amcl-2] [INFO] [1789405649.328722252] [amcl]: Received a 477 X 486 map @ 0.050 m/pix
[lifecycle_manager-19] [INFO] [1789405649.392088429] [filter_lifecycle_manager]: Server keepout_filter_mask_server connected with bond.
[lifecycle_manager-19] [INFO] [1789405649.392155070] [filter_lifecycle_manager]: [34m[1mActivating keepout_costmap_filter_info_server[0m[0m
[costmap_filter_info_server-16] [INFO] [1789405649.392591456] [keepout_costmap_filter_info_server]: Activating
[costmap_filter_info_server-16] [INFO] [1789405649.392685798] [keepout_costmap_filter_info_server]: Creating bond (keepout_costmap_filter_info_server) to lifecycle manager.
[lifecycle_manager-3] [INFO] [1789405649.432992553] [lifecycle_manager_localization]: Server map_server connected with bond.
[lifecycle_manager-3] [INFO] [1789405649.433058674] [lifecycle_manager_localization]: [34m[1mActivating amcl[0m[0m
[amcl-2] [INFO] [1789405649.433467534] [amcl]: Activating
[amcl-2] [INFO] [1789405649.433532243] [amcl]: initialPoseReceived
[amcl-2] [INFO] [1789405649.433752118] [amcl]: Setting pose (0.000000): 0.000 0.000 0.000
[amcl-2] [INFO] [1789405649.439493430] [amcl]: Creating bond (amcl) to lifecycle manager.
[lifecycle_manager-19] [INFO] [1789405649.498561497] [filter_lifecycle_manager]: Server keepout_costmap_filter_info_server connected with bond.
[lifecycle_manager-19] [INFO] [1789405649.498626458] [filter_lifecycle_manager]: [34m[1mActivating speed_filter_mask_server[0m[0m
[map_server-17] [INFO] [1789405649.499015816] [speed_filter_mask_server]: Activating
[map_server-17] [INFO] [1789405649.500082901] [speed_filter_mask_server]: Creating bond (speed_filter_mask_server) to lifecycle manager.
[bt_navigator-9] [INFO] [1789405649.516975880] [bt_navigator]: Creating navigator id navigate_through_poses of type nav2_bt_navigator::NavigateThroughPosesNavigator
[lifecycle_manager-14] [INFO] [1789405649.533409200] [lifecycle_manager_navigation]: [34m[1mConfiguring waypoint_follower[0m[0m
[waypoint_follower-10] [INFO] [1789405649.533813042] [waypoint_follower]: Configuring
[lifecycle_manager-3] [INFO] [1789405649.545277230] [lifecycle_manager_localization]: Server amcl connected with bond.
[lifecycle_manager-3] [INFO] [1789405649.545350881] [lifecycle_manager_localization]: [34m[1mManaged nodes are active[0m[0m
[lifecycle_manager-3] [INFO] [1789405649.545386265] [lifecycle_manager_localization]: [34m[1mCreating bond timer...[0m[0m
[waypoint_follower-10] [INFO] [1789405649.576321007] [waypoint_follower]: Created waypoint_task_executor : wait_at_waypoint of type nav2_waypoint_follower::WaitAtWaypoint
[waypoint_follower-10] [INFO] [1789405649.576758953] [waypoint_follower]: Waypoint pause duration is set to zero, disabling task executor plugin.
[lifecycle_manager-14] [INFO] [1789405649.577496831] [lifecycle_manager_navigation]: [34m[1mConfiguring docking_server[0m[0m
[opennav_docking-13] [INFO] [1789405649.577913111] [docking_server]: Configuring docking_server
[opennav_docking-13] [INFO] [1789405649.578006981] [docking_server]: Controller frequency set to 20.0000Hz
[lifecycle_manager-19] [INFO] [1789405649.606361117] [filter_lifecycle_manager]: Server speed_filter_mask_server connected with bond.
[lifecycle_manager-19] [INFO] [1789405649.606432865] [filter_lifecycle_manager]: [34m[1mActivating speed_costmap_filter_info_server[0m[0m
[costmap_filter_info_server-18] [INFO] [1789405649.606825111] [speed_costmap_filter_info_server]: Activating
[costmap_filter_info_server-18] [INFO] [1789405649.606895406] [speed_costmap_filter_info_server]: Creating bond (speed_costmap_filter_info_server) to lifecycle manager.
[opennav_docking-13] [INFO] [1789405649.638511788] [docking_server]: Created charging dock plugin simple_charging_dock of type opennav_docking::SimpleChargingDock
[opennav_docking-13] [WARN] [1789405649.642597749] [docking_server]: Dock database filepath nor dock parameters set. Docking actions can only be executed specifying the dock pose via the action request. Or update the dock database via the reload_database service.
[opennav_docking-13] [INFO] [1789405649.642651198] [docking_server]: Docking Server has 1 dock types and 0 dock instances available.
[lifecycle_manager-14] [INFO] [1789405649.643938063] [lifecycle_manager_navigation]: [34m[1mActivating controller_server[0m[0m
[controller_server-4] [INFO] [1789405649.644233810] [controller_server]: Activating
[controller_server-4] [INFO] [1789405649.644312087] [local_costmap.local_costmap]: Activating
[controller_server-4] [INFO] [1789405649.644337459] [local_costmap.local_costmap]: Checking transform
[controller_server-4] [INFO] [1789405649.644417549] [local_costmap.local_costmap]: Timed out waiting for transform from base_link to odom to become available, tf error: Invalid frame ID "odom" passed to canTransform argument target_frame - frame does not exist
[lifecycle_manager-19] [INFO] [1789405649.713074562] [filter_lifecycle_manager]: Server speed_costmap_filter_info_server connected with bond.
[lifecycle_manager-19] [INFO] [1789405649.713142973] [filter_lifecycle_manager]: [34m[1mManaged nodes are active[0m[0m
[lifecycle_manager-19] [INFO] [1789405649.713176543] [filter_lifecycle_manager]: [34m[1mCreating bond timer...[0m[0m
[controller_server-4] [INFO] [1789405650.144496442] [local_costmap.local_costmap]: Timed out waiting for transform from base_link to odom to become available, tf error: Invalid frame ID "odom" passed to canTransform argument target_frame - frame does not exist
[controller_server-4] [INFO] [1789405650.644493470] [local_costmap.local_costmap]: Timed out waiting for transform from base_link to odom to become available, tf error: Invalid frame ID "odom" passed to canTransform argument target_frame - frame does not exist
[controller_server-4] [INFO] [1789405651.144474176] [local_costmap.local_costmap]: Timed out waiting for transform from base_link to odom to become available, tf error: Invalid frame ID "odom" passed to canTransform argument target_frame - frame does not exist
[controller_server-4] [INFO] [1789405651.644488356] [local_costmap.local_costmap]: Timed out waiting for transform from base_link to odom to become available, tf error: Invalid frame ID "odom" passed to canTransform argument target_frame - frame does not exist
[controller_server-4] [INFO] [1789405652.144538703] [local_costmap.local_costmap]: Timed out waiting for transform from base_link to odom to become available, tf error: Invalid frame ID "odom" passed to canTransform argument target_frame - frame does not exist
[controller_server-4] [INFO] [1789405652.644514961] [local_costmap.local_costmap]: Timed out waiting for transform from base_link to odom to become available, tf error: Invalid frame ID "odom" passed to canTransform argument target_frame - frame does not exist
[controller_server-4] [INFO] [1789405653.144512631] [local_costmap.local_costmap]: Timed out waiting for transform from base_link to odom to become available, tf error: Invalid frame ID "odom" passed to canTransform argument target_frame - frame does not exist
[controller_server-4] [INFO] [1789405653.644503120] [local_costmap.local_costmap]: Timed out waiting for transform from base_link to odom to become available, tf error: Invalid frame ID "odom" passed to canTransform argument target_frame - frame does not exist
[controller_server-4] [INFO] [1789405654.144478070] [local_costmap.local_costmap]: Timed out waiting for transform from base_link to odom to become available, tf error: Invalid frame ID "odom" passed to canTransform argument target_frame - frame does not exist
[controller_server-4] [INFO] [1789405654.644469208] [local_costmap.local_costmap]: Timed out waiting for transform from base_link to odom to become available, tf error: Invalid frame ID "odom" passed to canTransform argument target_frame - frame does not exist
[controller_server-4] [INFO] [1789405655.144467862] [local_costmap.local_costmap]: Timed out waiting for transform from base_link to odom to become available, tf error: Invalid frame ID "odom" passed to canTransform argument target_frame - frame does not exist
[controller_server-4] [INFO] [1789405655.644471336] [local_costmap.local_costmap]: Timed out waiting for transform from base_link to odom to become available, tf error: Invalid frame ID "odom" passed to canTransform argument target_frame - frame does not exist
[controller_server-4] [INFO] [1789405656.144451395] [local_costmap.local_costmap]: Timed out waiting for transform from base_link to odom to become available, tf error: Invalid frame ID "odom" passed to canTransform argument target_frame - frame does not exist
[controller_server-4] [INFO] [1789405656.644467029] [local_costmap.local_costmap]: Timed out waiting for transform from base_link to odom to become available, tf error: Invalid frame ID "odom" passed to canTransform argument target_frame - frame does not exist
[controller_server-4] [INFO] [1789405657.144470795] [local_costmap.local_costmap]: Timed out waiting for transform from base_link to odom to become available, tf error: Invalid frame ID "odom" passed to canTransform argument target_frame - frame does not exist
[controller_server-4] [INFO] [1789405657.644468979] [local_costmap.local_costmap]: Timed out waiting for transform from base_link to odom to become available, tf error: Invalid frame ID "odom" passed to canTransform argument target_frame - frame does not exist
[controller_server-4] [INFO] [1789405658.144459164] [local_costmap.local_costmap]: Timed out waiting for transform from base_link to odom to become available, tf error: Invalid frame ID "odom" passed to canTransform argument target_frame - frame does not exist
[controller_server-4] [INFO] [1789405658.644458204] [local_costmap.local_costmap]: Timed out waiting for transform from base_link to odom to become available, tf error: Invalid frame ID "odom" passed to canTransform argument target_frame - frame does not exist
[controller_server-4] [INFO] [1789405659.144460874] [local_costmap.local_costmap]: Timed out waiting for transform from base_link to odom to become available, tf error: Invalid frame ID "odom" passed to canTransform argument target_frame - frame does not exist
[controller_server-4] [INFO] [1789405659.644470780] [local_costmap.local_costmap]: Timed out waiting for transform from base_link to odom to become available, tf error: Invalid frame ID "odom" passed to canTransform argument target_frame - frame does not exist
[controller_server-4] [INFO] [1789405660.144462343] [local_costmap.local_costmap]: Timed out waiting for transform from base_link to odom to become available, tf error: Invalid frame ID "odom" passed to canTransform argument target_frame - frame does not exist
[controller_server-4] [INFO] [1789405660.644472999] [local_costmap.local_costmap]: Timed out waiting for transform from base_link to odom to become available, tf error: Invalid frame ID "odom" passed to canTransform argument target_frame - frame does not exist
[controller_server-4] [INFO] [1789405661.144473705] [local_costmap.local_costmap]: Timed out waiting for transform from base_link to odom to become available, tf error: Invalid frame ID "odom" passed to canTransform argument target_frame - frame does not exist
[controller_server-4] [INFO] [1789405661.644473953] [local_costmap.local_costmap]: Timed out waiting for transform from base_link to odom to become available, tf error: Invalid frame ID "odom" passed to canTransform argument target_frame - frame does not exist
[controller_server-4] [INFO] [1789405662.144470290] [local_costmap.local_costmap]: Timed out waiting for transform from base_link to odom to become available, tf error: Invalid frame ID "odom" passed to canTransform argument target_frame - frame does not exist
[controller_server-4] [INFO] [1789405662.644472643] [local_costmap.local_costmap]: Timed out waiting for transform from base_link to odom to become available, tf error: Invalid frame ID "odom" passed to canTransform argument target_frame - frame does not exist
[controller_server-4] [INFO] [1789405663.144485732] [local_costmap.local_costmap]: Timed out waiting for transform from base_link to odom to become available, tf error: Invalid frame ID "odom" passed to canTransform argument target_frame - frame does not exist
[controller_server-4] [INFO] [1789405663.644472167] [local_costmap.local_costmap]: Timed out waiting for transform from base_link to odom to become available, tf error: Invalid frame ID "odom" passed to canTransform argument target_frame - frame does not exist
[controller_server-4] [INFO] [1789405664.144472017] [local_costmap.local_costmap]: Timed out waiting for transform from base_link to odom to become available, tf error: Invalid frame ID "odom" passed to canTransform argument target_frame - frame does not exist
[controller_server-4] [INFO] [1789405664.644472440] [local_costmap.local_costmap]: Timed out waiting for transform from base_link to odom to become available, tf error: Invalid frame ID "odom" passed to canTransform argument target_frame - frame does not exist
[controller_server-4] [INFO] [1789405665.144471263] [local_costmap.local_costmap]: Timed out waiting for transform from base_link to odom to become available, tf error: Invalid frame ID "odom" passed to canTransform argument target_frame - frame does not exist
[controller_server-4] [INFO] [1789405665.644489347] [local_costmap.local_costmap]: Timed out waiting for transform from base_link to odom to become available, tf error: Invalid frame ID "odom" passed to canTransform argument target_frame - frame does not exist
[controller_server-4] [INFO] [1789405666.144455353] [local_costmap.local_costmap]: Timed out waiting for transform from base_link to odom to become available, tf error: Invalid frame ID "odom" passed to canTransform argument target_frame - frame does not exist
[controller_server-4] [INFO] [1789405666.644470964] [local_costmap.local_costmap]: Timed out waiting for transform from base_link to odom to become available, tf error: Invalid frame ID "odom" passed to canTransform argument target_frame - frame does not exist
[controller_server-4] [INFO] [1789405667.144473849] [local_costmap.local_costmap]: Timed out waiting for transform from base_link to odom to become available, tf error: Invalid frame ID "odom" passed to canTransform argument target_frame - frame does not exist
[controller_server-4] [INFO] [1789405667.644472861] [local_costmap.local_costmap]: Timed out waiting for transform from base_link to odom to become available, tf error: Invalid frame ID "odom" passed to canTransform argument target_frame - frame does not exist
[controller_server-4] [INFO] [1789405668.144468780] [local_costmap.local_costmap]: Timed out waiting for transform from base_link to odom to become available, tf error: Invalid frame ID "odom" passed to canTransform argument target_frame - frame does not exist
[controller_server-4] [INFO] [1789405668.644471641] [local_costmap.local_costmap]: Timed out waiting for transform from base_link to odom to become available, tf error: Invalid frame ID "odom" passed to canTransform argument target_frame - frame does not exist
[controller_server-4] [INFO] [1789405669.144471503] [local_costmap.local_costmap]: Timed out waiting for transform from base_link to odom to become available, tf error: Invalid frame ID "odom" passed to canTransform argument target_frame - frame does not exist
[controller_server-4] [INFO] [1789405669.644455269] [local_costmap.local_costmap]: Timed out waiting for transform from base_link to odom to become available, tf error: Invalid frame ID "odom" passed to canTransform argument target_frame - frame does not exist
[controller_server-4] [INFO] [1789405670.144478680] [local_costmap.local_costmap]: Timed out waiting for transform from base_link to odom to become available, tf error: Invalid frame ID "odom" passed to canTransform argument target_frame - frame does not exist
[controller_server-4] [INFO] [1789405670.644469868] [local_costmap.local_costmap]: Timed out waiting for transform from base_link to odom to become available, tf error: Invalid frame ID "odom" passed to canTransform argument target_frame - frame does not exist
[controller_server-4] [INFO] [1789405671.144469935] [local_costmap.local_costmap]: Timed out waiting for transform from base_link to odom to become available, tf error: Invalid frame ID "odom" passed to canTransform argument target_frame - frame does not exist
[controller_server-4] [INFO] [1789405671.644470173] [local_costmap.local_costmap]: Timed out waiting for transform from base_link to odom to become available, tf error: Invalid frame ID "odom" passed to canTransform argument target_frame - frame does not exist
[controller_server-4] [INFO] [1789405672.144489255] [local_costmap.local_costmap]: Timed out waiting for transform from base_link to odom to become available, tf error: Invalid frame ID "odom" passed to canTransform argument target_frame - frame does not exist
[controller_server-4] [INFO] [1789405672.644470383] [local_costmap.local_costmap]: Timed out waiting for transform from base_link to odom to become available, tf error: Invalid frame ID "odom" passed to canTransform argument target_frame - frame does not exist
[controller_server-4] [INFO] [1789405673.144469531] [local_costmap.local_costmap]: Timed out waiting for transform from base_link to odom to become available, tf error: Invalid frame ID "odom" passed to canTransform argument target_frame - frame does not exist
[controller_server-4] [INFO] [1789405673.644471491] [local_costmap.local_costmap]: Timed out waiting for transform from base_link to odom to become available, tf error: Invalid frame ID "odom" passed to canTransform argument target_frame - frame does not exist
[controller_server-4] [INFO] [1789405674.144470459] [local_costmap.local_costmap]: Timed out waiting for transform from base_link to odom to become available, tf error: Invalid frame ID "odom" passed to canTransform argument target_frame - frame does not exist
[controller_server-4] [INFO] [1789405674.644471925] [local_costmap.local_costmap]: Timed out waiting for transform from base_link to odom to become available, tf error: Invalid frame ID "odom" passed to canTransform argument target_frame - frame does not exist
[controller_server-4] [INFO] [1789405675.144472868] [local_costmap.local_costmap]: Timed out waiting for transform from base_link to odom to become available, tf error: Invalid frame ID "odom" passed to canTransform argument target_frame - frame does not exist
[controller_server-4] [INFO] [1789405675.644483720] [local_costmap.local_costmap]: Timed out waiting for transform from base_link to odom to become available, tf error: Invalid frame ID "odom" passed to canTransform argument target_frame - frame does not exist
[controller_server-4] [INFO] [1789405676.144471284] [local_costmap.local_costmap]: Timed out waiting for transform from base_link to odom to become available, tf error: Invalid frame ID "odom" passed to canTransform argument target_frame - frame does not exist
[controller_server-4] [INFO] [1789405676.644475621] [local_costmap.local_costmap]: Timed out waiting for transform from base_link to odom to become available, tf error: Invalid frame ID "odom" passed to canTransform argument target_frame - frame does not exist
[controller_server-4] [INFO] [1789405677.144473246] [local_costmap.local_costmap]: Timed out waiting for transform from base_link to odom to become available, tf error: Invalid frame ID "odom" passed to canTransform argument target_frame - frame does not exist
[controller_server-4] [INFO] [1789405677.644471663] [local_costmap.local_costmap]: Timed out waiting for transform from base_link to odom to become available, tf error: Invalid frame ID "odom" passed to canTransform argument target_frame - frame does not exist
[controller_server-4] [INFO] [1789405678.144472011] [local_costmap.local_costmap]: Timed out waiting for transform from base_link to odom to become available, tf error: Invalid frame ID "odom" passed to canTransform argument target_frame - frame does not exist
[controller_server-4] [INFO] [1789405678.644471818] [local_costmap.local_costmap]: Timed out waiting for transform from base_link to odom to become available, tf error: Invalid frame ID "odom" passed to canTransform argument target_frame - frame does not exist
[controller_server-4] [INFO] [1789405679.144470092] [local_costmap.local_costmap]: Timed out waiting for transform from base_link to odom to become available, tf error: Invalid frame ID "odom" passed to canTransform argument target_frame - frame does not exist
[controller_server-4] [INFO] [1789405679.644474760] [local_costmap.local_costmap]: Timed out waiting for transform from base_link to odom to become available, tf error: Invalid frame ID "odom" passed to canTransform argument target_frame - frame does not exist
[controller_server-4] [INFO] [1789405680.145107499] [local_costmap.local_costmap]: start
[controller_server-4] [INFO] [1789405680.296218312] [controller_server]: Activating controller: RepairPath of type regulated_pure_pursuit_controller::RegulatedPurePursuitController
[controller_server-4] [INFO] [1789405680.296288519] [controller_server]: Activating controller: CleanPath of type regulated_pure_pursuit_controller::RegulatedPurePursuitController
[controller_server-4] [INFO] [1789405680.296309542] [controller_server]: Activating controller: FollowPath of type regulated_pure_pursuit_controller::RegulatedPurePursuitController
[controller_server-4] [INFO] [1789405680.296346646] [controller_server]: Creating bond (controller_server) to lifecycle manager.
[amcl-2] [INFO] [1789405680.355981029] [amcl]: createLaserObject
[lifecycle_manager-14] [INFO] [1789405680.431359886] [lifecycle_manager_navigation]: Server controller_server connected with bond.
[lifecycle_manager-14] [INFO] [1789405680.431439212] [lifecycle_manager_navigation]: [34m[1mActivating smoother_server[0m[0m
[smoother_server-5] [INFO] [1789405680.432235355] [smoother_server]: Activating
[smoother_server-5] [INFO] [1789405680.432328410] [smoother_server]: Creating bond (smoother_server) to lifecycle manager.
[lifecycle_manager-14] [INFO] [1789405680.552015833] [lifecycle_manager_navigation]: Server smoother_server connected with bond.
[lifecycle_manager-14] [INFO] [1789405680.552098687] [lifecycle_manager_navigation]: [34m[1mActivating planner_server[0m[0m
[planner_server-6] [INFO] [1789405680.552910083] [planner_server]: Activating
[planner_server-6] [INFO] [1789405680.553002014] [global_costmap.global_costmap]: Activating
[planner_server-6] [INFO] [1789405680.553034484] [global_costmap.global_costmap]: Checking transform
[planner_server-6] [INFO] [1789405680.553127877] [global_costmap.global_costmap]: Timed out waiting for transform from base_link to map to become available, tf error: Invalid frame ID "map" passed to canTransform argument target_frame - frame does not exist
[planner_server-6] [INFO] [1789405681.053196756] [global_costmap.global_costmap]: Timed out waiting for transform from base_link to map to become available, tf error: Invalid frame ID "map" passed to canTransform argument target_frame - frame does not exist
[planner_server-6] [INFO] [1789405681.553169372] [global_costmap.global_costmap]: Timed out waiting for transform from base_link to map to become available, tf error: Invalid frame ID "map" passed to canTransform argument target_frame - frame does not exist
[planner_server-6] [INFO] [1789405682.053167504] [global_costmap.global_costmap]: Timed out waiting for transform from base_link to map to become available, tf error: Invalid frame ID "map" passed to canTransform argument target_frame - frame does not exist
[planner_server-6] [INFO] [1789405682.553155069] [global_costmap.global_costmap]: Timed out waiting for transform from base_link to map to become available, tf error: Invalid frame ID "map" passed to canTransform argument target_frame - frame does not exist
[planner_server-6] [INFO] [1789405683.053170761] [global_costmap.global_costmap]: Timed out waiting for transform from base_link to map to become available, tf error: Invalid frame ID "map" passed to canTransform argument target_frame - frame does not exist
[planner_server-6] [INFO] [1789405683.553170458] [global_costmap.global_costmap]: Timed out waiting for transform from base_link to map to become available, tf error: Invalid frame ID "map" passed to canTransform argument target_frame - frame does not exist
[planner_server-6] [INFO] [1789405684.053170402] [global_costmap.global_costmap]: Timed out waiting for transform from base_link to map to become available, tf error: Invalid frame ID "map" passed to canTransform argument target_frame - frame does not exist
[planner_server-6] [INFO] [1789405684.553168522] [global_costmap.global_costmap]: Timed out waiting for transform from base_link to map to become available, tf error: Invalid frame ID "map" passed to canTransform argument target_frame - frame does not exist
[planner_server-6] [INFO] [1789405685.053163976] [global_costmap.global_costmap]: Timed out waiting for transform from base_link to map to become available, tf error: Invalid frame ID "map" passed to canTransform argument target_frame - frame does not exist
[planner_server-6] [INFO] [1789405685.553172409] [global_costmap.global_costmap]: Timed out waiting for transform from base_link to map to become available, tf error: Invalid frame ID "map" passed to canTransform argument target_frame - frame does not exist
[planner_server-6] [INFO] [1789405686.053168645] [global_costmap.global_costmap]: Timed out waiting for transform from base_link to map to become available, tf error: Invalid frame ID "map" passed to canTransform argument target_frame - frame does not exist
[planner_server-6] [INFO] [1789405686.553168572] [global_costmap.global_costmap]: Timed out waiting for transform from base_link to map to become available, tf error: Invalid frame ID "map" passed to canTransform argument target_frame - frame does not exist
[planner_server-6] [INFO] [1789405687.053171687] [global_costmap.global_costmap]: Timed out waiting for transform from base_link to map to become available, tf error: Invalid frame ID "map" passed to canTransform argument target_frame - frame does not exist
[planner_server-6] [INFO] [1789405687.553169699] [global_costmap.global_costmap]: Timed out waiting for transform from base_link to map to become available, tf error: Invalid frame ID "map" passed to canTransform argument target_frame - frame does not exist
[planner_server-6] [INFO] [1789405688.053170190] [global_costmap.global_costmap]: Timed out waiting for transform from base_link to map to become available, tf error: Invalid frame ID "map" passed to canTransform argument target_frame - frame does not exist
[planner_server-6] [INFO] [1789405688.553155157] [global_costmap.global_costmap]: Timed out waiting for transform from base_link to map to become available, tf error: Invalid frame ID "map" passed to canTransform argument target_frame - frame does not exist
[planner_server-6] [INFO] [1789405689.053158405] [global_costmap.global_costmap]: Timed out waiting for transform from base_link to map to become available, tf error: Invalid frame ID "map" passed to canTransform argument target_frame - frame does not exist
[planner_server-6] [INFO] [1789405689.553174933] [global_costmap.global_costmap]: Timed out waiting for transform from base_link to map to become available, tf error: Invalid frame ID "map" passed to canTransform argument target_frame - frame does not exist
[planner_server-6] [INFO] [1789405690.053153843] [global_costmap.global_costmap]: Timed out waiting for transform from base_link to map to become available, tf error: Invalid frame ID "map" passed to canTransform argument target_frame - frame does not exist
[planner_server-6] [INFO] [1789405690.553171234] [global_costmap.global_costmap]: Timed out waiting for transform from base_link to map to become available, tf error: Invalid frame ID "map" passed to canTransform argument target_frame - frame does not exist
[planner_server-6] [INFO] [1789405691.053160232] [global_costmap.global_costmap]: Timed out waiting for transform from base_link to map to become available, tf error: Invalid frame ID "map" passed to canTransform argument target_frame - frame does not exist
[planner_server-6] [INFO] [1789405691.553173051] [global_costmap.global_costmap]: Timed out waiting for transform from base_link to map to become available, tf error: Invalid frame ID "map" passed to canTransform argument target_frame - frame does not exist
[planner_server-6] [INFO] [1789405692.053171790] [global_costmap.global_costmap]: Timed out waiting for transform from base_link to map to become available, tf error: Invalid frame ID "map" passed to canTransform argument target_frame - frame does not exist
[planner_server-6] [INFO] [1789405692.553163646] [global_costmap.global_costmap]: Timed out waiting for transform from base_link to map to become available, tf error: Invalid frame ID "map" passed to canTransform argument target_frame - frame does not exist
[planner_server-6] [INFO] [1789405693.053173881] [global_costmap.global_costmap]: Timed out waiting for transform from base_link to map to become available, tf error: Invalid frame ID "map" passed to canTransform argument target_frame - frame does not exist
[planner_server-6] [INFO] [1789405693.553175706] [global_costmap.global_costmap]: Timed out waiting for transform from base_link to map to become available, tf error: Invalid frame ID "map" passed to canTransform argument target_frame - frame does not exist
[planner_server-6] [INFO] [1789405694.053163166] [global_costmap.global_costmap]: Timed out waiting for transform from base_link to map to become available, tf error: Invalid frame ID "map" passed to canTransform argument target_frame - frame does not exist
[planner_server-6] [INFO] [1789405694.553170587] [global_costmap.global_costmap]: Timed out waiting for transform from base_link to map to become available, tf error: Invalid frame ID "map" passed to canTransform argument target_frame - frame does not exist
[planner_server-6] [INFO] [1789405695.053172535] [global_costmap.global_costmap]: Timed out waiting for transform from base_link to map to become available, tf error: Invalid frame ID "map" passed to canTransform argument target_frame - frame does not exist
[planner_server-6] [INFO] [1789405695.553174670] [global_costmap.global_costmap]: Timed out waiting for transform from base_link to map to become available, tf error: Invalid frame ID "map" passed to canTransform argument target_frame - frame does not exist
[planner_server-6] [INFO] [1789405696.053170292] [global_costmap.global_costmap]: Timed out waiting for transform from base_link to map to become available, tf error: Invalid frame ID "map" passed to canTransform argument target_frame - frame does not exist
[planner_server-6] [INFO] [1789405696.553184669] [global_costmap.global_costmap]: Timed out waiting for transform from base_link to map to become available, tf error: Invalid frame ID "map" passed to canTransform argument target_frame - frame does not exist
[planner_server-6] [INFO] [1789405697.053175122] [global_costmap.global_costmap]: Timed out waiting for transform from base_link to map to become available, tf error: Invalid frame ID "map" passed to canTransform argument target_frame - frame does not exist
[planner_server-6] [INFO] [1789405697.553164188] [global_costmap.global_costmap]: Timed out waiting for transform from base_link to map to become available, tf error: Invalid frame ID "map" passed to canTransform argument target_frame - frame does not exist
[planner_server-6] [INFO] [1789405698.053200937] [global_costmap.global_costmap]: Timed out waiting for transform from base_link to map to become available, tf error: Invalid frame ID "map" passed to canTransform argument target_frame - frame does not exist
[planner_server-6] [INFO] [1789405698.553166355] [global_costmap.global_costmap]: Timed out waiting for transform from base_link to map to become available, tf error: Invalid frame ID "map" passed to canTransform argument target_frame - frame does not exist
[planner_server-6] [INFO] [1789405699.053169485] [global_costmap.global_costmap]: Timed out waiting for transform from base_link to map to become available, tf error: Invalid frame ID "map" passed to canTransform argument target_frame - frame does not exist
[planner_server-6] [INFO] [1789405699.553154266] [global_costmap.global_costmap]: Timed out waiting for transform from base_link to map to become available, tf error: Invalid frame ID "map" passed to canTransform argument target_frame - frame does not exist
[planner_server-6] [INFO] [1789405700.053165742] [global_costmap.global_costmap]: Timed out waiting for transform from base_link to map to become available, tf error: Invalid frame ID "map" passed to canTransform argument target_frame - frame does not exist
[planner_server-6] [INFO] [1789405700.553151152] [global_costmap.global_costmap]: Timed out waiting for transform from base_link to map to become available, tf error: Invalid frame ID "map" passed to canTransform argument target_frame - frame does not exist
[planner_server-6] [INFO] [1789405701.053167781] [global_costmap.global_costmap]: Timed out waiting for transform from base_link to map to become available, tf error: Invalid frame ID "map" passed to canTransform argument target_frame - frame does not exist
[planner_server-6] [INFO] [1789405701.553166620] [global_costmap.global_costmap]: Timed out waiting for transform from base_link to map to become available, tf error: Invalid frame ID "map" passed to canTransform argument target_frame - frame does not exist
[planner_server-6] [INFO] [1789405702.053168939] [global_costmap.global_costmap]: Timed out waiting for transform from base_link to map to become available, tf error: Invalid frame ID "map" passed to canTransform argument target_frame - frame does not exist
[planner_server-6] [INFO] [1789405702.553157592] [global_costmap.global_costmap]: Timed out waiting for transform from base_link to map to become available, tf error: Invalid frame ID "map" passed to canTransform argument target_frame - frame does not exist
[planner_server-6] [INFO] [1789405703.053157598] [global_costmap.global_costmap]: Timed out waiting for transform from base_link to map to become available, tf error: Invalid frame ID "map" passed to canTransform argument target_frame - frame does not exist
[planner_server-6] [INFO] [1789405703.553168910] [global_costmap.global_costmap]: Timed out waiting for transform from base_link to map to become available, tf error: Invalid frame ID "map" passed to canTransform argument target_frame - frame does not exist
[planner_server-6] [INFO] [1789405704.053151834] [global_costmap.global_costmap]: Timed out waiting for transform from base_link to map to become available, tf error: Invalid frame ID "map" passed to canTransform argument target_frame - frame does not exist
[planner_server-6] [INFO] [1789405704.553175372] [global_costmap.global_costmap]: Timed out waiting for transform from base_link to map to become available, tf error: Invalid frame ID "map" passed to canTransform argument target_frame - frame does not exist
[planner_server-6] [INFO] [1789405705.053169196] [global_costmap.global_costmap]: Timed out waiting for transform from base_link to map to become available, tf error: Invalid frame ID "map" passed to canTransform argument target_frame - frame does not exist
[planner_server-6] [INFO] [1789405705.553169987] [global_costmap.global_costmap]: Timed out waiting for transform from base_link to map to become available, tf error: Invalid frame ID "map" passed to canTransform argument target_frame - frame does not exist
[planner_server-6] [INFO] [1789405706.053168514] [global_costmap.global_costmap]: Timed out waiting for transform from base_link to map to become available, tf error: Invalid frame ID "map" passed to canTransform argument target_frame - frame does not exist
[planner_server-6] [INFO] [1789405706.553167478] [global_costmap.global_costmap]: Timed out waiting for transform from base_link to map to become available, tf error: Invalid frame ID "map" passed to canTransform argument target_frame - frame does not exist
[planner_server-6] [INFO] [1789405707.053168157] [global_costmap.global_costmap]: Timed out waiting for transform from base_link to map to become available, tf error: Invalid frame ID "map" passed to canTransform argument target_frame - frame does not exist
[planner_server-6] [INFO] [1789405707.553159395] [global_costmap.global_costmap]: Timed out waiting for transform from base_link to map to become available, tf error: Invalid frame ID "map" passed to canTransform argument target_frame - frame does not exist
[planner_server-6] [INFO] [1789405708.053150949] [global_costmap.global_costmap]: Timed out waiting for transform from base_link to map to become available, tf error: Invalid frame ID "map" passed to canTransform argument target_frame - frame does not exist
[planner_server-6] [INFO] [1789405708.553151886] [global_costmap.global_costmap]: Timed out waiting for transform from base_link to map to become available, tf error: Invalid frame ID "map" passed to canTransform argument target_frame - frame does not exist
[planner_server-6] [INFO] [1789405709.053153285] [global_costmap.global_costmap]: Timed out waiting for transform from base_link to map to become available, tf error: Invalid frame ID "map" passed to canTransform argument target_frame - frame does not exist
[planner_server-6] [INFO] [1789405709.553165418] [global_costmap.global_costmap]: Timed out waiting for transform from base_link to map to become available, tf error: Invalid frame ID "map" passed to canTransform argument target_frame - frame does not exist
[planner_server-6] [INFO] [1789405710.053158699] [global_costmap.global_costmap]: Timed out waiting for transform from base_link to map to become available, tf error: Invalid frame ID "map" passed to canTransform argument target_frame - frame does not exist
[planner_server-6] [INFO] [1789405710.553164925] [global_costmap.global_costmap]: Timed out waiting for transform from base_link to map to become available, tf error: Invalid frame ID "map" passed to canTransform argument target_frame - frame does not exist
[planner_server-6] [INFO] [1789405711.053167997] [global_costmap.global_costmap]: Timed out waiting for transform from base_link to map to become available, tf error: Invalid frame ID "map" passed to canTransform argument target_frame - frame does not exist
[planner_server-6] [INFO] [1789405711.553165751] [global_costmap.global_costmap]: Timed out waiting for transform from base_link to map to become available, tf error: Invalid frame ID "map" passed to canTransform argument target_frame - frame does not exist
[planner_server-6] [INFO] [1789405712.053155209] [global_costmap.global_costmap]: Timed out waiting for transform from base_link to map to become available, tf error: Invalid frame ID "map" passed to canTransform argument target_frame - frame does not exist
[planner_server-6] [INFO] [1789405712.553176583] [global_costmap.global_costmap]: Timed out waiting for transform from base_link to map to become available, tf error: Invalid frame ID "map" passed to canTransform argument target_frame - frame does not exist
[planner_server-6] [INFO] [1789405713.053159141] [global_costmap.global_costmap]: Timed out waiting for transform from base_link to map to become available, tf error: Invalid frame ID "map" passed to canTransform argument target_frame - frame does not exist
[planner_server-6] [INFO] [1789405713.553166709] [global_costmap.global_costmap]: Timed out waiting for transform from base_link to map to become available, tf error: Invalid frame ID "map" passed to canTransform argument target_frame - frame does not exist
[planner_server-6] [INFO] [1789405714.053177700] [global_costmap.global_costmap]: Timed out waiting for transform from base_link to map to become available, tf error: Invalid frame ID "map" passed to canTransform argument target_frame - frame does not exist
[planner_server-6] [INFO] [1789405714.553165612] [global_costmap.global_costmap]: Timed out waiting for transform from base_link to map to become available, tf error: Invalid frame ID "map" passed to canTransform argument target_frame - frame does not exist
[planner_server-6] [INFO] [1789405715.053157087] [global_costmap.global_costmap]: Timed out waiting for transform from base_link to map to become available, tf error: Invalid frame ID "map" passed to canTransform argument target_frame - frame does not exist
[planner_server-6] [INFO] [1789405715.553165756] [global_costmap.global_costmap]: Timed out waiting for transform from base_link to map to become available, tf error: Invalid frame ID "map" passed to canTransform argument target_frame - frame does not exist
[planner_server-6] [INFO] [1789405716.053172454] [global_costmap.global_costmap]: Timed out waiting for transform from base_link to map to become available, tf error: Invalid frame ID "map" passed to canTransform argument target_frame - frame does not exist
[planner_server-6] [INFO] [1789405716.553169761] [global_costmap.global_costmap]: Timed out waiting for transform from base_link to map to become available, tf error: Invalid frame ID "map" passed to canTransform argument target_frame - frame does not exist
[planner_server-6] [INFO] [1789405717.053160455] [global_costmap.global_costmap]: Timed out waiting for transform from base_link to map to become available, tf error: Invalid frame ID "map" passed to canTransform argument target_frame - frame does not exist
[planner_server-6] [INFO] [1789405717.553160738] [global_costmap.global_costmap]: Timed out waiting for transform from base_link to map to become available, tf error: Invalid frame ID "map" passed to canTransform argument target_frame - frame does not exist
[planner_server-6] [INFO] [1789405718.053166492] [global_costmap.global_costmap]: Timed out waiting for transform from base_link to map to become available, tf error: Invalid frame ID "map" passed to canTransform argument target_frame - frame does not exist
[planner_server-6] [INFO] [1789405718.553150876] [global_costmap.global_costmap]: Timed out waiting for transform from base_link to map to become available, tf error: Invalid frame ID "map" passed to canTransform argument target_frame - frame does not exist
[planner_server-6] [INFO] [1789405719.053150825] [global_costmap.global_costmap]: Timed out waiting for transform from base_link to map to become available, tf error: Invalid frame ID "map" passed to canTransform argument target_frame - frame does not exist
[planner_server-6] [INFO] [1789405719.553236558] [global_costmap.global_costmap]: Timed out waiting for transform from base_link to map to become available, tf error: Invalid frame ID "map" passed to canTransform argument target_frame - frame does not exist
[planner_server-6] [INFO] [1789405720.053154784] [global_costmap.global_costmap]: Timed out waiting for transform from base_link to map to become available, tf error: Invalid frame ID "map" passed to canTransform argument target_frame - frame does not exist
[planner_server-6] [INFO] [1789405720.553209950] [global_costmap.global_costmap]: Timed out waiting for transform from base_link to map to become available, tf error: Invalid frame ID "map" passed to canTransform argument target_frame - frame does not exist
[planner_server-6] [INFO] [1789405721.053125309] [global_costmap.global_costmap]: Timed out waiting for transform from base_link to map to become available, tf error: Invalid frame ID "map" passed to canTransform argument target_frame - frame does not exist
[planner_server-6] [INFO] [1789405721.553135997] [global_costmap.global_costmap]: Timed out waiting for transform from base_link to map to become available, tf error: Invalid frame ID "map" passed to canTransform argument target_frame - frame does not exist
[planner_server-6] [INFO] [1789405722.053138349] [global_costmap.global_costmap]: Timed out waiting for transform from base_link to map to become available, tf error: Invalid frame ID "map" passed to canTransform argument target_frame - frame does not exist
[planner_server-6] [INFO] [1789405722.553124522] [global_costmap.global_costmap]: Timed out waiting for transform from base_link to map to become available, tf error: Invalid frame ID "map" passed to canTransform argument target_frame - frame does not exist
[planner_server-6] [INFO] [1789405723.053172009] [global_costmap.global_costmap]: Timed out waiting for transform from base_link to map to become available, tf error: Invalid frame ID "map" passed to canTransform argument target_frame - frame does not exist
[planner_server-6] [INFO] [1789405723.553136562] [global_costmap.global_costmap]: Timed out waiting for transform from base_link to map to become available, tf error: Invalid frame ID "map" passed to canTransform argument target_frame - frame does not exist
[planner_server-6] [INFO] [1789405724.053150834] [global_costmap.global_costmap]: Timed out waiting for transform from base_link to map to become available, tf error: Invalid frame ID "map" passed to canTransform argument target_frame - frame does not exist
[planner_server-6] [INFO] [1789405724.553145162] [global_costmap.global_costmap]: Timed out waiting for transform from base_link to map to become available, tf error: Invalid frame ID "map" passed to canTransform argument target_frame - frame does not exist
[planner_server-6] [INFO] [1789405725.053143718] [global_costmap.global_costmap]: Timed out waiting for transform from base_link to map to become available, tf error: Invalid frame ID "map" passed to canTransform argument target_frame - frame does not exist
[planner_server-6] [INFO] [1789405725.553145707] [global_costmap.global_costmap]: Timed out waiting for transform from base_link to map to become available, tf error: Invalid frame ID "map" passed to canTransform argument target_frame - frame does not exist
[planner_server-6] [INFO] [1789405726.053155504] [global_costmap.global_costmap]: Timed out waiting for transform from base_link to map to become available, tf error: Invalid frame ID "map" passed to canTransform argument target_frame - frame does not exist
[planner_server-6] [INFO] [1789405726.553155137] [global_costmap.global_costmap]: Timed out waiting for transform from base_link to map to become available, tf error: Invalid frame ID "map" passed to canTransform argument target_frame - frame does not exist
[planner_server-6] [INFO] [1789405727.053154782] [global_costmap.global_costmap]: Timed out waiting for transform from base_link to map to become available, tf error: Invalid frame ID "map" passed to canTransform argument target_frame - frame does not exist
[planner_server-6] [INFO] [1789405727.553149052] [global_costmap.global_costmap]: Timed out waiting for transform from base_link to map to become available, tf error: Invalid frame ID "map" passed to canTransform argument target_frame - frame does not exist
[planner_server-6] [INFO] [1789405728.053154925] [global_costmap.global_costmap]: Timed out waiting for transform from base_link to map to become available, tf error: Invalid frame ID "map" passed to canTransform argument target_frame - frame does not exist
[planner_server-6] [INFO] [1789405728.553153497] [global_costmap.global_costmap]: Timed out waiting for transform from base_link to map to become available, tf error: Invalid frame ID "map" passed to canTransform argument target_frame - frame does not exist
[planner_server-6] [INFO] [1789405729.053157996] [global_costmap.global_costmap]: Timed out waiting for transform from base_link to map to become available, tf error: Invalid frame ID "map" passed to canTransform argument target_frame - frame does not exist
[planner_server-6] [INFO] [1789405729.553159204] [global_costmap.global_costmap]: Timed out waiting for transform from base_link to map to become available, tf error: Invalid frame ID "map" passed to canTransform argument target_frame - frame does not exist
[planner_server-6] [INFO] [1789405730.053156878] [global_costmap.global_costmap]: Timed out waiting for transform from base_link to map to become available, tf error: Invalid frame ID "map" passed to canTransform argument target_frame - frame does not exist
[planner_server-6] [INFO] [1789405730.553153561] [global_costmap.global_costmap]: Timed out waiting for transform from base_link to map to become available, tf error: Invalid frame ID "map" passed to canTransform argument target_frame - frame does not exist
[planner_server-6] [INFO] [1789405731.053169399] [global_costmap.global_costmap]: Timed out waiting for transform from base_link to map to become available, tf error: Invalid frame ID "map" passed to canTransform argument target_frame - frame does not exist
[planner_server-6] [INFO] [1789405731.553155969] [global_costmap.global_costmap]: Timed out waiting for transform from base_link to map to become available, tf error: Invalid frame ID "map" passed to canTransform argument target_frame - frame does not exist
[planner_server-6] [INFO] [1789405732.053151464] [global_costmap.global_costmap]: Timed out waiting for transform from base_link to map to become available, tf error: Invalid frame ID "map" passed to canTransform argument target_frame - frame does not exist
[planner_server-6] [INFO] [1789405732.553145100] [global_costmap.global_costmap]: Timed out waiting for transform from base_link to map to become available, tf error: Invalid frame ID "map" passed to canTransform argument target_frame - frame does not exist
[planner_server-6] [INFO] [1789405733.053162032] [global_costmap.global_costmap]: Timed out waiting for transform from base_link to map to become available, tf error: Invalid frame ID "map" passed to canTransform argument target_frame - frame does not exist
[planner_server-6] [INFO] [1789405733.553161034] [global_costmap.global_costmap]: Timed out waiting for transform from base_link to map to become available, tf error: Invalid frame ID "map" passed to canTransform argument target_frame - frame does not exist
[planner_server-6] [INFO] [1789405734.053163790] [global_costmap.global_costmap]: Timed out waiting for transform from base_link to map to become available, tf error: Invalid frame ID "map" passed to canTransform argument target_frame - frame does not exist
[planner_server-6] [INFO] [1789405734.553114922] [global_costmap.global_costmap]: Timed out waiting for transform from base_link to map to become available, tf error: Invalid frame ID "map" passed to canTransform argument target_frame - frame does not exist
[planner_server-6] [INFO] [1789405735.053145608] [global_costmap.global_costmap]: Timed out waiting for transform from base_link to map to become available, tf error: Invalid frame ID "map" passed to canTransform argument target_frame - frame does not exist
[planner_server-6] [INFO] [1789405735.553163303] [global_costmap.global_costmap]: Timed out waiting for transform from base_link to map to become available, tf error: Invalid frame ID "map" passed to canTransform argument target_frame - frame does not exist
[planner_server-6] [INFO] [1789405736.053162507] [global_costmap.global_costmap]: Timed out waiting for transform from base_link to map to become available, tf error: Invalid frame ID "map" passed to canTransform argument target_frame - frame does not exist
[planner_server-6] [INFO] [1789405736.553151246] [global_costmap.global_costmap]: Timed out waiting for transform from base_link to map to become available, tf error: Invalid frame ID "map" passed to canTransform argument target_frame - frame does not exist
[planner_server-6] [INFO] [1789405737.053152801] [global_costmap.global_costmap]: Timed out waiting for transform from base_link to map to become available, tf error: Invalid frame ID "map" passed to canTransform argument target_frame - frame does not exist
[planner_server-6] [INFO] [1789405737.553154655] [global_costmap.global_costmap]: Timed out waiting for transform from base_link to map to become available, tf error: Invalid frame ID "map" passed to canTransform argument target_frame - frame does not exist
[planner_server-6] [INFO] [1789405738.053159461] [global_costmap.global_costmap]: Timed out waiting for transform from base_link to map to become available, tf error: Invalid frame ID "map" passed to canTransform argument target_frame - frame does not exist
[planner_server-6] [INFO] [1789405738.553162288] [global_costmap.global_costmap]: Timed out waiting for transform from base_link to map to become available, tf error: Invalid frame ID "map" passed to canTransform argument target_frame - frame does not exist
[planner_server-6] [INFO] [1789405739.053152576] [global_costmap.global_costmap]: Timed out waiting for transform from base_link to map to become available, tf error: Invalid frame ID "map" passed to canTransform argument target_frame - frame does not exist
[planner_server-6] [INFO] [1789405739.553163319] [global_costmap.global_costmap]: Timed out waiting for transform from base_link to map to become available, tf error: Invalid frame ID "map" passed to canTransform argument target_frame - frame does not exist
[planner_server-6] [INFO] [1789405740.053166053] [global_costmap.global_costmap]: Timed out waiting for transform from base_link to map to become available, tf error: Invalid frame ID "map" passed to canTransform argument target_frame - frame does not exist
[planner_server-6] [INFO] [1789405740.553161590] [global_costmap.global_costmap]: Timed out waiting for transform from base_link to map to become available, tf error: Invalid frame ID "map" passed to canTransform argument target_frame - frame does not exist
[planner_server-6] [INFO] [1789405741.053165015] [global_costmap.global_costmap]: Timed out waiting for transform from base_link to map to become available, tf error: Invalid frame ID "map" passed to canTransform argument target_frame - frame does not exist
[planner_server-6] [INFO] [1789405741.553162665] [global_costmap.global_costmap]: Timed out waiting for transform from base_link to map to become available, tf error: Invalid frame ID "map" passed to canTransform argument target_frame - frame does not exist
[planner_server-6] [INFO] [1789405742.053162268] [global_costmap.global_costmap]: Timed out waiting for transform from base_link to map to become available, tf error: Invalid frame ID "map" passed to canTransform argument target_frame - frame does not exist
[planner_server-6] [INFO] [1789405742.553165143] [global_costmap.global_costmap]: Timed out waiting for transform from base_link to map to become available, tf error: Invalid frame ID "map" passed to canTransform argument target_frame - frame does not exist
[planner_server-6] [INFO] [1789405743.053170250] [global_costmap.global_costmap]: Timed out waiting for transform from base_link to map to become available, tf error: Invalid frame ID "map" passed to canTransform argument target_frame - frame does not exist
[planner_server-6] [INFO] [1789405743.553156902] [global_costmap.global_costmap]: Timed out waiting for transform from base_link to map to become available, tf error: Invalid frame ID "map" passed to canTransform argument target_frame - frame does not exist
[planner_server-6] [INFO] [1789405744.053168136] [global_costmap.global_costmap]: Timed out waiting for transform from base_link to map to become available, tf error: Invalid frame ID "map" passed to canTransform argument target_frame - frame does not exist
[planner_server-6] [INFO] [1789405744.553166291] [global_costmap.global_costmap]: Timed out waiting for transform from base_link to map to become available, tf error: Invalid frame ID "map" passed to canTransform argument target_frame - frame does not exist
[planner_server-6] [INFO] [1789405745.053160957] [global_costmap.global_costmap]: Timed out waiting for transform from base_link to map to become available, tf error: Invalid frame ID "map" passed to canTransform argument target_frame - frame does not exist
[planner_server-6] [INFO] [1789405745.553172460] [global_costmap.global_costmap]: Timed out waiting for transform from base_link to map to become available, tf error: Invalid frame ID "map" passed to canTransform argument target_frame - frame does not exist
[planner_server-6] [INFO] [1789405746.053159301] [global_costmap.global_costmap]: Timed out waiting for transform from base_link to map to become available, tf error: Invalid frame ID "map" passed to canTransform argument target_frame - frame does not exist
[planner_server-6] [INFO] [1789405746.553173552] [global_costmap.global_costmap]: Timed out waiting for transform from base_link to map to become available, tf error: Invalid frame ID "map" passed to canTransform argument target_frame - frame does not exist
[planner_server-6] [INFO] [1789405747.053156376] [global_costmap.global_costmap]: Timed out waiting for transform from base_link to map to become available, tf error: Invalid frame ID "map" passed to canTransform argument target_frame - frame does not exist
[planner_server-6] [INFO] [1789405747.553166620] [global_costmap.global_costmap]: Timed out waiting for transform from base_link to map to become available, tf error: Invalid frame ID "map" passed to canTransform argument target_frame - frame does not exist
[planner_server-6] [INFO] [1789405748.053156813] [global_costmap.global_costmap]: Timed out waiting for transform from base_link to map to become available, tf error: Invalid frame ID "map" passed to canTransform argument target_frame - frame does not exist
[planner_server-6] [INFO] [1789405748.553159359] [global_costmap.global_costmap]: Timed out waiting for transform from base_link to map to become available, tf error: Invalid frame ID "map" passed to canTransform argument target_frame - frame does not exist
[planner_server-6] [INFO] [1789405749.053163996] [global_costmap.global_costmap]: Timed out waiting for transform from base_link to map to become available, tf error: Invalid frame ID "map" passed to canTransform argument target_frame - frame does not exist
[planner_server-6] [INFO] [1789405749.553165834] [global_costmap.global_costmap]: Timed out waiting for transform from base_link to map to become available, tf error: Invalid frame ID "map" passed to canTransform argument target_frame - frame does not exist
[planner_server-6] [INFO] [1789405750.053148281] [global_costmap.global_costmap]: Timed out waiting for transform from base_link to map to become available, tf error: Invalid frame ID "map" passed to canTransform argument target_frame - frame does not exist
[planner_server-6] [INFO] [1789405750.553162017] [global_costmap.global_costmap]: Timed out waiting for transform from base_link to map to become available, tf error: Invalid frame ID "map" passed to canTransform argument target_frame - frame does not exist
[planner_server-6] [INFO] [1789405751.053153888] [global_costmap.global_costmap]: Timed out waiting for transform from base_link to map to become available, tf error: Invalid frame ID "map" passed to canTransform argument target_frame - frame does not exist
[planner_server-6] [INFO] [1789405751.553166859] [global_costmap.global_costmap]: Timed out waiting for transform from base_link to map to become available, tf error: Invalid frame ID "map" passed to canTransform argument target_frame - frame does not exist
[planner_server-6] [INFO] [1789405752.053165570] [global_costmap.global_costmap]: Timed out waiting for transform from base_link to map to become available, tf error: Invalid frame ID "map" passed to canTransform argument target_frame - frame does not exist
[planner_server-6] [INFO] [1789405752.553164842] [global_costmap.global_costmap]: Timed out waiting for transform from base_link to map to become available, tf error: Invalid frame ID "map" passed to canTransform argument target_frame - frame does not exist
[planner_server-6] [INFO] [1789405753.053166454] [global_costmap.global_costmap]: Timed out waiting for transform from base_link to map to become available, tf error: Invalid frame ID "map" passed to canTransform argument target_frame - frame does not exist
[planner_server-6] [INFO] [1789405753.553172020] [global_costmap.global_costmap]: Timed out waiting for transform from base_link to map to become available, tf error: Invalid frame ID "map" passed to canTransform argument target_frame - frame does not exist
[planner_server-6] [INFO] [1789405754.053150425] [global_costmap.global_costmap]: Timed out waiting for transform from base_link to map to become available, tf error: Invalid frame ID "map" passed to canTransform argument target_frame - frame does not exist
[planner_server-6] [INFO] [1789405754.553144887] [global_costmap.global_costmap]: Timed out waiting for transform from base_link to map to become available, tf error: Invalid frame ID "map" passed to canTransform argument target_frame - frame does not exist
[planner_server-6] [INFO] [1789405755.053133439] [global_costmap.global_costmap]: Timed out waiting for transform from base_link to map to become available, tf error: Invalid frame ID "map" passed to canTransform argument target_frame - frame does not exist
[planner_server-6] [INFO] [1789405755.553145911] [global_costmap.global_costmap]: Timed out waiting for transform from base_link to map to become available, tf error: Invalid frame ID "map" passed to canTransform argument target_frame - frame does not exist
[planner_server-6] [INFO] [1789405756.053150152] [global_costmap.global_costmap]: Timed out waiting for transform from base_link to map to become available, tf error: Invalid frame ID "map" passed to canTransform argument target_frame - frame does not exist
[planner_server-6] [INFO] [1789405756.553136880] [global_costmap.global_costmap]: Timed out waiting for transform from base_link to map to become available, tf error: Invalid frame ID "map" passed to canTransform argument target_frame - frame does not exist
[planner_server-6] [INFO] [1789405757.053147362] [global_costmap.global_costmap]: Timed out waiting for transform from base_link to map to become available, tf error: Invalid frame ID "map" passed to canTransform argument target_frame - frame does not exist
[planner_server-6] [INFO] [1789405757.553153559] [global_costmap.global_costmap]: Timed out waiting for transform from base_link to map to become available, tf error: Invalid frame ID "map" passed to canTransform argument target_frame - frame does not exist
[planner_server-6] [INFO] [1789405758.053155927] [global_costmap.global_costmap]: Timed out waiting for transform from base_link to map to become available, tf error: Invalid frame ID "map" passed to canTransform argument target_frame - frame does not exist
[planner_server-6] [INFO] [1789405758.553154550] [global_costmap.global_costmap]: Timed out waiting for transform from base_link to map to become available, tf error: Invalid frame ID "map" passed to canTransform argument target_frame - frame does not exist
[planner_server-6] [INFO] [1789405759.053144617] [global_costmap.global_costmap]: Timed out waiting for transform from base_link to map to become available, tf error: Invalid frame ID "map" passed to canTransform argument target_frame - frame does not exist
[planner_server-6] [INFO] [1789405759.553142554] [global_costmap.global_costmap]: Timed out waiting for transform from base_link to map to become available, tf error: Invalid frame ID "map" passed to canTransform argument target_frame - frame does not exist
[planner_server-6] [INFO] [1789405760.053160936] [global_costmap.global_costmap]: Timed out waiting for transform from base_link to map to become available, tf error: Invalid frame ID "map" passed to canTransform argument target_frame - frame does not exist
[planner_server-6] [INFO] [1789405760.553145450] [global_costmap.global_costmap]: Timed out waiting for transform from base_link to map to become available, tf error: Invalid frame ID "map" passed to canTransform argument target_frame - frame does not exist
[planner_server-6] [INFO] [1789405761.053141609] [global_costmap.global_costmap]: Timed out waiting for transform from base_link to map to become available, tf error: Invalid frame ID "map" passed to canTransform argument target_frame - frame does not exist
[planner_server-6] [INFO] [1789405761.553156592] [global_costmap.global_costmap]: Timed out waiting for transform from base_link to map to become available, tf error: Invalid frame ID "map" passed to canTransform argument target_frame - frame does not exist
[planner_server-6] [INFO] [1789405762.053145120] [global_costmap.global_costmap]: Timed out waiting for transform from base_link to map to become available, tf error: Invalid frame ID "map" passed to canTransform argument target_frame - frame does not exist
[planner_server-6] [INFO] [1789405762.553158612] [global_costmap.global_costmap]: Timed out waiting for transform from base_link to map to become available, tf error: Invalid frame ID "map" passed to canTransform argument target_frame - frame does not exist
[planner_server-6] [INFO] [1789405763.053156966] [global_costmap.global_costmap]: Timed out waiting for transform from base_link to map to become available, tf error: Invalid frame ID "map" passed to canTransform argument target_frame - frame does not exist
[planner_server-6] [INFO] [1789405763.553149382] [global_costmap.global_costmap]: Timed out waiting for transform from base_link to map to become available, tf error: Invalid frame ID "map" passed to canTransform argument target_frame - frame does not exist
[planner_server-6] [INFO] [1789405764.053158826] [global_costmap.global_costmap]: Timed out waiting for transform from base_link to map to become available, tf error: Invalid frame ID "map" passed to canTransform argument target_frame - frame does not exist
[planner_server-6] [INFO] [1789405764.553161095] [global_costmap.global_costmap]: Timed out waiting for transform from base_link to map to become available, tf error: Invalid frame ID "map" passed to canTransform argument target_frame - frame does not exist
[planner_server-6] [INFO] [1789405765.053162322] [global_costmap.global_costmap]: Timed out waiting for transform from base_link to map to become available, tf error: Invalid frame ID "map" passed to canTransform argument target_frame - frame does not exist
[planner_server-6] [INFO] [1789405765.553165009] [global_costmap.global_costmap]: Timed out waiting for transform from base_link to map to become available, tf error: Invalid frame ID "map" passed to canTransform argument target_frame - frame does not exist
[planner_server-6] [INFO] [1789405766.053162412] [global_costmap.global_costmap]: Timed out waiting for transform from base_link to map to become available, tf error: Invalid frame ID "map" passed to canTransform argument target_frame - frame does not exist
[planner_server-6] [INFO] [1789405766.553145248] [global_costmap.global_costmap]: Timed out waiting for transform from base_link to map to become available, tf error: Invalid frame ID "map" passed to canTransform argument target_frame - frame does not exist
[planner_server-6] [INFO] [1789405767.053175582] [global_costmap.global_costmap]: Timed out waiting for transform from base_link to map to become available, tf error: Invalid frame ID "map" passed to canTransform argument target_frame - frame does not exist
[planner_server-6] [INFO] [1789405767.553156985] [global_costmap.global_costmap]: Timed out waiting for transform from base_link to map to become available, tf error: Invalid frame ID "map" passed to canTransform argument target_frame - frame does not exist
[planner_server-6] [INFO] [1789405768.053155810] [global_costmap.global_costmap]: Timed out waiting for transform from base_link to map to become available, tf error: Invalid frame ID "map" passed to canTransform argument target_frame - frame does not exist
[planner_server-6] [INFO] [1789405768.553149090] [global_costmap.global_costmap]: Timed out waiting for transform from base_link to map to become available, tf error: Invalid frame ID "map" passed to canTransform argument target_frame - frame does not exist
[planner_server-6] [INFO] [1789405769.053146348] [global_costmap.global_costmap]: Timed out waiting for transform from base_link to map to become available, tf error: Invalid frame ID "map" passed to canTransform argument target_frame - frame does not exist
[planner_server-6] [INFO] [1789405769.553170745] [global_costmap.global_costmap]: Timed out waiting for transform from base_link to map to become available, tf error: Invalid frame ID "map" passed to canTransform argument target_frame - frame does not exist
[planner_server-6] [INFO] [1789405770.053171319] [global_costmap.global_costmap]: Timed out waiting for transform from base_link to map to become available, tf error: Invalid frame ID "map" passed to canTransform argument target_frame - frame does not exist
[planner_server-6] [INFO] [1789405770.553164724] [global_costmap.global_costmap]: Timed out waiting for transform from base_link to map to become available, tf error: Invalid frame ID "map" passed to canTransform argument target_frame - frame does not exist
[planner_server-6] [INFO] [1789405771.053166803] [global_costmap.global_costmap]: Timed out waiting for transform from base_link to map to become available, tf error: Invalid frame ID "map" passed to canTransform argument target_frame - frame does not exist
[planner_server-6] [INFO] [1789405771.553158961] [global_costmap.global_costmap]: Timed out waiting for transform from base_link to map to become available, tf error: Invalid frame ID "map" passed to canTransform argument target_frame - frame does not exist
[planner_server-6] [INFO] [1789405772.053176757] [global_costmap.global_costmap]: Timed out waiting for transform from base_link to map to become available, tf error: Invalid frame ID "map" passed to canTransform argument target_frame - frame does not exist
[planner_server-6] [INFO] [1789405772.553149866] [global_costmap.global_costmap]: Timed out waiting for transform from base_link to map to become available, tf error: Invalid frame ID "map" passed to canTransform argument target_frame - frame does not exist
[planner_server-6] [INFO] [1789405773.053159187] [global_costmap.global_costmap]: Timed out waiting for transform from base_link to map to become available, tf error: Invalid frame ID "map" passed to canTransform argument target_frame - frame does not exist
[planner_server-6] [INFO] [1789405773.553153904] [global_costmap.global_costmap]: Timed out waiting for transform from base_link to map to become available, tf error: Invalid frame ID "map" passed to canTransform argument target_frame - frame does not exist
[planner_server-6] [INFO] [1789405774.053158007] [global_costmap.global_costmap]: Timed out waiting for transform from base_link to map to become available, tf error: Invalid frame ID "map" passed to canTransform argument target_frame - frame does not exist
[planner_server-6] [INFO] [1789405774.553166088] [global_costmap.global_costmap]: Timed out waiting for transform from base_link to map to become available, tf error: Invalid frame ID "map" passed to canTransform argument target_frame - frame does not exist
[planner_server-6] [INFO] [1789405775.053154237] [global_costmap.global_costmap]: Timed out waiting for transform from base_link to map to become available, tf error: Invalid frame ID "map" passed to canTransform argument target_frame - frame does not exist
[planner_server-6] [INFO] [1789405775.553164942] [global_costmap.global_costmap]: Timed out waiting for transform from base_link to map to become available, tf error: Invalid frame ID "map" passed to canTransform argument target_frame - frame does not exist
[planner_server-6] [INFO] [1789405776.053161312] [global_costmap.global_costmap]: Timed out waiting for transform from base_link to map to become available, tf error: Invalid frame ID "map" passed to canTransform argument target_frame - frame does not exist
[planner_server-6] [INFO] [1789405776.553158788] [global_costmap.global_costmap]: Timed out waiting for transform from base_link to map to become available, tf error: Invalid frame ID "map" passed to canTransform argument target_frame - frame does not exist
[planner_server-6] [INFO] [1789405777.053165205] [global_costmap.global_costmap]: Timed out waiting for transform from base_link to map to become available, tf error: Invalid frame ID "map" passed to canTransform argument target_frame - frame does not exist
[planner_server-6] [INFO] [1789405777.553165699] [global_costmap.global_costmap]: Timed out waiting for transform from base_link to map to become available, tf error: Invalid frame ID "map" passed to canTransform argument target_frame - frame does not exist
[planner_server-6] [INFO] [1789405778.053168367] [global_costmap.global_costmap]: Timed out waiting for transform from base_link to map to become available, tf error: Invalid frame ID "map" passed to canTransform argument target_frame - frame does not exist
[planner_server-6] [INFO] [1789405778.553166299] [global_costmap.global_costmap]: Timed out waiting for transform from base_link to map to become available, tf error: Invalid frame ID "map" passed to canTransform argument target_frame - frame does not exist
[planner_server-6] [INFO] [1789405779.053150175] [global_costmap.global_costmap]: Timed out waiting for transform from base_link to map to become available, tf error: Invalid frame ID "map" passed to canTransform argument target_frame - frame does not exist
[planner_server-6] [INFO] [1789405779.553165532] [global_costmap.global_costmap]: Timed out waiting for transform from base_link to map to become available, tf error: Invalid frame ID "map" passed to canTransform argument target_frame - frame does not exist
[planner_server-6] [INFO] [1789405780.053153486] [global_costmap.global_costmap]: Timed out waiting for transform from base_link to map to become available, tf error: Invalid frame ID "map" passed to canTransform argument target_frame - frame does not exist
[planner_server-6] [INFO] [1789405780.553168903] [global_costmap.global_costmap]: Timed out waiting for transform from base_link to map to become available, tf error: Invalid frame ID "map" passed to canTransform argument target_frame - frame does not exist
[planner_server-6] [INFO] [1789405781.053171281] [global_costmap.global_costmap]: Timed out waiting for transform from base_link to map to become available, tf error: Invalid frame ID "map" passed to canTransform argument target_frame - frame does not exist
[planner_server-6] [INFO] [1789405781.553157563] [global_costmap.global_costmap]: Timed out waiting for transform from base_link to map to become available, tf error: Invalid frame ID "map" passed to canTransform argument target_frame - frame does not exist
[planner_server-6] [INFO] [1789405782.053154234] [global_costmap.global_costmap]: Timed out waiting for transform from base_link to map to become available, tf error: Invalid frame ID "map" passed to canTransform argument target_frame - frame does not exist
[planner_server-6] [INFO] [1789405782.553166894] [global_costmap.global_costmap]: Timed out waiting for transform from base_link to map to become available, tf error: Invalid frame ID "map" passed to canTransform argument target_frame - frame does not exist
[planner_server-6] [INFO] [1789405783.053166052] [global_costmap.global_costmap]: Timed out waiting for transform from base_link to map to become available, tf error: Invalid frame ID "map" passed to canTransform argument target_frame - frame does not exist
[planner_server-6] [INFO] [1789405783.553171161] [global_costmap.global_costmap]: Timed out waiting for transform from base_link to map to become available, tf error: Invalid frame ID "map" passed to canTransform argument target_frame - frame does not exist
[planner_server-6] [INFO] [1789405784.053166968] [global_costmap.global_costmap]: Timed out waiting for transform from base_link to map to become available, tf error: Invalid frame ID "map" passed to canTransform argument target_frame - frame does not exist
[planner_server-6] [INFO] [1789405784.553167555] [global_costmap.global_costmap]: Timed out waiting for transform from base_link to map to become available, tf error: Invalid frame ID "map" passed to canTransform argument target_frame - frame does not exist
[planner_server-6] [INFO] [1789405785.053152439] [global_costmap.global_costmap]: Timed out waiting for transform from base_link to map to become available, tf error: Invalid frame ID "map" passed to canTransform argument target_frame - frame does not exist
[planner_server-6] [INFO] [1789405785.553166177] [global_costmap.global_costmap]: Timed out waiting for transform from base_link to map to become available, tf error: Invalid frame ID "map" passed to canTransform argument target_frame - frame does not exist
[planner_server-6] [INFO] [1789405786.053175966] [global_costmap.global_costmap]: Timed out waiting for transform from base_link to map to become available, tf error: Invalid frame ID "map" passed to canTransform argument target_frame - frame does not exist
[planner_server-6] [INFO] [1789405786.553157649] [global_costmap.global_costmap]: Timed out waiting for transform from base_link to map to become available, tf error: Invalid frame ID "map" passed to canTransform argument target_frame - frame does not exist
[planner_server-6] [INFO] [1789405787.053146489] [global_costmap.global_costmap]: Timed out waiting for transform from base_link to map to become available, tf error: Invalid frame ID "map" passed to canTransform argument target_frame - frame does not exist
[planner_server-6] [INFO] [1789405787.553170257] [global_costmap.global_costmap]: Timed out waiting for transform from base_link to map to become available, tf error: Invalid frame ID "map" passed to canTransform argument target_frame - frame does not exist
[planner_server-6] [INFO] [1789405788.053169201] [global_costmap.global_costmap]: Timed out waiting for transform from base_link to map to become available, tf error: Invalid frame ID "map" passed to canTransform argument target_frame - frame does not exist
[planner_server-6] [INFO] [1789405788.553167166] [global_costmap.global_costmap]: Timed out waiting for transform from base_link to map to become available, tf error: Invalid frame ID "map" passed to canTransform argument target_frame - frame does not exist
[planner_server-6] [INFO] [1789405789.053166357] [global_costmap.global_costmap]: Timed out waiting for transform from base_link to map to become available, tf error: Invalid frame ID "map" passed to canTransform argument target_frame - frame does not exist
[planner_server-6] [INFO] [1789405789.553149468] [global_costmap.global_costmap]: Timed out waiting for transform from base_link to map to become available, tf error: Invalid frame ID "map" passed to canTransform argument target_frame - frame does not exist
[planner_server-6] [INFO] [1789405790.053146858] [global_costmap.global_costmap]: Timed out waiting for transform from base_link to map to become available, tf error: Invalid frame ID "map" passed to canTransform argument target_frame - frame does not exist
[planner_server-6] [INFO] [1789405790.553152249] [global_costmap.global_costmap]: Timed out waiting for transform from base_link to map to become available, tf error: Invalid frame ID "map" passed to canTransform argument target_frame - frame does not exist
[planner_server-6] [INFO] [1789405791.053163168] [global_costmap.global_costmap]: Timed out waiting for transform from base_link to map to become available, tf error: Invalid frame ID "map" passed to canTransform argument target_frame - frame does not exist
[planner_server-6] [INFO] [1789405791.553168019] [global_costmap.global_costmap]: Timed out waiting for transform from base_link to map to become available, tf error: Invalid frame ID "map" passed to canTransform argument target_frame - frame does not exist
[planner_server-6] [INFO] [1789405792.053158223] [global_costmap.global_costmap]: Timed out waiting for transform from base_link to map to become available, tf error: Invalid frame ID "map" passed to canTransform argument target_frame - frame does not exist
[planner_server-6] [INFO] [1789405792.553163418] [global_costmap.global_costmap]: Timed out waiting for transform from base_link to map to become available, tf error: Invalid frame ID "map" passed to canTransform argument target_frame - frame does not exist
[planner_server-6] [INFO] [1789405793.053165776] [global_costmap.global_costmap]: Timed out waiting for transform from base_link to map to become available, tf error: Invalid frame ID "map" passed to canTransform argument target_frame - frame does not exist
[planner_server-6] [INFO] [1789405793.553163486] [global_costmap.global_costmap]: Timed out waiting for transform from base_link to map to become available, tf error: Invalid frame ID "map" passed to canTransform argument target_frame - frame does not exist
[planner_server-6] [INFO] [1789405794.053149280] [global_costmap.global_costmap]: Timed out waiting for transform from base_link to map to become available, tf error: Invalid frame ID "map" passed to canTransform argument target_frame - frame does not exist
[planner_server-6] [INFO] [1789405794.553132368] [global_costmap.global_costmap]: Timed out waiting for transform from base_link to map to become available, tf error: Invalid frame ID "map" passed to canTransform argument target_frame - frame does not exist
[planner_server-6] [INFO] [1789405795.053166900] [global_costmap.global_costmap]: Timed out waiting for transform from base_link to map to become available, tf error: Invalid frame ID "map" passed to canTransform argument target_frame - frame does not exist
[planner_server-6] [INFO] [1789405795.553164498] [global_costmap.global_costmap]: Timed out waiting for transform from base_link to map to become available, tf error: Invalid frame ID "map" passed to canTransform argument target_frame - frame does not exist
[planner_server-6] [INFO] [1789405796.053164584] [global_costmap.global_costmap]: Timed out waiting for transform from base_link to map to become available, tf error: Invalid frame ID "map" passed to canTransform argument target_frame - frame does not exist
[planner_server-6] [INFO] [1789405796.553149798] [global_costmap.global_costmap]: Timed out waiting for transform from base_link to map to become available, tf error: Invalid frame ID "map" passed to canTransform argument target_frame - frame does not exist
[planner_server-6] [INFO] [1789405797.053145668] [global_costmap.global_costmap]: Timed out waiting for transform from base_link to map to become available, tf error: Invalid frame ID "map" passed to canTransform argument target_frame - frame does not exist
[planner_server-6] [INFO] [1789405797.553165249] [global_costmap.global_costmap]: Timed out waiting for transform from base_link to map to become available, tf error: Invalid frame ID "map" passed to canTransform argument target_frame - frame does not exist
[planner_server-6] [INFO] [1789405798.053159603] [global_costmap.global_costmap]: Timed out waiting for transform from base_link to map to become available, tf error: Invalid frame ID "map" passed to canTransform argument target_frame - frame does not exist
[planner_server-6] [INFO] [1789405798.553149958] [global_costmap.global_costmap]: Timed out waiting for transform from base_link to map to become available, tf error: Invalid frame ID "map" passed to canTransform argument target_frame - frame does not exist
[planner_server-6] [INFO] [1789405799.053168929] [global_costmap.global_costmap]: Timed out waiting for transform from base_link to map to become available, tf error: Invalid frame ID "map" passed to canTransform argument target_frame - frame does not exist
[planner_server-6] [INFO] [1789405799.553165270] [global_costmap.global_costmap]: Timed out waiting for transform from base_link to map to become available, tf error: Invalid frame ID "map" passed to canTransform argument target_frame - frame does not exist
[planner_server-6] [INFO] [1789405800.053172111] [global_costmap.global_costmap]: Timed out waiting for transform from base_link to map to become available, tf error: Invalid frame ID "map" passed to canTransform argument target_frame - frame does not exist
[planner_server-6] [INFO] [1789405800.553162166] [global_costmap.global_costmap]: Timed out waiting for transform from base_link to map to become available, tf error: Invalid frame ID "map" passed to canTransform argument target_frame - frame does not exist
[planner_server-6] [INFO] [1789405801.053166622] [global_costmap.global_costmap]: Timed out waiting for transform from base_link to map to become available, tf error: Invalid frame ID "map" passed to canTransform argument target_frame - frame does not exist
[planner_server-6] [INFO] [1789405801.553155164] [global_costmap.global_costmap]: Timed out waiting for transform from base_link to map to become available, tf error: Invalid frame ID "map" passed to canTransform argument target_frame - frame does not exist
[planner_server-6] [INFO] [1789405802.053149688] [global_costmap.global_costmap]: Timed out waiting for transform from base_link to map to become available, tf error: Invalid frame ID "map" passed to canTransform argument target_frame - frame does not exist
[planner_server-6] [INFO] [1789405802.553165855] [global_costmap.global_costmap]: Timed out waiting for transform from base_link to map to become available, tf error: Invalid frame ID "map" passed to canTransform argument target_frame - frame does not exist
[planner_server-6] [INFO] [1789405803.053159281] [global_costmap.global_costmap]: Timed out waiting for transform from base_link to map to become available, tf error: Invalid frame ID "map" passed to canTransform argument target_frame - frame does not exist
[planner_server-6] [INFO] [1789405803.553148145] [global_costmap.global_costmap]: Timed out waiting for transform from base_link to map to become available, tf error: Invalid frame ID "map" passed to canTransform argument target_frame - frame does not exist
[planner_server-6] [INFO] [1789405804.053149260] [global_costmap.global_costmap]: Timed out waiting for transform from base_link to map to become available, tf error: Invalid frame ID "map" passed to canTransform argument target_frame - frame does not exist
[planner_server-6] [INFO] [1789405804.553170592] [global_costmap.global_costmap]: Timed out waiting for transform from base_link to map to become available, tf error: Invalid frame ID "map" passed to canTransform argument target_frame - frame does not exist
[planner_server-6] [INFO] [1789405805.053157679] [global_costmap.global_costmap]: Timed out waiting for transform from base_link to map to become available, tf error: Invalid frame ID "map" passed to canTransform argument target_frame - frame does not exist
[planner_server-6] [INFO] [1789405805.553162175] [global_costmap.global_costmap]: Timed out waiting for transform from base_link to map to become available, tf error: Invalid frame ID "map" passed to canTransform argument target_frame - frame does not exist
[planner_server-6] [INFO] [1789405806.053152084] [global_costmap.global_costmap]: Timed out waiting for transform from base_link to map to become available, tf error: Invalid frame ID "map" passed to canTransform argument target_frame - frame does not exist
[planner_server-6] [INFO] [1789405806.553166956] [global_costmap.global_costmap]: Timed out waiting for transform from base_link to map to become available, tf error: Invalid frame ID "map" passed to canTransform argument target_frame - frame does not exist
[planner_server-6] [INFO] [1789405807.053155485] [global_costmap.global_costmap]: Timed out waiting for transform from base_link to map to become available, tf error: Invalid frame ID "map" passed to canTransform argument target_frame - frame does not exist
[planner_server-6] [INFO] [1789405807.553168553] [global_costmap.global_costmap]: Timed out waiting for transform from base_link to map to become available, tf error: Invalid frame ID "map" passed to canTransform argument target_frame - frame does not exist
[planner_server-6] [INFO] [1789405808.053157224] [global_costmap.global_costmap]: Timed out waiting for transform from base_link to map to become available, tf error: Invalid frame ID "map" passed to canTransform argument target_frame - frame does not exist
[planner_server-6] [INFO] [1789405808.553174224] [global_costmap.global_costmap]: Timed out waiting for transform from base_link to map to become available, tf error: Invalid frame ID "map" passed to canTransform argument target_frame - frame does not exist
[planner_server-6] [INFO] [1789405809.053161066] [global_costmap.global_costmap]: Timed out waiting for transform from base_link to map to become available, tf error: Invalid frame ID "map" passed to canTransform argument target_frame - frame does not exist
[planner_server-6] [INFO] [1789405809.553238280] [global_costmap.global_costmap]: Timed out waiting for transform from base_link to map to become available, tf error: Invalid frame ID "map" passed to canTransform argument target_frame - frame does not exist
[planner_server-6] [INFO] [1789405810.053165180] [global_costmap.global_costmap]: Timed out waiting for transform from base_link to map to become available, tf error: Invalid frame ID "map" passed to canTransform argument target_frame - frame does not exist
[planner_server-6] [INFO] [1789405810.553165219] [global_costmap.global_costmap]: Timed out waiting for transform from base_link to map to become available, tf error: Invalid frame ID "map" passed to canTransform argument target_frame - frame does not exist
[planner_server-6] [INFO] [1789405811.053146343] [global_costmap.global_costmap]: Timed out waiting for transform from base_link to map to become available, tf error: Invalid frame ID "map" passed to canTransform argument target_frame - frame does not exist
[planner_server-6] [INFO] [1789405811.553160049] [global_costmap.global_costmap]: Timed out waiting for transform from base_link to map to become available, tf error: Invalid frame ID "map" passed to canTransform argument target_frame - frame does not exist
[planner_server-6] [INFO] [1789405812.053161037] [global_costmap.global_costmap]: Timed out waiting for transform from base_link to map to become available, tf error: Invalid frame ID "map" passed to canTransform argument target_frame - frame does not exist
[planner_server-6] [INFO] [1789405812.553164219] [global_costmap.global_costmap]: Timed out waiting for transform from base_link to map to become available, tf error: Invalid frame ID "map" passed to canTransform argument target_frame - frame does not exist
[planner_server-6] [INFO] [1789405813.053161986] [global_costmap.global_costmap]: Timed out waiting for transform from base_link to map to become available, tf error: Invalid frame ID "map" passed to canTransform argument target_frame - frame does not exist
[planner_server-6] [INFO] [1789405813.553166615] [global_costmap.global_costmap]: Timed out waiting for transform from base_link to map to become available, tf error: Invalid frame ID "map" passed to canTransform argument target_frame - frame does not exist
[planner_server-6] [INFO] [1789405814.053150409] [global_costmap.global_costmap]: Timed out waiting for transform from base_link to map to become available, tf error: Invalid frame ID "map" passed to canTransform argument target_frame - frame does not exist
[planner_server-6] [INFO] [1789405814.553165829] [global_costmap.global_costmap]: Timed out waiting for transform from base_link to map to become available, tf error: Invalid frame ID "map" passed to canTransform argument target_frame - frame does not exist
[planner_server-6] [INFO] [1789405815.053164064] [global_costmap.global_costmap]: Timed out waiting for transform from base_link to map to become available, tf error: Invalid frame ID "map" passed to canTransform argument target_frame - frame does not exist
[planner_server-6] [INFO] [1789405815.553169004] [global_costmap.global_costmap]: Timed out waiting for transform from base_link to map to become available, tf error: Invalid frame ID "map" passed to canTransform argument target_frame - frame does not exist
[planner_server-6] [INFO] [1789405816.053154590] [global_costmap.global_costmap]: Timed out waiting for transform from base_link to map to become available, tf error: Invalid frame ID "map" passed to canTransform argument target_frame - frame does not exist
[planner_server-6] [INFO] [1789405816.553149368] [global_costmap.global_costmap]: Timed out waiting for transform from base_link to map to become available, tf error: Invalid frame ID "map" passed to canTransform argument target_frame - frame does not exist
[planner_server-6] [INFO] [1789405817.053150282] [global_costmap.global_costmap]: Timed out waiting for transform from base_link to map to become available, tf error: Invalid frame ID "map" passed to canTransform argument target_frame - frame does not exist
[planner_server-6] [INFO] [1789405817.553149581] [global_costmap.global_costmap]: Timed out waiting for transform from base_link to map to become available, tf error: Invalid frame ID "map" passed to canTransform argument target_frame - frame does not exist
[planner_server-6] [INFO] [1789405818.053148714] [global_costmap.global_costmap]: Timed out waiting for transform from base_link to map to become available, tf error: Invalid frame ID "map" passed to canTransform argument target_frame - frame does not exist
[planner_server-6] [INFO] [1789405818.553159119] [global_costmap.global_costmap]: Timed out waiting for transform from base_link to map to become available, tf error: Invalid frame ID "map" passed to canTransform argument target_frame - frame does not exist
[planner_server-6] [INFO] [1789405819.053164576] [global_costmap.global_costmap]: Timed out waiting for transform from base_link to map to become available, tf error: Invalid frame ID "map" passed to canTransform argument target_frame - frame does not exist
[planner_server-6] [INFO] [1789405819.553168484] [global_costmap.global_costmap]: Timed out waiting for transform from base_link to map to become available, tf error: Invalid frame ID "map" passed to canTransform argument target_frame - frame does not exist
[planner_server-6] [INFO] [1789405820.053109041] [global_costmap.global_costmap]: Timed out waiting for transform from base_link to map to become available, tf error: Invalid frame ID "map" passed to canTransform argument target_frame - frame does not exist
[planner_server-6] [INFO] [1789405820.553171954] [global_costmap.global_costmap]: Timed out waiting for transform from base_link to map to become available, tf error: Invalid frame ID "map" passed to canTransform argument target_frame - frame does not exist
[planner_server-6] [INFO] [1789405821.053158419] [global_costmap.global_costmap]: Timed out waiting for transform from base_link to map to become available, tf error: Invalid frame ID "map" passed to canTransform argument target_frame - frame does not exist
[planner_server-6] [INFO] [1789405821.553162911] [global_costmap.global_costmap]: Timed out waiting for transform from base_link to map to become available, tf error: Invalid frame ID "map" passed to canTransform argument target_frame - frame does not exist
[planner_server-6] [INFO] [1789405822.053172542] [global_costmap.global_costmap]: Timed out waiting for transform from base_link to map to become available, tf error: Invalid frame ID "map" passed to canTransform argument target_frame - frame does not exist
[planner_server-6] [INFO] [1789405822.553155544] [global_costmap.global_costmap]: Timed out waiting for transform from base_link to map to become available, tf error: Invalid frame ID "map" passed to canTransform argument target_frame - frame does not exist
[planner_server-6] [INFO] [1789405823.053158250] [global_costmap.global_costmap]: Timed out waiting for transform from base_link to map to become available, tf error: Invalid frame ID "map" passed to canTransform argument target_frame - frame does not exist
[planner_server-6] [INFO] [1789405823.553168314] [global_costmap.global_costmap]: Timed out waiting for transform from base_link to map to become available, tf error: Invalid frame ID "map" passed to canTransform argument target_frame - frame does not exist
[planner_server-6] [INFO] [1789405824.053165315] [global_costmap.global_costmap]: Timed out waiting for transform from base_link to map to become available, tf error: Invalid frame ID "map" passed to canTransform argument target_frame - frame does not exist
[planner_server-6] [INFO] [1789405824.553168433] [global_costmap.global_costmap]: Timed out waiting for transform from base_link to map to become available, tf error: Invalid frame ID "map" passed to canTransform argument target_frame - frame does not exist
[planner_server-6] [INFO] [1789405825.053169920] [global_costmap.global_costmap]: Timed out waiting for transform from base_link to map to become available, tf error: Invalid frame ID "map" passed to canTransform argument target_frame - frame does not exist
[planner_server-6] [INFO] [1789405825.553182062] [global_costmap.global_costmap]: Timed out waiting for transform from base_link to map to become available, tf error: Invalid frame ID "map" passed to canTransform argument target_frame - frame does not exist
[planner_server-6] [INFO] [1789405826.053165222] [global_costmap.global_costmap]: Timed out waiting for transform from base_link to map to become available, tf error: Invalid frame ID "map" passed to canTransform argument target_frame - frame does not exist
[planner_server-6] [INFO] [1789405826.553149545] [global_costmap.global_costmap]: Timed out waiting for transform from base_link to map to become available, tf error: Invalid frame ID "map" passed to canTransform argument target_frame - frame does not exist
[planner_server-6] [INFO] [1789405827.053152783] [global_costmap.global_costmap]: Timed out waiting for transform from base_link to map to become available, tf error: Invalid frame ID "map" passed to canTransform argument target_frame - frame does not exist
[bt_navigator-9] [INFO] [1789405827.083867637] [bt_navigator]: Action server is inactive. Rejecting the goal.
[planner_server-6] [INFO] [1789405827.553162507] [global_costmap.global_costmap]: Timed out waiting for transform from base_link to map to become available, tf error: Invalid frame ID "map" passed to canTransform argument target_frame - frame does not exist
[planner_server-6] [INFO] [1789405828.053169747] [global_costmap.global_costmap]: Timed out waiting for transform from base_link to map to become available, tf error: Invalid frame ID "map" passed to canTransform argument target_frame - frame does not exist
[planner_server-6] [INFO] [1789405828.553156117] [global_costmap.global_costmap]: Timed out waiting for transform from base_link to map to become available, tf error: Invalid frame ID "map" passed to canTransform argument target_frame - frame does not exist
[planner_server-6] [INFO] [1789405829.053164615] [global_costmap.global_costmap]: Timed out waiting for transform from base_link to map to become available, tf error: Invalid frame ID "map" passed to canTransform argument target_frame - frame does not exist
[planner_server-6] [INFO] [1789405829.553158305] [global_costmap.global_costmap]: Timed out waiting for transform from base_link to map to become available, tf error: Invalid frame ID "map" passed to canTransform argument target_frame - frame does not exist
[planner_server-6] [INFO] [1789405830.053165519] [global_costmap.global_costmap]: Timed out waiting for transform from base_link to map to become available, tf error: Invalid frame ID "map" passed to canTransform argument target_frame - frame does not exist
[planner_server-6] [INFO] [1789405830.553164949] [global_costmap.global_costmap]: Timed out waiting for transform from base_link to map to become available, tf error: Invalid frame ID "map" passed to canTransform argument target_frame - frame does not exist
[planner_server-6] [INFO] [1789405831.053155448] [global_costmap.global_costmap]: Timed out waiting for transform from base_link to map to become available, tf error: Invalid frame ID "map" passed to canTransform argument target_frame - frame does not exist
[planner_server-6] [INFO] [1789405831.553165123] [global_costmap.global_costmap]: Timed out waiting for transform from base_link to map to become available, tf error: Invalid frame ID "map" passed to canTransform argument target_frame - frame does not exist
[planner_server-6] [INFO] [1789405832.053165571] [global_costmap.global_costmap]: Timed out waiting for transform from base_link to map to become available, tf error: Invalid frame ID "map" passed to canTransform argument target_frame - frame does not exist
[planner_server-6] [INFO] [1789405832.553163727] [global_costmap.global_costmap]: Timed out waiting for transform from base_link to map to become available, tf error: Invalid frame ID "map" passed to canTransform argument target_frame - frame does not exist
[planner_server-6] [INFO] [1789405833.053147005] [global_costmap.global_costmap]: Timed out waiting for transform from base_link to map to become available, tf error: Invalid frame ID "map" passed to canTransform argument target_frame - frame does not exist
[planner_server-6] [INFO] [1789405833.553165225] [global_costmap.global_costmap]: Timed out waiting for transform from base_link to map to become available, tf error: Invalid frame ID "map" passed to canTransform argument target_frame - frame does not exist
[planner_server-6] [INFO] [1789405834.053166901] [global_costmap.global_costmap]: Timed out waiting for transform from base_link to map to become available, tf error: Invalid frame ID "map" passed to canTransform argument target_frame - frame does not exist
[planner_server-6] [INFO] [1789405834.553166417] [global_costmap.global_costmap]: Timed out waiting for transform from base_link to map to become available, tf error: Invalid frame ID "map" passed to canTransform argument target_frame - frame does not exist
[planner_server-6] [INFO] [1789405835.053172147] [global_costmap.global_costmap]: Timed out waiting for transform from base_link to map to become available, tf error: Invalid frame ID "map" passed to canTransform argument target_frame - frame does not exist
[planner_server-6] [INFO] [1789405835.553156489] [global_costmap.global_costmap]: Timed out waiting for transform from base_link to map to become available, tf error: Invalid frame ID "map" passed to canTransform argument target_frame - frame does not exist
[planner_server-6] [INFO] [1789405836.053160010] [global_costmap.global_costmap]: Timed out waiting for transform from base_link to map to become available, tf error: Invalid frame ID "map" passed to canTransform argument target_frame - frame does not exist
[planner_server-6] [INFO] [1789405836.553165734] [global_costmap.global_costmap]: Timed out waiting for transform from base_link to map to become available, tf error: Invalid frame ID "map" passed to canTransform argument target_frame - frame does not exist
[planner_server-6] [INFO] [1789405837.053164997] [global_costmap.global_costmap]: Timed out waiting for transform from base_link to map to become available, tf error: Invalid frame ID "map" passed to canTransform argument target_frame - frame does not exist
[planner_server-6] [INFO] [1789405837.553163082] [global_costmap.global_costmap]: Timed out waiting for transform from base_link to map to become available, tf error: Invalid frame ID "map" passed to canTransform argument target_frame - frame does not exist
[planner_server-6] [INFO] [1789405838.053166453] [global_costmap.global_costmap]: Timed out waiting for transform from base_link to map to become available, tf error: Invalid frame ID "map" passed to canTransform argument target_frame - frame does not exist
[planner_server-6] [INFO] [1789405838.553164986] [global_costmap.global_costmap]: Timed out waiting for transform from base_link to map to become available, tf error: Invalid frame ID "map" passed to canTransform argument target_frame - frame does not exist
[planner_server-6] [INFO] [1789405839.053154877] [global_costmap.global_costmap]: Timed out waiting for transform from base_link to map to become available, tf error: Invalid frame ID "map" passed to canTransform argument target_frame - frame does not exist
[planner_server-6] [INFO] [1789405839.553162891] [global_costmap.global_costmap]: Timed out waiting for transform from base_link to map to become available, tf error: Invalid frame ID "map" passed to canTransform argument target_frame - frame does not exist
[planner_server-6] [INFO] [1789405840.053158779] [global_costmap.global_costmap]: Timed out waiting for transform from base_link to map to become available, tf error: Invalid frame ID "map" passed to canTransform argument target_frame - frame does not exist
[planner_server-6] [INFO] [1789405840.553164735] [global_costmap.global_costmap]: Timed out waiting for transform from base_link to map to become available, tf error: Invalid frame ID "map" passed to canTransform argument target_frame - frame does not exist
[planner_server-6] [INFO] [1789405841.053146272] [global_costmap.global_costmap]: Timed out waiting for transform from base_link to map to become available, tf error: Invalid frame ID "map" passed to canTransform argument target_frame - frame does not exist
[planner_server-6] [INFO] [1789405841.553182249] [global_costmap.global_costmap]: Timed out waiting for transform from base_link to map to become available, tf error: Invalid frame ID "map" passed to canTransform argument target_frame - frame does not exist
[planner_server-6] [INFO] [1789405842.053168806] [global_costmap.global_costmap]: Timed out waiting for transform from base_link to map to become available, tf error: Invalid frame ID "map" passed to canTransform argument target_frame - frame does not exist
[planner_server-6] [INFO] [1789405842.553173026] [global_costmap.global_costmap]: Timed out waiting for transform from base_link to map to become available, tf error: Invalid frame ID "map" passed to canTransform argument target_frame - frame does not exist
[planner_server-6] [INFO] [1789405843.053169905] [global_costmap.global_costmap]: Timed out waiting for transform from base_link to map to become available, tf error: Invalid frame ID "map" passed to canTransform argument target_frame - frame does not exist
[planner_server-6] [INFO] [1789405843.553172736] [global_costmap.global_costmap]: Timed out waiting for transform from base_link to map to become available, tf error: Invalid frame ID "map" passed to canTransform argument target_frame - frame does not exist
[planner_server-6] [INFO] [1789405844.053176240] [global_costmap.global_costmap]: Timed out waiting for transform from base_link to map to become available, tf error: Invalid frame ID "map" passed to canTransform argument target_frame - frame does not exist
[planner_server-6] [INFO] [1789405844.553172143] [global_costmap.global_costmap]: Timed out waiting for transform from base_link to map to become available, tf error: Invalid frame ID "map" passed to canTransform argument target_frame - frame does not exist
[planner_server-6] [INFO] [1789405845.053170685] [global_costmap.global_costmap]: Timed out waiting for transform from base_link to map to become available, tf error: Invalid frame ID "map" passed to canTransform argument target_frame - frame does not exist
[planner_server-6] [INFO] [1789405845.553168500] [global_costmap.global_costmap]: Timed out waiting for transform from base_link to map to become available, tf error: Invalid frame ID "map" passed to canTransform argument target_frame - frame does not exist
[planner_server-6] [INFO] [1789405846.053157075] [global_costmap.global_costmap]: Timed out waiting for transform from base_link to map to become available, tf error: Invalid frame ID "map" passed to canTransform argument target_frame - frame does not exist
[planner_server-6] [INFO] [1789405846.553168861] [global_costmap.global_costmap]: Timed out waiting for transform from base_link to map to become available, tf error: Invalid frame ID "map" passed to canTransform argument target_frame - frame does not exist
[planner_server-6] [INFO] [1789405847.053169890] [global_costmap.global_costmap]: Timed out waiting for transform from base_link to map to become available, tf error: Invalid frame ID "map" passed to canTransform argument target_frame - frame does not exist
[planner_server-6] [INFO] [1789405847.553177666] [global_costmap.global_costmap]: Timed out waiting for transform from base_link to map to become available, tf error: Invalid frame ID "map" passed to canTransform argument target_frame - frame does not exist
[planner_server-6] [INFO] [1789405848.053136322] [global_costmap.global_costmap]: Timed out waiting for transform from base_link to map to become available, tf error: Invalid frame ID "map" passed to canTransform argument target_frame - frame does not exist
[planner_server-6] [INFO] [1789405848.553168640] [global_costmap.global_costmap]: Timed out waiting for transform from base_link to map to become available, tf error: Invalid frame ID "map" passed to canTransform argument target_frame - frame does not exist
[planner_server-6] [INFO] [1789405849.053167872] [global_costmap.global_costmap]: Timed out waiting for transform from base_link to map to become available, tf error: Invalid frame ID "map" passed to canTransform argument target_frame - frame does not exist
[planner_server-6] [INFO] [1789405849.553155232] [global_costmap.global_costmap]: Timed out waiting for transform from base_link to map to become available, tf error: Invalid frame ID "map" passed to canTransform argument target_frame - frame does not exist
[planner_server-6] [INFO] [1789405850.053153656] [global_costmap.global_costmap]: Timed out waiting for transform from base_link to map to become available, tf error: Invalid frame ID "map" passed to canTransform argument target_frame - frame does not exist
[planner_server-6] [INFO] [1789405850.553160264] [global_costmap.global_costmap]: Timed out waiting for transform from base_link to map to become available, tf error: Invalid frame ID "map" passed to canTransform argument target_frame - frame does not exist
[planner_server-6] [INFO] [1789405851.053163031] [global_costmap.global_costmap]: Timed out waiting for transform from base_link to map to become available, tf error: Invalid frame ID "map" passed to canTransform argument target_frame - frame does not exist
[planner_server-6] [INFO] [1789405851.553162536] [global_costmap.global_costmap]: Timed out waiting for transform from base_link to map to become available, tf error: Invalid frame ID "map" passed to canTransform argument target_frame - frame does not exist
[planner_server-6] [INFO] [1789405852.053176541] [global_costmap.global_costmap]: Timed out waiting for transform from base_link to map to become available, tf error: Invalid frame ID "map" passed to canTransform argument target_frame - frame does not exist
[planner_server-6] [INFO] [1789405852.553159112] [global_costmap.global_costmap]: Timed out waiting for transform from base_link to map to become available, tf error: Invalid frame ID "map" passed to canTransform argument target_frame - frame does not exist
[planner_server-6] [INFO] [1789405853.053157214] [global_costmap.global_costmap]: Timed out waiting for transform from base_link to map to become available, tf error: Invalid frame ID "map" passed to canTransform argument target_frame - frame does not exist
[planner_server-6] [INFO] [1789405853.553172472] [global_costmap.global_costmap]: Timed out waiting for transform from base_link to map to become available, tf error: Invalid frame ID "map" passed to canTransform argument target_frame - frame does not exist
[planner_server-6] [INFO] [1789405854.053171096] [global_costmap.global_costmap]: Timed out waiting for transform from base_link to map to become available, tf error: Invalid frame ID "map" passed to canTransform argument target_frame - frame does not exist
[planner_server-6] [INFO] [1789405854.553129082] [global_costmap.global_costmap]: Timed out waiting for transform from base_link to map to become available, tf error: Invalid frame ID "map" passed to canTransform argument target_frame - frame does not exist
[planner_server-6] [INFO] [1789405855.053163383] [global_costmap.global_costmap]: Timed out waiting for transform from base_link to map to become available, tf error: Invalid frame ID "map" passed to canTransform argument target_frame - frame does not exist
[planner_server-6] [INFO] [1789405855.553170691] [global_costmap.global_costmap]: Timed out waiting for transform from base_link to map to become available, tf error: Invalid frame ID "map" passed to canTransform argument target_frame - frame does not exist
[planner_server-6] [INFO] [1789405856.053156106] [global_costmap.global_costmap]: Timed out waiting for transform from base_link to map to become available, tf error: Invalid frame ID "map" passed to canTransform argument target_frame - frame does not exist
[planner_server-6] [INFO] [1789405856.553160111] [global_costmap.global_costmap]: Timed out waiting for transform from base_link to map to become available, tf error: Invalid frame ID "map" passed to canTransform argument target_frame - frame does not exist
[planner_server-6] [INFO] [1789405857.053168240] [global_costmap.global_costmap]: Timed out waiting for transform from base_link to map to become available, tf error: Invalid frame ID "map" passed to canTransform argument target_frame - frame does not exist
[planner_server-6] [INFO] [1789405857.553170606] [global_costmap.global_costmap]: Timed out waiting for transform from base_link to map to become available, tf error: Invalid frame ID "map" passed to canTransform argument target_frame - frame does not exist
[planner_server-6] [INFO] [1789405858.053153081] [global_costmap.global_costmap]: Timed out waiting for transform from base_link to map to become available, tf error: Invalid frame ID "map" passed to canTransform argument target_frame - frame does not exist
[planner_server-6] [INFO] [1789405858.553169525] [global_costmap.global_costmap]: Timed out waiting for transform from base_link to map to become available, tf error: Invalid frame ID "map" passed to canTransform argument target_frame - frame does not exist
[planner_server-6] [INFO] [1789405859.053180913] [global_costmap.global_costmap]: Timed out waiting for transform from base_link to map to become available, tf error: Invalid frame ID "map" passed to canTransform argument target_frame - frame does not exist
[planner_server-6] [INFO] [1789405859.553166790] [global_costmap.global_costmap]: Timed out waiting for transform from base_link to map to become available, tf error: Invalid frame ID "map" passed to canTransform argument target_frame - frame does not exist
[planner_server-6] [INFO] [1789405860.053206375] [global_costmap.global_costmap]: Timed out waiting for transform from base_link to map to become available, tf error: Invalid frame ID "map" passed to canTransform argument target_frame - frame does not exist
[planner_server-6] [INFO] [1789405860.553156230] [global_costmap.global_costmap]: Timed out waiting for transform from base_link to map to become available, tf error: Invalid frame ID "map" passed to canTransform argument target_frame - frame does not exist
[planner_server-6] [INFO] [1789405861.053155381] [global_costmap.global_costmap]: Timed out waiting for transform from base_link to map to become available, tf error: Invalid frame ID "map" passed to canTransform argument target_frame - frame does not exist
[planner_server-6] [INFO] [1789405861.553158636] [global_costmap.global_costmap]: Timed out waiting for transform from base_link to map to become available, tf error: Invalid frame ID "map" passed to canTransform argument target_frame - frame does not exist
[planner_server-6] [INFO] [1789405862.053152520] [global_costmap.global_costmap]: Timed out waiting for transform from base_link to map to become available, tf error: Invalid frame ID "map" passed to canTransform argument target_frame - frame does not exist
[planner_server-6] [INFO] [1789405862.553150902] [global_costmap.global_costmap]: Timed out waiting for transform from base_link to map to become available, tf error: Invalid frame ID "map" passed to canTransform argument target_frame - frame does not exist
[planner_server-6] [INFO] [1789405863.053151902] [global_costmap.global_costmap]: Timed out waiting for transform from base_link to map to become available, tf error: Invalid frame ID "map" passed to canTransform argument target_frame - frame does not exist
[planner_server-6] [INFO] [1789405863.553148965] [global_costmap.global_costmap]: Timed out waiting for transform from base_link to map to become available, tf error: Invalid frame ID "map" passed to canTransform argument target_frame - frame does not exist
[planner_server-6] [INFO] [1789405864.053167641] [global_costmap.global_costmap]: Timed out waiting for transform from base_link to map to become available, tf error: Invalid frame ID "map" passed to canTransform argument target_frame - frame does not exist
[planner_server-6] [INFO] [1789405864.553160618] [global_costmap.global_costmap]: Timed out waiting for transform from base_link to map to become available, tf error: Invalid frame ID "map" passed to canTransform argument target_frame - frame does not exist
[planner_server-6] [INFO] [1789405865.053159834] [global_costmap.global_costmap]: Timed out waiting for transform from base_link to map to become available, tf error: Invalid frame ID "map" passed to canTransform argument target_frame - frame does not exist
[planner_server-6] [INFO] [1789405865.553153744] [global_costmap.global_costmap]: Timed out waiting for transform from base_link to map to become available, tf error: Invalid frame ID "map" passed to canTransform argument target_frame - frame does not exist
[planner_server-6] [INFO] [1789405866.053154183] [global_costmap.global_costmap]: Timed out waiting for transform from base_link to map to become available, tf error: Invalid frame ID "map" passed to canTransform argument target_frame - frame does not exist
[planner_server-6] [INFO] [1789405866.553151529] [global_costmap.global_costmap]: Timed out waiting for transform from base_link to map to become available, tf error: Invalid frame ID "map" passed to canTransform argument target_frame - frame does not exist
[planner_server-6] [INFO] [1789405867.053160562] [global_costmap.global_costmap]: Timed out waiting for transform from base_link to map to become available, tf error: Invalid frame ID "map" passed to canTransform argument target_frame - frame does not exist
[planner_server-6] [INFO] [1789405867.553168385] [global_costmap.global_costmap]: Timed out waiting for transform from base_link to map to become available, tf error: Invalid frame ID "map" passed to canTransform argument target_frame - frame does not exist
[planner_server-6] [INFO] [1789405868.053174956] [global_costmap.global_costmap]: Timed out waiting for transform from base_link to map to become available, tf error: Invalid frame ID "map" passed to canTransform argument target_frame - frame does not exist
[planner_server-6] [INFO] [1789405868.553172221] [global_costmap.global_costmap]: Timed out waiting for transform from base_link to map to become available, tf error: Invalid frame ID "map" passed to canTransform argument target_frame - frame does not exist
[planner_server-6] [INFO] [1789405869.053169157] [global_costmap.global_costmap]: Timed out waiting for transform from base_link to map to become available, tf error: Invalid frame ID "map" passed to canTransform argument target_frame - frame does not exist
[planner_server-6] [INFO] [1789405869.553157332] [global_costmap.global_costmap]: Timed out waiting for transform from base_link to map to become available, tf error: Invalid frame ID "map" passed to canTransform argument target_frame - frame does not exist
[planner_server-6] [INFO] [1789405870.053150925] [global_costmap.global_costmap]: Timed out waiting for transform from base_link to map to become available, tf error: Invalid frame ID "map" passed to canTransform argument target_frame - frame does not exist
[planner_server-6] [INFO] [1789405870.553188947] [global_costmap.global_costmap]: Timed out waiting for transform from base_link to map to become available, tf error: Invalid frame ID "map" passed to canTransform argument target_frame - frame does not exist
[planner_server-6] [INFO] [1789405871.053162265] [global_costmap.global_costmap]: Timed out waiting for transform from base_link to map to become available, tf error: Invalid frame ID "map" passed to canTransform argument target_frame - frame does not exist
[planner_server-6] [INFO] [1789405871.553151650] [global_costmap.global_costmap]: Timed out waiting for transform from base_link to map to become available, tf error: Invalid frame ID "map" passed to canTransform argument target_frame - frame does not exist
