sim_s,motion_class,gt_map_x_m,gt_map_y_m,baseline_x_m,baseline_y_m,baseline_error_m,map_odom_filtered_x_m,map_odom_filtered_y_m,map_odom_filtered_yaw_rad,candidate_x_m,candidate_y_m,candidate_error_m
13.92,straight,0.0017023453006714817,1.7239959097539711e-06,-0.010560631356029785,0.029347938302457115,0.03180535946359678,-0.011251583120328186,0.020109211555853556,-0.03822195928200422,-0.00962272394286976,0.020063075541118452,0.023037252856871873
13.94,straight,0.0039123026057978905,1.7323769627582338e-06,-0.00925616727543838,0.033039070534072096,0.0355650715101238,-0.011279004704737276,0.020277150521805027,-0.03830976879256579,-0.00753657725920861,0.020150113110045414,0.02317399612342696
13.96,straight,0.007317336412384634,1.7452874816228278e-06,-0.005383700639291226,0.033330841523282397,0.035667141714515224,-0.011301291138692772,0.02044877804851767,-0.03839637155526269,-0.0042692821127958015,0.02019566681447814,0.023281842613645246
13.98,straight,0.011825258953777507,1.7623778095259945e-06,-0.000264292866707688,0.03356901769589676,0.03567797489782531,-0.011315221824657443,0.02062393166895732,-0.038481760592252286,0.00012951132660907983,0.020200483666265447,0.023340498157647327
14.0,straight,0.017245064885855754,1.7829222802482358e-06,0.005702301289716699,0.033772333622047644,0.03568873051821699,-0.011319446865638879,0.020802536391644744,-0.03856595681203812,0.005468686840982233,0.020171712853227906,0.023356137379179746
14.02,straight,0.023394744401514345,1.8062338149119017e-06,0.023461888583155937,0.027317037271796726,0.027315313562166064,-0.011315482525104621,0.02098465792003327,-0.038649081891542474,0.011566684020996375,0.020116410871470543,0.023334530895099997
14.04,straight,0.030137801878964865,1.8317950816074118e-06,0.031822097113397285,0.026492712390726952,0.02654437049864756,-0.011140518652446486,0.02107773222055096,-0.03894926687448515,0.018440663219783437,0.01994140938618111,0.02311730536467419
14.06,straight,0.037363185464514004,1.859184894842126e-06,0.03880329436747031,0.0023299523884950674,0.002737504633242396,-0.010962291332166245,0.021173666467243706,-0.03924533711416986,0.025809118442355995,0.019745856189897566,0.02287622963877736
14.08,straight,0.04498052974359723,1.888061866541476e-06,0.046617903668130824,-0.0006052138575091101,0.001746300692679282,-0.010791002618239549,0.020888893459470047,-0.038724843584032484,0.02598114534132493,0.019480222655547937,0.02720996373038217
14.1,straight,0.052916118879167584,1.918146968582676e-06,0.05442073936212795,-0.0009369297925531114,0.0017735045112116322,-0.010618373164412383,0.020603535041828196,-0.03821124417431457,0.03413213928439359,0.018908259394029767,0.026651221900078292
14.12,straight,0.061111940279957366,1.9492169196613726e-06,0.05813866221161201,-0.010140230186492447,0.010569020083371034,-0.010450076242894684,0.020317561364065997,-0.0377044294157115,0.050020109707181716,0.018050753919939842,0.021184618397859425
14.14,straight,0.06951789669327013,1.981082014294604e-06,0.06649047533359533,-0.011666571932632737,0.01205489151940587,-0.01034967668497724,0.019900530944547055,-0.03720606297212705,0.05850385383716119,0.017350849561420287,0.02054975371024994
14.16,straight,0.07809333614031289,2.013589117716288e-06,0.07525101651615847,-0.012234183577265353,0.012561978424613473,-0.010243843919268513,0.019481580300260547,-0.03671429856655185,0.06716459077548248,0.016650352416298086,0.019914935625150877
14.18,straight,0.08680611130259308,2.0466171848321113e-06,0.08994729293405924,-0.0014815401771119503,0.003473910162636943,-0.010137205296404753,0.019060682584286594,-0.03622907872898869,0.07596850475580243,0.015952939102247946,0.019284311933099468
14.2,straight,0.09563004879285586,2.0800671096723364e-06,0.09954767108454755,-0.0005423894711774589,0.003955276412399301,-0.00994400351453521,0.018804469454300747,-0.03575076888443594,0.08497238764291501,0.015423236003923662,0.018745607261822485
14.22,straight,0.10454384485746004,2.1138579251140288e-06,0.10747694173791848,-0.0132696853855316,0.013592045926525308,-0.009751575108534713,0.01854776715393968,-0.03527838681735268,0.09406638411138621,0.014898443812271886,0.01821202431895716
14.24,straight,0.11353021231444416,2.1479236010496253e-06,0.11644296461028952,-0.015235451929181024,0.01551349655011586,-0.00957626010832919,0.018108103401903084,-0.03481725461521725,0.10321846850021887,0.014194886360200495,0.017543257531597165
14.26,straight,0.12257504844720302,2.1822107163648624e-06,0.1255762241571888,-0.015857329079386244,0.0161409774797904,-0.009401862007886496,0.017666156734332226,-0.03436231747718548,0.11242925373516881,0.013492838851208182,0.016880016792953357
14.28,straight,0.13166690225861544,2.2166765932975944e-06,0.13543511929296503,-0.0018637614574202829,0.0042049178368404865,-0.009228557191614074,0.017221905361692436,-0.033913545789296715,0.12168768474298988,0.01279440670984749,0.016224207471277473
14.3,straight,0.1407964464827529,2.2512858949822175e-06,0.14471920325558887,-0.000537574042195271,0.003959726263730633,-0.009046345483859845,0.01699078934336697,-0.03347325623843949,0.1309939191950099,0.012314653027111709,0.015738004252892512
14.32,straight,0.1499560970910494,2.286009696572432e-06,0.1603453179819435,-0.01006912330987968,0.014469595585303622,-0.008865483410886634,0.016759319866267507,-0.03303849425949795,0.14032872267328603,0.011842070755615976,0.01525997513135295
14.34,straight,0.15913969766670277,2.320824192557298e-06,0.1703067098195411,-0.011579796449369163,0.016088741434934422,-0.00859193055252709,0.01639165061167109,-0.03261317768006414,0.14978152753301796,0.011238587353784376,0.014622894165486386
14.36,straight,0.16834223504130819,2.3557101689667075e-06,0.17956609452641578,-0.012088603661739075,0.016497464055865392,-0.008321096775128581,0.016022252852576104,-0.032193338006578344,0.15925093313893396,0.010638663704035774,0.013992241350852558
14.38,straight,0.177559631767906,2.3906529706700786e-06,0.18219270192425918,-0.0015506683437381515,0.004886443627112523,-0.008053094506244623,0.015651139776720255,-0.03177913738519654,0.16873297962926637,0.010044242851285187,0.013369688984764976
14.4,straight,0.18678857976772179,2.425639921411748e-06,0.1907384845084265,-0.0005900073638414819,0.00399408616889886,-0.007885704778207154,0.015441644199766865,-0.03137473133566986,0.17812543332844485,0.009616334757781663,0.01294130421382764
14.42,straight,0.19602639225082896,2.460660762378272e-06,0.20666764535164914,-0.003290789407088681,0.011139199413113853,-0.007719777657698814,0.015231894395711636,-0.03097559756233672,0.1875254174160759,0.009194580401404086,0.012520448812538627
14.44,straight,0.20527088802779758,2.495706750633601e-06,0.21669807357938958,-0.0038662186308332626,0.012064307699007855,-0.007457633585844261,0.014986607912415857,-0.030586485687948844,0.19702939579830478,0.008742132608518145,0.012012636985421921
14.46,straight,0.21452029735111466,2.5307712485704537e-06,0.22599034659472364,-0.004175938613566699,0.012207441830729866,-0.00719832024200213,0.014740742464812091,-0.030202805144536417,0.20653613650614167,0.008295507544520285,0.011511745660864128
14.48,straight,0.2237731852842444,2.565849092433307e-06,0.22841737074580504,-0.0008839133768694543,0.004728033842881548,-0.006941879563574338,0.014494225945867321,-0.029824206247090097,0.2160439922031095,0.007853532665666515,0.011017173214595973
14.5,straight,0.23302838933277314,2.6009358591543532e-06,0.23695446079382923,-0.0007174171545249028,0.003991548968483209,-0.0067893530702695945,0.014300514111394469,-0.029452555577441267,0.22544981807447587,0.007469598418107195,0.010639116209393907
14.52,straight,0.24228496868269644,2.636027961956685e-06,0.24447267409604564,0.010964373675243277,0.011177913366251414,-0.006638241160536119,0.01410659158387782,-0.02908574730715395,0.2348558443078916,0.007090759158022297,0.010268075695241817
14.54,straight,0.25154216288743214,2.671122383600071e-06,0.2535718353876636,0.012332206372946672,0.012495479580755321,-0.006514776332962613,0.014088231938474294,-0.028725950196266104,0.24423479451679922,0.006892931200038264,0.010043570900922047
14.56,straight,0.260799358243915,2.7062167897422806e-06,0.2628663064573181,0.012407918074362515,0.012576229806589675,-0.00639241694714466,0.014071335375356158,-0.028370859792787338,0.25361332239356327,0.006702435204038483,0.0098247381514787
14.58,straight,0.2700560611080931,2.7413088890139213e-06,0.2736092931768823,0.0007154694523179566,0.003624008766698522,-0.006271190611645465,0.01405589805672684,-0.028020460412310905,0.253737114825348,0.006778104185905906,0.017669565639663556
14.6,straight,0.27931187370897703,2.7763971883445613e-06,0.28264926001260976,-0.0007813546310847347,0.0034282661520331115,-0.006129751670816209,0.013867856683159156,-0.027671523177984225,0.26359684432632924,0.006412140485524075,0.016971802983605812
14.62,straight,0.2885664775217265,2.8114806431400754e-06,0.2927515700552351,-0.00588202039136834,0.00722123574437726,-0.0059957944042773525,0.013679617597825681,-0.027327213092216175,0.2817793875303024,0.005820621701876524,0.008939323594208709
14.64,straight,0.2978196189459368,2.846558842551122e-06,0.3025888204157832,-0.006752758961257023,0.00826943097215191,-0.005850584732013292,0.013417950212953925,-0.02698252086472905,0.2911760723753017,0.005408627922746292,0.00856499755928315
14.66,straight,0.30707109588045967,2.881630924044434e-06,0.3119534646461282,-0.007095635496514887,0.008615478522549966,-0.005700135195348132,0.013155385833360563,-0.026642386945136938,0.30057911781494934,0.005002914144803565,0.00819427265490474
14.68,straight,0.3163207488901634,2.916696281206322e-06,0.3200189600821632,-0.0011044978197849989,0.003860457606427872,-0.005550832836838769,0.012891846911410161,-0.026306647295601254,0.30997565666571614,0.004598964495650827,0.007834784662696933
14.7,straight,0.3255684531731333,2.9517544929342074e-06,0.329182241491734,-0.0005998415392909854,0.003663717479103076,-0.005421002659431414,0.01271778869319344,-0.025966340272415567,0.3193529825165062,0.0042920822077865805,0.007551735928166715
14.72,straight,0.3348141119505783,2.9868050960057384e-06,0.34775362348779915,-0.012346602222818564,0.017886959159685557,-0.005292192385664736,0.012543642390883528,-0.02563043445045548,0.32872689936639593,0.003990791824185116,0.007277138580190747
14.74,straight,0.3440576512015383,3.0218476207836062e-06,0.35807362297578826,-0.014091363626440385,0.019877101566073408,-0.005027915858894462,0.012202627748683114,-0.025309039651431477,0.33823466957693865,0.0035220053699113216,0.00680370193575362
14.76,straight,0.35329901537761543,3.056881735634504e-06,0.3673541388066521,-0.01457970621143719,0.020253480541305935,-0.00476654179913699,0.011859824822132896,-0.024991895040248794,0.3477390589477017,0.0030583687424249224,0.00634413477698952
14.78,straight,0.3625381639851071,3.0919079997874483e-06,0.36753153866218097,-0.0020550197180197044,0.00540089012393322,-0.004508145924568085,0.011515142943505618,-0.024678668365382475,0.3572365499971974,0.002595519985852867,0.005901507791712268
14.8,straight,0.3717750685435135,3.1269261750732923e-06,0.3758007270070814,-0.0008070605978369529,0.00410637673495267,-0.004386585120989536,0.01135906554300596,-0.02436634679411145,0.3665949510115636,0.0023270663975251456,0.005677526953816574
14.82,straight,0.38100971046337406,3.1619360909257676e-06,0.4131375201765254,0.0024934417307147343,0.03222417804102957,-0.0042660509263828875,0.01120302473466096,-0.02405824044282861,0.3759519544331237,0.0020621825182701994,0.005460811461621064
14.84,straight,0.3902420791561383,3.1969371219010395e-06,0.4255289219847143,0.002799122461053115,0.03539743601370016,-0.003733641655452491,0.011094241649630613,-0.02374429242293894,0.3857176741638523,0.0018540406729650094,0.004888339500150564
14.86,straight,0.39947217042606553,3.231929327517768e-06,0.4347931962310198,0.00272686080113167,0.03542588062625361,-0.003207745661954204,0.01098597938802692,-0.023434453574145298,0.3954742446309915,0.001650598029124472,0.004324028877063434
14.88,straight,0.40869998527868745,3.2669126981489606e-06,0.41592164946134924,0.0001547666599719957,0.007223253127266428,-0.002688375737507515,0.010878142046821002,-0.023128500664233484,0.4052214681090716,0.0014523381753665096,0.003768274037753019
14.9,straight,0.41792552890441925,3.3018873187335945e-06,0.4220563934089217,-0.00024255830557829374,0.004138174572080019,-0.0025894502720035435,0.010726908148093656,-0.022809184480133894,0.4145471587874687,0.0012210975415251112,0.0035911573207684194
14.92,straight,0.42714880984847525,3.3368532612676865e-06,0.4333401329433419,0.01077074276322781,0.012420527834798788,-0.002491377532932747,0.010575924864772036,-0.02249419173091864,0.4238694093107547,0.0009953652417880232,0.003426162315250842
14.94,straight,0.4363698393416655,3.371810647653509e-06,0.4428183413464349,0.012154209911208066,0.013755945792694345,-0.0023643124094267142,0.010577324952249384,-0.02215583986749233,0.4332184822407636,0.0009366030721411927,0.003286635386658181
14.96,straight,0.44558863075656063,3.406759518516964e-06,0.45206437856150367,0.012330231721648082,0.013924292559415902,-0.002238507274374506,0.010580705957523156,-0.021822120036710385,0.4425641628377933,0.0008835409063918803,0.0031499273496614485
14.98,straight,0.4548051991496038,3.4416994416549e-06,0.458655658231692,0.0025128678173438565,0.004596004197566099,-0.0021140152593818215,0.010585988836023262,-0.02149276199402254,0.45190602154643406,0.0008368064846681824,0.0030165754822276286
15.0,straight,0.4640195609428446,3.4766304084369433e-06,0.46760648668448607,0.0013756974733998236,0.0038404461092417814,-0.002029779765997409,0.010431151728737004,-0.021134851298267907,0.46120640161403975,0.0006494155344768583,0.002886364924438823
15.02,straight,0.47323173360311444,3.5115526944794525e-06,0.467375323856296,-0.00044888149579132237,0.005873856875422518,-0.001946243150916079,0.01027700981584815,-0.020781686003399222,0.47050339134668584,0.00046818198730048027,0.002767628963754139
15.04,straight,0.48244173539782764,3.5464667522323724e-06,0.47556071616329865,-0.0007164237353878093,0.006918582426908534,-0.002002718961785124,0.010081304036511154,-0.02039903306106543,0.47965892104889546,0.0002655343883657966,0.002795119563040953
15.06,straight,0.49164958521259905,3.5813725963969317e-06,0.48479555154039206,-0.0007922627929774354,0.00690008300787934,-0.0020580754117063716,0.009886192172727255,-0.02002142550871943,0.4888140731829076,6.759019524703021e-05,0.002836234404964103
15.08,straight,0.5008553023937452,3.6162701895548203e-06,0.5029844449161869,0.0031637843364729725,0.0038104999787464595,-0.0021123498227184206,0.009691563975581678,-0.019648592564325804,0.4887634253534009,5.597598475731882e-05,0.012091990402680426
15.1,straight,0.510058906621623,3.6511595976958877e-06,0.512797173783842,0.0036451481600178488,0.0045561614826250445,-0.0020335639339075628,0.00953796645529767,-0.019242920422828456,0.49851051725785667,-8.50755042125105e-05,0.011548730203707353
15.12,straight,0.5192604178076863,3.6860408894537034e-06,0.5322597983809335,-0.012771166413355335,0.018225826470035362,-0.001961543647902494,0.009385632304218872,-0.018842612351931097,0.5165303316484475,-0.0003783569131790507,0.0027566877327003143
15.14,straight,0.528459856011537,3.720913944067853e-06,0.5430751381339527,-0.014907565605247265,0.02087948603714232,-0.0017387060455296794,0.008980231787781193,-0.018424214513079174,0.5259567214446029,-0.0007337199237868793,0.002609502184197889
15.16,straight,0.5376572413729974,3.75577876004957e-06,0.5440923814202653,-0.015377753742376467,0.016673387855404908,-0.0015118989047021988,0.008574080721042298,-0.01801152838601059,0.5353814430743762,-0.0010887913562030414,0.002524463732780363
15.18,straight,0.5468525940316056,3.790636202687441e-06,0.5502767119612374,0.0030924848750667404,0.004611357251094096,-0.0014092076164962906,0.008165280525611362,-0.0176041374790688,0.5446811920301046,-0.0014420003446023008,0.002608696650110864
15.2,straight,0.5560459341593855,3.825486273114153e-06,0.5592682669954093,0.005261128521443769,0.006166252030993524,-0.0013386012741400234,0.00802473207674857,-0.017187208665070314,0.5539491481636524,-0.0015099649661093812,0.0025861309026472476
15.22,straight,0.5652372818602345,3.860328859640797e-06,0.5759527469402315,-0.0020277670797870977,0.010906360612422438,-0.0012684790843468538,0.007885888609565598,-0.016775728798559014,0.5632136231763762,-0.0015745108728430547,0.0025664080188308406
15.24,straight,0.5744266571239933,3.895163240622511e-06,0.5860071120556803,-0.002896775046017485,0.011938208579502696,-0.0010889658652320944,0.007633419395601624,-0.016358479897364095,0.572586098511793,-0.0017407339022985292,0.0025360178590200914
15.26,straight,0.5836140798787142,3.929989467513641e-06,0.5952245544598075,-0.0029630259866359936,0.011983569908935754,-0.0009113462160145743,0.007381609197960985,-0.015946731730362724,0.58195315146282,-0.0019008341477289347,0.002527213805967831
15.28,straight,0.5927995699209703,3.964808192658137e-06,0.5964680131039329,0.005299167029653746,0.006441788723079304,-0.0007356640400440875,0.007130288118315844,-0.015540184527779728,0.5913166011733737,-0.002058074941592404,0.002539922092514213
15.3,straight,0.6019831469010484,3.9996195085872046e-06,0.6047932127467146,0.006353195937103639,0.006943253123453188,-0.0006791233203275528,0.006996208473367779,-0.015128910891088615,0.6005594763157928,-0.0020888449899180137,0.0025311729483636696
15.32,straight,0.6111648303218118,4.034423391017972e-06,0.6330071441112136,0.003338920791687225,0.02209543253172793,-0.0006229582660035841,0.006863934003259776,-0.014722947608632485,0.6098002265207394,-0.002110676302670776,0.002516772732850948
15.34,straight,0.6203446395299892,4.069219670839562e-06,0.6443247289601963,0.0030625502342049825,0.024174345807011974,-0.0002874150988977115,0.006682964913407063,-0.01431588261785607,0.619317311603179,-0.002173800300042524,0.0024080112778183905
15.36,straight,0.6295225937092965,4.104008187128468e-06,0.6535248090716826,0.0031287415250041933,0.02420474544203811,4.405846777373471e-05,0.006503294381128142,-0.013914171955741532,0.6288304225428537,-0.002232239133751228,0.0023410108013739574
15.38,straight,0.638698711874568,4.1387893829173425e-06,0.6627238715290974,0.0031958681072607664,0.024236242127529395,0.0003714276436146977,0.0063249205045543665,-0.01351776135871069,0.6383370166947954,-0.0022847344551030226,0.0023172751525000895
15.4,straight,0.6478730128694821,4.173563284330152e-06,0.644583448754759,0.006656826538802493,0.007421524349993348,0.000694774557088244,0.006147968506409757,-0.013126797228465286,0.6478377439758664,-0.0023327297944202765,0.0023371694842496855
15.42,straight,0.6570455153628529,4.208329930814496e-06,0.6744912934286462,-0.002502652020401944,0.01762496868470933,0.000611833189191145,0.006022432447958297,-0.012741290300769712,0.6569296385080164,-0.0023252196628978637,0.002332308345665436
15.44,straight,0.6662162378468679,4.243089381044954e-06,0.6671361388022873,0.006303766192239391,0.006366334038614965,0.0008798277496785541,0.005756199443271123,-0.012360937119801029,0.6663705994884033,-0.002455178947649792,0.0024642614050888363
15.46,straight,0.6753851986359223,4.277841612682102e-06,0.6741939180021136,0.0075473696655139165,0.007636581945628115,0.0008622142316972048,0.005637052660375055,-0.011986065161024271,0.6755243810654656,-0.0024362285405656985,0.0024444719573247305
15.48,straight,0.6845524158655252,4.312587029262489e-06,0.6751181945652611,0.0075826812436764375,0.012101082721740578,0.0008451169417933298,0.005519915264013881,-0.01161642141089226,0.6846765878507455,-0.0024118166111950093,0.0024193178758537322
15.5,straight,0.69371790749382,4.347325216808469e-06,0.6869665260517369,0.007697169001460303,0.010235265346779524,0.0007069257630408017,0.00540278299171597,-0.011251805543255966,0.6937059150806719,-0.002383558299230041,0.002387935738088027
15.52,straight,0.7028816912995666,4.3820562775165195e-06,0.7056948348010122,-0.008654678122381482,0.009104564763752526,0.000623520520757795,0.005288607624586889,-0.010894433101295987,0.7027880443667917,-0.002350489101564174,0.002356732466372204
15.54,straight,0.7120437848838606,4.416780351922851e-06,0.7110005973159197,0.006198572904092324,0.006281386024372095,0.0006761120005240336,0.004933237203618077,-0.010541818598952753,0.7120050624528911,-0.002554825051914145,0.0025595347590296105
15.56,straight,0.7212042056709009,4.451497515288661e-06,0.7196347240948349,0.008202097370586706,0.008346536424044147,0.0006562701031195305,0.004826709265617578,-0.010194858057339263,0.721147569942096,-0.002508054910935991,0.002513144655264798
15.58,straight,0.7303629708873132,4.486208487310912e-06,0.7288095595320724,0.00837067576357845,0.008509184127183234,0.0006369345314315765,0.004721888612625271,-0.009852449064972693,0.7211307036229587,-0.0023661724387840453,0.009531777445070418
15.6,straight,0.7395200976051939,4.520912703945169e-06,0.733342319656737,0.008400248960212698,0.010423684081368019,0.0006180866136803901,0.004618792449803198,-0.009514575122120438,0.7307300782338153,-0.0023174683152730547,0.009091538622480348
15.62,straight,0.7486756027465304,4.55560986720656e-06,0.7609579102301935,0.009084649430431536,0.01527426531501588,0.0005314173601436536,0.004515261010637789,-0.009181057671422296,0.7485019191413272,-0.0023421029521978375,0.0023530772196486797
15.64,straight,0.7578295030473043,4.590300314500856e-06,0.7583587814830288,0.008840758478225219,0.008852005633236175,0.0007251187437669977,0.004421261116608951,-0.00885195528729256,0.7578517388050825,-0.0022717712874698445,0.0022764701858939496
15.66,straight,0.7669818150618539,4.624984125712587e-06,0.7659975434806593,0.00896200716017933,0.009011297686428431,0.0007123132650538203,0.004319644156972877,-0.008524217091541183,0.7669920071797413,-0.00220103757800904,0.0022056861103225615
15.68,straight,0.7761325551753373,4.659661327550046e-06,0.7751696161958294,0.009131804547413726,0.009177800676080561,0.0007001012667845943,0.004219687214407393,-0.008200780396268948,0.7761320740920242,-0.0021273993937720955,0.002132059109376086
15.7,straight,0.785281739605054,4.694331989999215e-06,0.7797086563120861,0.00916972681757861,0.010726466233212714,0.0006883383793330233,0.0041213688716259375,-0.007881635618018176,0.7852700120030038,-0.0020496064000244305,0.0020543342070376155
15.72,straight,0.7944293844020649,4.728996167921822e-06,0.8099001331332851,-0.012830029211778953,0.020101618953731363,0.0006089092950649349,0.004021450759491313,-0.007565092430694535,0.7943399138873102,-0.0019702641595950752,0.001977018699537553
15.74,straight,0.8035755054525708,4.763653906167454e-06,0.8046446126791789,0.007103943331907424,0.007179229928239625,0.0008477792743290061,0.0035970635267256585,-0.007252670843335859,0.8037273049990602,-0.002212601202963402,0.002222554838647313
15.76,straight,0.8127201184795041,4.798305259947775e-06,0.811942996867186,0.009755733134012304,0.009781852995977176,0.0008363640773511819,0.003501723390265608,-0.006939451999129376,0.8128629053074432,-0.002120749808058425,0.002130338672667848
15.78,straight,0.821863239009005,4.832950805279199e-06,0.8244939576218885,0.010011977323330663,0.010347155112045911,0.0008254024155454672,0.0034079913331795646,-0.006630247728702079,0.8219967642692745,-0.0020243789963059872,0.002033600285559854
15.8,straight,0.8310048824212544,4.867590240216239e-06,0.8340323211922047,0.010209637863126326,0.010644375126527316,0.0008647828731788889,0.003313167267789434,-0.0063204475795181495,0.8311782738906829,-0.0019222242201263437,0.0019348765974222869
15.82,straight,0.8401450640273396,4.902223093269189e-06,0.8462312030469094,-0.02687211992788475,0.02755749277183418,0.0009039417326243946,0.0032201653386656924,-0.006014853857064113,0.8403590517132117,-0.0018173237459257938,0.0018347474517961219
15.84,straight,0.8492837989160336,4.936849705734749e-06,0.8488816752849581,0.006368997953314426,0.006376752868438169,0.0009875398989049194,0.002582778066702551,-0.005716155197360624,0.8495832988769076,-0.0022555470993286596,0.0022802385643624456
15.86,straight,0.8584211020142902,4.9714701481415505e-06,0.8572756265667836,0.010714975264176512,0.010771086076572902,0.0009696882082306168,0.0024938718846624084,-0.00541220897382934,0.8587043444978467,-0.0021367207566328995,0.002160340690434169
15.88,straight,0.8675569879963945,5.006085871294882e-06,0.8703058297540869,0.011002116596750981,0.011335456347114305,0.0009523144893283663,0.0024068304334765394,-0.005112181126105421,0.8678236089975085,-0.002013451567308508,0.002035990681686729
15.9,straight,0.8766914714704654,5.040695907431667e-06,0.8798870180925279,0.011232527986054905,0.01167338807134406,0.000992579624031351,0.002317170701205834,-0.00480966910493655,0.876999924075563,-0.001885173766911742,0.0019152163650726964
15.92,straight,0.8858245669996592,5.075299076167658e-06,0.892701144016058,-0.0049507687033300395,0.008476302332895569,0.0010325324012041383,0.0022295503818070246,-0.004511211361839989,0.886174168046697,-0.0017527677174471567,0.001792270337541126
15.94,straight,0.8949562889746403,5.109896193452466e-06,0.8945424603723797,0.009634744289530851,0.009638522327690873,0.001126107696565592,0.0019033345137597375,-0.004217694314690252,0.895400996343328,-0.0018581655182370543,0.001915609541056409
15.96,straight,0.9040866515615278,5.144487356509652e-06,0.9028306109341017,0.01166614527335379,0.01172845161940715,0.0011052125837877934,0.0018169178834601615,-0.003924105009658138,0.9045124816879234,-0.0017177045611391384,0.0017746943794491716
15.98,straight,0.91321566876573,5.179073222775018e-06,0.9119709888014249,0.011900296315352773,0.011960060301585479,0.0010847948189272219,0.0017325655703497038,-0.003634400424233231,0.9136217851472005,-0.0015731016759406818,0.001629693418554127
16.0,straight,0.9223433544646866,5.213653404058301e-06,0.9167331694057586,0.011837217458393043,0.013094674124875869,0.0010648169233228681,0.0016502845182162194,-0.0033485635893739747,0.922730515372539,-0.0014245618158131637,0.0014812668432610053
16.02,straight,0.9314697224098296,5.24822740414342e-06,0.9378962693189071,-0.009120594434558815,0.011161608731069052,0.0009808204108266714,0.0015678133375484921,-0.003068867394499631,0.9317739020594243,-0.0012771103140414197,0.0013179410791253011
16.04,straight,0.9405947862067023,5.282795590333778e-06,0.9401463421114833,0.009828457791414254,0.009833405773439694,0.0010822275205612368,0.0011761949077541624,-0.0027930809947642934,0.9410019813565931,-0.0014375903369007101,0.0014992300579160817
16.06,straight,0.9497185593100141,5.317358047366024e-06,0.9483615013114941,0.012403200219406755,0.012471932723332663,0.0010606318240701917,0.0011015692291078138,-0.0025218339138398747,0.950105609630721,-0.001280447448006852,0.0013427580151490126
16.08,straight,0.9588410549894206,5.351915661772208e-06,0.9612441469727206,0.012568790820993993,0.01279120198449763,0.001039478202021384,0.001028760095625709,-0.0022540338199476466,0.9500850598816772,-0.0010991021649468346,0.008825376430668502
16.1,straight,0.9679622864483406,5.386467823070749e-06,0.9703843536835688,0.012788151325922559,0.01301020703560974,0.0010739090457726028,0.0009585016274106822,-0.0019914852809272384,0.968365943092523,-0.0009539668114525855,0.0010408157381830633
16.12,straight,0.9770822666657182,5.421015104426176e-06,0.9991789097305513,-0.007730172712673678,0.023411557937392368,0.0011020105617562208,0.0008900128996518607,-0.0017324159078228596,0.9775133657434125,-0.0007886455665008734,0.0009035420027930287
16.14,straight,0.9862010085455779,5.455559154312331e-06,0.9881428562539145,0.010669063878007552,0.010838972040755901,0.0014199405739807338,0.0005197075640908284,-0.0014784884388806133,0.9869502086798184,-0.0009245807446845096,0.0011942647811956023
16.16,straight,0.9953185250122516,5.490098705996835e-06,0.994790648963074,0.01318381357938096,0.013188891647314585,0.0014048464868548311,0.0004554841055870806,-0.00122683066397636,0.9960517010956723,-0.0007517952051971081,0.0010540532248457665
16.18,straight,1.0044348286703126,5.5246343707333115e-06,1.0039159541985898,0.013424199054000949,0.013428702614081673,0.0013901810959159326,0.0003932724935364063,-0.0009785965688959947,1.0051532038359525,-0.0005767262788834134,0.0009247048202499101
16.2,straight,1.013549932019103,5.559165830846047e-06,1.0082072878976494,0.013209766218575978,0.014244119140904008,0.0013758415427833563,0.00033305293961886754,-0.0007337386896663274,1.0142543193634168,-0.00039649630478734573,0.0008110549502243513
16.22,straight,1.0226638474887295,5.593692609731829e-06,1.029553482848031,-0.02402908178953571,0.02500265387746231,0.0012905541844220108,0.00027685463748512284,-0.0005008802677808327,1.0232836196321184,-0.0002211652405935034,0.0006599523645751851
16.24,straight,1.0317765873369495,5.628215030179082e-06,1.0401126943877352,-0.02883091554410314,0.030017277303822372,0.0013942635966155712,-0.00032540634761864175,-0.00027389901777515426,1.0325016443639181,-0.0005945065081869839,0.000941206342077782
16.26,straight,1.0408881636898428,5.6627332052316695e-06,1.0492530701559215,-0.029577084385032804,0.03074265094698025,0.0014970058790714882,-0.0009316507904070074,-4.978394088238982e-05,1.0417168197105005,-0.0009706909033929027,0.0012806003374474539
16.28,straight,1.0499985884626142,5.697248727989775e-06,1.05391268175012,0.009546053703946476,0.01031205738715257,0.0015987690253240101,-0.0015415415168336367,0.00017115499700920108,1.0509296451305767,-0.0013487886781143668,0.0016436236323962802
16.3,straight,1.0591078736025707,5.7317616641553185e-06,1.0625409233122192,0.014127666015570849,0.014533232860605389,0.0016336581005126783,-0.001568987587538489,0.000389619259499622,1.0600744858606224,-0.0011437209627085697,0.0015018591222160347
16.32,straight,1.068216030907692,5.766271471909108e-06,1.0915902476927561,-0.011578309409244241,0.026087253969932,0.0016682925435222062,-0.001594591754005359,0.0006050440642060366,1.0692172176210355,-0.000935978645337605,0.0013745029368146448
16.34,straight,1.0773230719357088,5.8007766767866e-06,1.0798594310343193,0.011468881064844267,0.011740329091217082,0.001995886944609303,-0.0019981487638922484,0.0008153798657315572,1.078651744702853,-0.0011075202212863986,0.0017334517491572705
16.36,straight,1.0864290082521535,5.835277067082079e-06,1.086414066206588,0.0145880147167893,0.01458218709511653,0.0019799921124302616,-0.0020230223264737462,0.0010284316958111613,1.0877419212570765,-0.0008942072126081078,0.0015917967966158862
16.38,straight,1.0955338512568034,5.869774449925045e-06,1.0982451765115095,0.014732251750391497,0.01497389764684347,0.0019644713031054914,-0.002046143606658022,0.0012387382800020017,1.0968306923350972,-0.0006780629516155957,0.0014661380412955007
16.4,straight,1.104637612212585,5.904267804442132e-06,1.1076595623719854,0.014985478786064644,0.015281355813998004,0.001989304792892548,-0.0020705860102802325,0.0014474676851891407,1.105958468142295,-0.0004611206299400491,0.0014009898793935958
16.42,straight,1.113740302340915,5.938756940588183e-06,1.1366170454488687,-0.019235827884193344,0.029892991799068278,0.00201395051178081,-0.0020933149758836193,0.0016535216683987335,1.1150854546596947,-0.00024086466625974722,0.0013676061898155907
16.44,straight,1.1228419326991173,5.973242189375073e-06,1.1250087577559666,0.011334147760990756,0.011533545367986866,0.0023304121854018996,-0.002618611359152912,0.0018539721899454118,1.1245019316708347,-0.0005263526058134518,0.0017432634323460226
16.46,straight,1.1319425142175419,6.007723635114051e-06,1.1315679479584484,0.015410863123057707,0.015409408481819499,0.002305592376968796,-0.0026399569039827204,0.0020578937369565157,1.1335765177622459,-0.0003006308446876626,0.0016625266300689069
16.48,straight,1.1410420576365539,6.042202746719564e-06,1.1406730885237029,0.015697545382457597,0.01569584053961796,0.0022811990008355537,-0.002659326087544271,0.002259126180467776,1.1426510192994044,-7.255217866759341e-05,0.001610880103953301
16.5,straight,1.1501405736561594,6.076678193934089e-06,1.1441822849503425,0.01570103504820367,0.01678788022765841,0.0022572217625645365,-0.002676697600181427,0.002457683939595751,1.1517251196156406,0.00015865674724637932,0.0015918751757535122
16.52,straight,1.1592380729584448,6.111149329456102e-06,1.1646089100834738,-0.0016681887256635402,0.005625759637150417,0.002151461461410332,-0.002704672776527677,0.002660908658523498,1.160715242272206,0.0003883684429322775,0.0015258275852894523
16.54,straight,1.168334566070385,6.145616769576029e-06,1.167315212499665,0.014252916752958615,0.014283191852981901,0.002223004882118751,-0.002990195901157541,0.0028616102904491588,1.1698822815920027,0.0003619853474909902,0.0015880948491246464
16.56,straight,1.1774300633677797,6.180080593670693e-06,1.1755591434983563,0.016509082503442185,0.016608616123442145,0.0021802102925661845,-0.0030207355762601443,0.0030676570722672396,1.178934158300169,0.0006008322743947002,0.0016173783716964154
16.58,straight,1.1865245751088622,6.2145415002895054e-06,1.1879778718939817,0.016844302256055564,0.01690068843061418,0.00213808597747842,-0.003048747847840108,0.003270679090618672,1.1788912744753852,0.0008117268881642653,0.007675684249737512
16.6,straight,1.1956181114557296,6.248998836147089e-06,1.1970339687657596,0.01715213720007391,0.017204247560753994,0.0021456666832676244,-0.0030855151521246398,0.003480618282145724,1.1970827377700002,0.0010884723128207728,0.001821081420965489
16.62,straight,1.2047106824880558,6.283452389073552e-06,1.2254818494371305,-0.019222040842944352,0.028304943589995746,0.0021472295690228866,-0.003120116498436172,0.0036877817672640234,1.206174208528064,0.0013341355152449584,0.0019761324780016008
16.64,straight,1.2138022981679057,6.317902407148521e-06,1.2144225048767503,0.01324404087203328,0.013252243801796851,0.002434260429652058,-0.003689119541303659,0.0038895652098818404,1.2155541176534614,0.001043766731920675,0.002035969445701876
16.66,straight,1.222892968350962,6.352348959236213e-06,1.2210367271829348,0.017597923638620054,0.017689234345021766,0.002389349653149158,-0.003723291320397473,0.004095054476874042,1.2245966350936073,0.0012965528582701649,0.0021370769111620476
16.68,straight,1.2319827027159675,6.386793723877866e-06,1.2301304921791336,0.017926974281344557,0.018016052280514325,0.0023451313878914146,-0.003755420781618256,0.00429817749575664,1.233642385830307,0.0015502620518301204,0.002266737490892125
16.7,straight,1.2410715109166546,6.421234989428497e-06,1.2339629620523023,0.018069262132216504,0.019411277346826596,0.00230155311522189,-0.003785088151558704,0.004498613049296491,1.2426888799065392,0.0018076465280554154,0.0024208046195058923
16.72,straight,1.2501594025878973,6.45567235617429e-06,1.2639547246432354,-0.014109324605929797,0.01973743051856921,0.002181464174263328,-0.003829395795869525,0.0047079330488643874,1.251654728467118,0.0020679302183632215,0.002546699194821063
16.74,straight,1.2592463872147306,6.490106306583894e-06,1.2585698440954538,0.014872861757203704,0.014881757848279829,0.002379228008633939,-0.004349113234904268,0.004914300010545412,1.2609367497412296,0.0018510611023245256,0.0025019527634115605
16.76,straight,1.2683324741513928,6.52453694578035e-06,1.2657882941385226,0.018803126922086046,0.018968002350351745,0.0023263449283373976,-0.004387219270017096,0.005119510375127964,1.2699690895660014,0.0021170515212673505,0.0026707366337555462
16.78,straight,1.2774176726035904,6.558965351736314e-06,1.2780513597567493,0.018733140449281965,0.018737300058502483,0.0022742620305890586,-0.004422772821442877,0.005322085836864942,1.279000689189935,0.0023875492704565743,0.0028592055444905395
16.8,straight,1.2865019917340277,6.593391060672898e-06,1.2874947698990886,0.019018234004011522,0.019037544150468145,0.002269336354906178,-0.004445997129592097,0.0055095456164257015,1.2880796400062013,0.0026540821067484975,0.003081910214523924
16.82,straight,1.2955854406703935,6.6278127680302e-06,1.306479490843967,-0.008703719634543078,0.01394813542511025,0.002264573460611676,-0.004466865253746014,0.005694509746209692,1.2971585903252512,0.0029238764658332493,0.0033143837346314656
16.84,straight,1.3046680284103473,6.662231306078088e-06,1.3033705361385792,0.015800453317329845,0.015846997288579998,0.0024055225597109887,-0.0048955933579814944,0.005874954824640485,1.3063812283108025,0.0027826497481119915,0.0032620791824205936
16.86,straight,1.3137497638356024,6.696646730433574e-06,1.3109833146023981,0.019161075764581918,0.019353125865096868,0.0023488342414584766,-0.004905490587030441,0.006045738508723137,1.315405045339869,0.003050219875049822,0.003464533229698703
16.88,straight,1.3228306557056868,6.731060162483893e-06,1.3200691626562837,0.019491866506518532,0.01967984621953999,0.002293038863641737,-0.004913581062203601,0.006214581611931286,1.3244281817750723,0.003320147413530291,0.0036784259504754704
16.9,straight,1.3319107127107799,6.7654703885481764e-06,1.3243590035550115,0.01909325425642997,0.020526138588468155,0.002238073359742645,-0.004919600864093076,0.006381310865541618,1.3334518789612329,0.003592835361529045,0.0039032154277825475
16.92,straight,1.3409899435141313,6.799877330266693e-06,1.3581998547061882,-0.019114436700935634,0.025725526846315527,0.0021131024499041785,-0.004920653937781932,0.006535684232499854,1.3424046638249567,0.0038561347004197766,0.004101074510187742
16.94,straight,1.350068356645565,6.8342812289908355e-06,1.34967442990943,0.015071034065193077,0.01506934946852801,0.0023620470375691157,-0.0054855962489163655,0.00668814377392387,1.3517307013932496,0.003556104813262991,0.003919274342237314
16.96,straight,1.3591459605390384,6.868682204216108e-06,1.3564870880408733,0.019628266332374304,0.019800728489315713,0.00230725720678088,-0.005478246638053474,0.006837478358557403,1.3607517522990014,0.0038268213073711136,0.0041437429016391155
16.98,straight,1.368222763494117,6.9030814964446235e-06,1.3655667436241583,0.019950029988605796,0.02011921351302493,0.002253264244449233,-0.005468918059285239,0.006984837101918791,1.3697732300081253,0.004099912248786995,0.004376833382090914
17.0,straight,1.377298773744073,6.937478396332781e-06,1.3694356565475403,0.01983932471680495,0.021334296229793957,0.002200039476856117,-0.00545769199456039,0.007130303374051902,1.378793758940304,0.004374776390162801,0.00461660020968803
17.02,straight,1.3863739995379518,6.971871693438797e-06,1.3931669712259998,-0.0018590311989807934,0.00704460302745204,0.0020709122370686935,-0.00545075539230949,0.00727375463199842,1.3877375457854884,0.00464550280458325,0.004834793437629637
17.04,straight,1.3954484490026573,7.006262100930486e-06,1.392858471565578,0.017814366051348413,0.01799472272051691,0.0021677237841154565,-0.005765139970068935,0.007415288776481553,1.3969072844714092,0.0045955743262168355,0.004814889178777951
17.06,straight,1.4045221301438318,7.040649732846919e-06,1.4007045668562272,0.020559077000600293,0.020903587912658502,0.0021003643043034695,-0.005757551888648154,0.0075585305930369485,1.405912133520543,0.004871613876262227,0.005059266949226421
17.08,straight,1.4135950508613462,7.075035359676085e-06,1.41300093781714,0.020813882285754676,0.020815287609456324,0.0020339556816782755,-0.00574784079214418,0.007699779990920621,1.405844209530659,0.005079612433217327,0.009263162364233631
17.1,straight,1.422667219002662,7.109418373621857e-06,1.422024446291326,0.02112477532572279,0.021127445897051907,0.002015980564835335,-0.005742904453565004,0.007843214889326312,1.4239686864868852,0.005427609963691564,0.0055745532353976765
17.12,straight,1.431738642357331,7.143798292474035e-06,1.4373583965478496,-0.031085423014648058,0.0315963502350987,0.0019922901462484004,-0.005736029070790849,0.007984740244314092,1.4330132668540394,0.005706731194659111,0.005840373626441242
17.14,straight,1.4408093286112944,7.178175497876952e-06,1.4374401797086664,0.015486583824213931,0.01584181692753649,0.002061670936440085,-0.006494412315263425,0.008120298028110514,1.4421515311756048,0.005213527045540754,0.005376576632043678
17.16,straight,1.4498792853680555,7.212550038343444e-06,1.4454348127634038,0.02163236205361904,0.02207714718403889,0.001987845441854869,-0.006489961188055002,0.008265075274805942,1.4511455233348312,0.005502606801990787,0.005639389734084352
17.18,straight,1.458948520028727,7.246923985975e-06,1.4545051313485748,0.021990446375586108,0.022427767635048695,0.001915037136741363,-0.006482827008956141,0.008407753266411985,1.4601412084834349,0.005792554872686839,0.005906969934856161
17.2,straight,1.4680170397774361,7.281293642938344e-06,1.458720867583944,0.02208951656743009,0.023959213929883955,0.0018432079383198265,-0.006473268326344764,0.008548498543306166,1.4691367672840998,0.0060855507151796285,0.006180545999340771
17.22,straight,1.4770848522538955,7.3156577819796175e-06,1.4880542404797628,-0.01489628636407227,0.01850526496096754,0.00170112022020016,-0.006475437413726124,0.008694356824036485,1.4780602242478253,0.006376017286463603,0.006442958246156389
17.24,straight,1.486151965002378,7.35001823703007e-06,1.4831003069095636,0.018375495315251962,0.018619918871136128,0.0018671159146637327,-0.007024464405078757,0.008838371508113261,1.4872898230582958,0.006119936551558614,0.006217590778007303
17.26,straight,1.4952183852208378,7.384375093742038e-06,1.4903540561620663,0.02286841714999715,0.023372815763771745,0.0017907474482400864,-0.007026158592805234,0.008985676683286684,1.4962780618039495,0.006418699856041859,0.006498298289324693
17.28,straight,1.5042841199957877,7.418729534274525e-06,1.5021731982141353,0.023311388685305138,0.02339938047187843,0.0017154442269005003,-0.007025668787315644,0.009131317372877217,1.5052657471258974,0.0067194431082265105,0.006783425615625662
17.3,straight,1.5133491763472477,7.4530803930039745e-06,1.5115464303094182,0.023706027354704208,0.023767042641270185,0.0016820204495496746,-0.0070380270819232595,0.009285945013509392,1.514296639094433,0.0070231871127377,0.007079421563228413
17.32,straight,1.5224135612957213,7.487428653474354e-06,1.5344739049832445,-0.0017661380227273014,0.012190063047538701,0.001649080431437952,-0.007047961280165597,0.00943877814395363,1.5233267262307428,0.00733067706008173,0.007379903561457377
17.34,straight,1.5314772817772848,7.521775559374523e-06,1.5274718694958127,0.021135724192367603,0.021504517314047965,0.0018205383155861232,-0.007432727471944792,0.009587628903186964,1.5325600861707938,0.007258824407666666,0.007331702068210928
17.36,straight,1.5405403447099388,7.5561199238498645e-06,1.5345817808049167,0.024361916473465254,0.025072681389121148,0.0017309988703250673,-0.007453067330319297,0.009745581627724997,1.5415309071271919,0.007569281235682282,0.007626329433532625
17.38,straight,1.5496027568380129,7.590462989024063e-06,1.5465429314138885,0.024830774733932384,0.025011057734036904,0.0016427198498252871,-0.007470356615723498,0.009901448222948816,1.550502635666306,0.007882034823564341,0.007925695924864064
17.4,straight,1.5586645248717872,7.624803581003044e-06,1.5559274199987987,0.025253411960690354,0.025393729782523182,0.0015986651413062247,-0.007501003101709144,0.010066423631510125,1.5595178399694904,0.008197866936061787,0.008234574235783639
17.42,straight,1.56772565547071,7.659141206907441e-06,1.5816766799756616,-0.0025535564500567456,0.014184178158874556,0.0015552362447341078,-0.007528776575506676,0.010229446534171776,1.5685330020578263,0.008516714351993504,0.008547270271375706
17.44,straight,1.5767861552176754,7.693476321258e-06,1.5727372977145033,0.022350003600700646,0.022706212118601785,0.0017579164746607037,-0.007965172207352727,0.010388058264921817,1.577793338916958,0.008422656528712345,0.008475023432251254
17.46,straight,1.585846030615329,7.727808979434823e-06,1.5795909786233215,0.0258456949819292,0.02658432288122356,0.0016658996891520095,-0.007992812796588844,0.010548629173489959,1.5867586797685296,0.008743289984644118,0.008783107365946358
17.48,straight,1.5949052880840071,7.762139960551164e-06,1.588649105777974,0.02627587189245284,0.02700284072121493,0.0015751272568468137,-0.008017429711161237,0.010707265729228374,1.5957244378643585,0.009067712448802208,0.009096906395106508
17.5,straight,1.6039639339789744,7.796468949430359e-06,1.5926189285611292,0.02588072103979691,0.02825097120064549,0.0014855678970202473,-0.008038840386920537,0.010863869998026238,1.6046906508063263,0.009394346480524273,0.00941463958242439
17.52,straight,1.61302197464002,7.830794995700906e-06,1.6116616814221958,-0.004190301193622133,0.004413015956499029,0.0013219704017817936,-0.008052792448159275,0.011008214997532226,1.6135825164200304,0.009710562704843634,0.009718910103582522
17.54,straight,1.6220794163209291,7.865118627703582e-06,1.6152886842509624,0.022657793347650074,0.0236459994676888,0.0013158229171255122,-0.008510998029791725,0.011150665886542574,1.6226305851621574,0.009582377767750998,0.009590363890893969
17.56,straight,1.6311362651986911,7.899439951451438e-06,1.6236110800572614,0.02637421819490129,0.02741917533589248,0.0012123362339798121,-0.008508365525202705,0.011283104410708122,1.6315810358400062,0.009901618464787265,0.009903711277383544
17.58,straight,1.6401925273551115,7.933759885926526e-06,1.6361350278107112,0.02650414842513522,0.026805087094426312,0.0011102279188829332,-0.008502677918966911,0.011413618324442439,1.6314765108801002,0.010120091713437727,0.013350081710246172
17.6,straight,1.649248208673086,7.968075977226088e-06,1.6451692609401147,0.026860576206548786,0.027160640235869792,0.0010603845656533828,-0.008491360061304723,0.011538177572945214,1.649536995659735,0.010543291088012146,0.01053928028337658
17.62,straight,1.6583033152835185,8.002387356882724e-06,1.6867087299228105,0.007686427152654364,0.029424917802883314,0.0010052155741688447,-0.008477574477525465,0.011661084585743397,1.6585366065227942,0.010867744725006546,0.010862247854033868
17.64,straight,1.6673578532337672,8.036695389807934e-06,1.6648704957649452,0.0248863109463835,0.025002309431037775,0.0014294380730169726,-0.008746826577599242,0.011780902250307222,1.6680115799516404,0.010902729285662745,0.010914288124207156
17.66,straight,1.6764118283806226,8.07100015899744e-06,1.670094166859111,0.027394994739140338,0.02810616371874983,0.00134025317784373,-0.008730143364646295,0.011898956774106956,1.67697190491683,0.011224745977013943,0.011230649280554256
17.68,straight,1.6854652465155198,8.105302393713935e-06,1.6809278933639626,0.027516945458151604,0.027880528336761898,0.0012523514791329014,-0.00871085797641023,0.012015438490409315,1.685932589681604,0.01154794304354584,0.011549297152944183
17.7,straight,1.6945181133780522,8.139601437351844e-06,1.6901778766979985,0.02787962540475924,0.028207399300957506,0.0011919015884305603,-0.00869519356793685,0.012131619560469252,1.6949225800227175,0.011867028324181983,0.011865784213657625
17.72,straight,1.7035704346032077,8.173898587680757e-06,1.7110549251416263,-0.011521769678087714,0.01374617028488283,0.001132267580404519,-0.008677512977712722,0.012246567267751618,1.7039134323129312,0.01218928788174383,0.01218594211784702
17.74,straight,1.712622215845002,8.208194570610408e-06,1.7061229787370562,0.023542222286968183,0.024414952432607086,0.0012473509714997703,-0.009238096781394698,0.012357124767875902,1.7130767272909804,0.011928793407880483,0.011929246936932246
17.76,straight,1.721673462719096,8.242488357737255e-06,1.7134727466777069,0.02829404353832126,0.02945060754262318,0.0011359776145839387,-0.009220863561059446,0.012470688572232899,1.7220125927876213,0.012253371473245761,0.012249824205266085
17.78,straight,1.7307241806981466,8.276781336737606e-06,1.7225191490482201,0.028705815179248768,0.029847466466618747,0.0010260919272594407,-0.009200933714161214,0.012582742018206822,1.7309500962520246,0.012580557433785932,0.012574310265037693
17.8,straight,1.739774375219568,8.311072466970694e-06,1.7264482051261312,0.028682239336789792,0.03161931326684281,0.0009176328558306103,-0.009178518995436577,0.01269342205157254,1.7398883549554618,0.012910017093419273,0.012902209486412446
17.82,straight,1.748824051729983,8.34536075785555e-06,1.7573955777912342,0.004488840679052698,0.009671912805436823,0.0007354148602956221,-0.009166137293748607,0.01280623853128995,1.748753609892913,0.013234789643064635,0.013226631861716551
17.84,straight,1.757873215589953,8.379646830078801e-06,1.7510798394167824,0.026533704870838372,0.027381432359714374,0.0008862484320955469,-0.009512239184385346,0.012917465869993691,1.7579503462702246,0.013199511834909387,0.013191357683924015
17.86,straight,1.7669218720840405,8.413930794573018e-06,1.758142606345087,0.029660601746285584,0.030924549295993274,0.0007724792160028809,-0.009502610453089257,0.013033078252939362,1.7668819030656322,0.013530231352533234,0.013521876493640506
17.88,straight,1.7759700264216178,8.448213809276918e-06,1.769815542375111,0.029984610585967828,0.03060143762048969,0.0006602242727950412,-0.009490114971835516,0.013147148147374364,1.775814295563065,0.013862210775545185,0.013854637823388279
17.9,straight,1.78501768378662,8.482494803493605e-06,1.7791526332873453,0.030398978273781165,0.030951268973195636,0.0005883832023529246,-0.009488459983305067,0.01326660593654163,1.7847865150142064,0.014195461826314905,0.014188862588455468
17.92,straight,1.794064849318417,8.51677319904564e-06,1.806915382244144,-0.0119429289794187,0.01754916670537254,0.0005174936719262878,-0.00948398450983058,0.013384558456040802,1.7937589440716821,0.014531310325927695,0.014526014959208765
17.94,straight,1.8031115281007573,8.551049464651989e-06,1.795935518366091,0.025720099851021524,0.02669417272527593,0.0007228627534150495,-0.010099427514099896,0.013497298152838236,1.803006929640039,0.014239342868315262,0.014231176220869802
17.96,straight,1.812157725153341,8.585323660976489e-06,1.8025213942627654,0.030827561833574338,0.032290372963954025,0.0006005848889112961,-0.010102008138519254,0.013617564503095475,1.8119267294007337,0.014577143238487142,0.014570389107891617
17.98,straight,1.8212034454453203,8.619595467808868e-06,1.8115621388297012,0.031270948628528826,0.0327152565300618,0.0004799004227601912,-0.010101328602931536,0.013736199241576123,1.820847357780326,0.014916985616795194,0.014912618007949848
18.0,straight,1.8302486938657125,8.653863689735145e-06,1.8149860006011715,0.03127699171265915,0.034794521947064574,0.00036079019273964536,-0.010097636469303128,0.01385334378959712,1.8297690407799276,0.015258737708407247,0.015257625121676605
18.02,straight,1.839293475298149,8.68812797293916e-06,1.8432019527495567,-0.0018865180784727175,0.0043437314089516494,0.00016091900144249853,-0.010112213796312395,0.013977115128888962,1.8386091179708928,0.015595802349719825,0.015602130454305052
18.04,straight,1.848337794581255,8.722389106399067e-06,1.8390965657683847,0.02802373814830885,0.02949985454133944,0.0002550667792623994,-0.010617562157904882,0.014099359408541744,1.8477427467765533,0.015442328817289137,0.0154450733008919
18.06,straight,1.8573816564817065,8.756647166791604e-06,1.846430589322844,0.032164737275813954,0.0339695887833198,0.00012219229246372403,-0.010627561814056373,0.014221589320776953,1.8566485619536406,0.01578747461538104,0.01579573892882278
18.08,straight,1.8664250656948838,8.790903017549526e-06,1.8554698798518794,0.03261944838010222,0.03440161446709299,-8.94862805411701e-06,-0.01063383150762807,0.014341987065743182,1.8565142272665633,0.01600472631819575,0.01881740333199097
18.1,straight,1.8754680268706636,8.825156605421511e-06,1.8587609390497497,0.03247565305318286,0.036513308493228994,-0.0001383693157257275,-0.010636801330384858,0.014460790666140822,1.874462694767246,0.016488114325713104,0.016509926231126286
18.12,straight,1.8845105446241632,8.85940766537502e-06,1.899399952196832,-0.023683340497119374,0.027982401508686344,-0.0003505287947458092,-0.010650132089657286,0.014580570109493624,1.883289573432925,0.01682894777428961,0.016864345327076348
18.14,straight,1.8935526235605238,8.893657886056438e-06,1.8852577692266637,0.026544919287131857,0.027802252869433944,-8.54723897865282e-05,-0.011491998482024333,0.014698645612600848,1.8925931752063345,0.016342572149018485,0.016361833460710892
18.16,straight,1.9025942682536368,8.927906087329989e-06,1.8913239485604956,0.03323335980431503,0.03508394192427037,-0.00021771920105627656,-0.011498128570610477,0.014817045043303168,1.9015019381208267,0.016693891962009776,0.016720682123240932
18.18,straight,1.9116354831336366,8.962153543060585e-06,1.9003627171113169,0.03369746057701151,0.03552450111995948,-0.0003482683007244217,-0.011500362548040592,0.014933592974173434,1.910407743087202,0.01704869211176542,0.017083903028019095
18.2,straight,1.9206762725350046,8.996399498978495e-06,1.9038344977925739,0.03346378351547613,0.037454881623763404,-0.00047708475595186915,-0.011498811079195434,0.015048368254026159,1.9193143838823885,0.017405228065517885,0.01744945892799898
18.22,straight,1.9297166409947977,9.03064264143919e-06,1.9434660282206682,-0.0038132933107884203,0.01427080269262715,-0.0006864493593027996,-0.011489293242505434,0.015153845979270905,1.9281411413924405,0.017754379770621432,0.017815151267135728
18.24,straight,1.9387565928814041,9.064883739159673e-06,1.929838535417525,0.029442764502846858,0.03075507148742971,-0.0004337228964902461,-0.012030132346186878,0.015257590199373889,1.9374284628639797,0.01755117544525768,0.01759231571725915
18.26,straight,1.947796132485223,9.099122895224571e-06,1.9359711972635576,0.03400058346337594,0.03598958322439607,-0.0005690885787180761,-0.012008526171104855,0.015355979802778164,1.9463303855219796,0.017904089649561628,0.017954918549237087
18.28,straight,1.9568352640266227,9.133361425550706e-06,1.9450055939973019,0.03444594187146888,0.036412015508071,-0.0007026959202388449,-0.011984263884488401,0.015453193067946283,1.9552312169878747,0.018256760692465117,0.01831799307006688
18.3,straight,1.9658739916958723,9.167598080242289e-06,1.9483276389063564,0.03416735774957975,0.038401255847174444,-0.0008345494083856082,-0.011957354840669615,0.015549231641909944,1.9641349460697624,0.018611736668810972,0.018683678859394894
18.32,straight,1.9749123197026535,9.201832262204209e-06,1.9873949377955538,-0.003522674692635212,0.012972659952389231,-0.0010489411252461807,-0.011930342927174886,0.01563996268353189,1.9729564609636996,0.018958484178392476,0.019049952357948475
18.34,straight,1.9839502521768821,9.236064493639203e-06,1.9743600498303133,0.030331135294303646,0.03180235139028067,-0.0008092165157368173,-0.012460449940000779,0.01572946437189497,1.9822304233559254,0.018747550376882787,0.018817072951000685
18.36,straight,1.9929877931951552,9.270294848666535e-06,1.9805644964365425,0.03495348978110298,0.037086881479251814,-0.0009475953370632498,-0.012427224315415873,0.01581817517909268,1.9911255094786442,0.019099217995256233,0.01918056839212744
18.38,straight,2.002024946764621,9.304524777022512e-06,1.991776573184128,0.03515011484523776,0.03660472252352075,-0.0010841465777918485,-0.012390907278882372,0.01590551910703436,2.0000217077607645,0.019454154422839078,0.019547765960966888
18.4,straight,2.011061716870657,9.338752795158801e-06,2.0010512508520644,0.03556099495182139,0.03693412633870138,-0.0011867895860157595,-0.012357833210854924,0.015992861732727567,2.008952594267873,0.01980693403391216,0.01990962523676626
18.42,straight,2.020098107509156,9.372978427079399e-06,2.0300004485095533,-0.017477046855152858,0.020095552639436503,-0.0012881037399832982,-0.012322352008943686,0.016079173619929825,2.0178846276271383,0.020161013697984943,0.020272841855009886
18.44,straight,2.0291341226026844,9.407202130254957e-06,2.0412745409025894,-0.024213273781275496,0.02709479711163223,-0.0010948805520533005,-0.013076717126497741,0.016167070525873573,2.0271100235460207,0.01973001487563178,0.019824211056265376
18.46,straight,2.0381697660227474,9.441423984296824e-06,2.05033749705118,-0.025152852107560176,0.02794986036007853,-0.0009038222763454359,-0.013835692571238005,0.01625357990242338,2.0363331850395783,0.01929254977689135,0.019370371639637996
18.48,straight,2.0472050415371825,9.475646060291789e-06,2.0388499777856666,0.030166321901944973,0.03129285008421192,-0.0007149058907108772,-0.014599988414373656,0.01633904759634649,2.0455532270120718,0.01884928834067752,0.018912086970866736
18.5,straight,2.0562399529805617,9.5098687040378e-06,2.0455987282057175,0.036758871636944114,0.038259002275042975,-0.0008302873551037392,-0.014551634019358545,0.016428394308744085,2.054468375907078,0.019228808183667578,0.019300774933842788
18.52,straight,2.065274504120424,9.544089563250204e-06,2.074764891091014,-0.003745027857801794,0.010206089131468579,-0.0009441840340702559,-0.014500444133048311,0.016516638652671327,2.0633848376515265,0.019610338277865548,0.01969167266069242
18.54,straight,2.074308698628414,9.57830599131934e-06,2.0860527333190446,-0.008759954371211987,0.014656979709042063,-0.0007599742154360755,-0.015061968443908358,0.01660976547472728,2.072598894738906,0.01939042235060673,0.019456118452103495
18.56,straight,2.0833425402243506,9.612518131569381e-06,2.095104818592485,-0.009330073391805633,0.015019351693923452,-0.0005779218768829959,-0.015626518435326173,0.016701734463038524,2.0818099524920153,0.01916716236422181,0.019218754935290086
18.58,straight,2.0923760325578797,9.646728818065432e-06,2.082890323096263,0.03295227730155114,0.03428112590102276,-0.00039799704397706855,-0.016194112013118832,0.016792556836299728,2.081986708691761,0.018788696051468306,0.021461377958035127
18.6,straight,2.1014091792498135,9.6809384995653e-06,2.089150316991707,0.03811705425690415,0.040030633333629356,-0.0005328104913283889,-0.016147963873368917,0.0168888935728157,2.0999133870327715,0.019342280828422875,0.019390379389285457
18.62,straight,2.1104419838887623,9.715146385934876e-06,2.1306383526691706,-0.004262583492711943,0.02064330030726408,-0.0006718798878643146,-0.01609854865568732,0.016983946531990455,2.1088014481300963,0.019744409350743335,0.01980276528454951
18.64,straight,2.119474449998137,9.74935262948619e-06,2.108272493477614,0.0336840050650529,0.035488580243134116,-0.0003309355494404417,-0.016669599441511942,0.017074189121508,2.1181688114165733,0.019516386315352185,0.01955028331511149
18.66,straight,2.1285065810666595,9.78355712799535e-06,2.1134075273069763,0.038914923424152856,0.04173237750848337,-0.0005091257527274205,-0.01663063184699992,0.017173880348726436,2.1270185511784567,0.019922728201539088,0.019968465072698127
18.68,straight,2.1375383805035426,9.817761646665306e-06,2.12352580636356,0.039005365731759944,0.04143675898906574,-0.0006850421382966423,-0.016587708653113556,0.01727214730902738,2.135870638124732,0.020329579810265456,0.020388087069525915
18.7,straight,2.1465698517439336,9.851964550130252e-06,2.1326693254715035,0.03949238375023387,0.04185803324163769,-0.0008423334805741189,-0.01655879756503547,0.017374285548970234,2.144737839042175,0.020730360961245208,0.020801340428480242
18.72,straight,2.155600998201308,9.88616480239617e-06,2.170950969438105,-0.00806253573101895,0.017343171919652577,-0.0009975905441133447,-0.016526661306946955,0.01747532874489914,2.1536068971213176,0.0211369159443387,0.02122092897171641
18.74,straight,2.164631823237343,9.920363146149123e-06,2.15155649784444,0.03431355441170831,0.036711080657860884,-0.0007204457472332385,-0.01719085253469554,0.017571449320791722,2.162908879958017,0.020838840312689535,0.0209000583685372
18.76,straight,2.1736623301646745,9.954559689876635e-06,2.148928616536155,0.03990497481285482,0.04694005997927614,-0.0009127480860010909,-0.017160825021790012,0.01767234979163631,2.171742174881286,0.021246879165529867,0.02132355418372971
18.78,straight,2.182692522223334,9.98875634870352e-06,2.165170183262019,0.040645687034883575,0.04425259695497363,-0.0012222401852016742,-0.01713015439151211,0.01777204426881406,2.1804579960457344,0.02165512176769693,0.021760167515838095
18.8,straight,2.191722402658044,1.0022951613035813e-05,2.168966545384116,0.04034194411848307,0.04630866987165597,-0.0014081620313659959,-0.01709263303759896,0.01787048287137775,2.189296977969864,0.022068549783123614,0.022191468876451296
18.82,straight,2.2007519747173205,1.0057144040504788e-05,2.2083637974329764,-0.019229594827823965,0.02069067550982913,-0.0016817839643419358,-0.01706791568115854,0.01796929281365073,2.198047045784247,0.022472603252567707,0.02262482305368794
18.84,straight,2.2097812416047447,1.0091334626125009e-05,2.1946933806626445,0.03405721535969065,0.03724043772817764,-0.001494808191381554,-0.017922188819816803,0.01806659591884053,2.207259113039741,0.02199606983325502,0.022130169069407908
18.86,straight,2.2188102064651503,1.0125523452268032e-05,2.200809966579873,0.04121603080122993,0.04496593450256216,-0.001695035877378117,-0.017889919873429312,0.01816409217955495,2.216083218142464,0.022408313546197017,0.022563583315029865
18.88,straight,2.2278388723626676,1.0159712592106269e-05,2.209830554492506,0.041777117196229605,0.04548382404715736,-0.0018926897001389196,-0.017853462480181735,0.018260178912267815,2.2249086475686752,0.022822929727621726,0.023000188979701065
18.9,straight,2.2368672423529716,1.0193900226085104e-05,2.2127993692933736,0.04154084402952349,0.04800059805643086,-0.0020877871929101924,-0.017813234583087794,0.01835505590947611,2.233737228190115,0.023239950327032827,0.02343967944124776
18.92,straight,2.245895319563857,1.0228085075304282e-05,2.253569604894844,0.007062654278418291,0.010422637408734546,-0.002369373171522305,-0.017783351693914158,0.018449782098273807,2.242478376471909,0.02364904092707755,0.023884492305109244
18.94,straight,2.2549231070377687,1.0262268096767105e-05,2.239134062912421,0.03802125394892332,0.041159803242387355,-0.0021701499120719493,-0.018263876188033833,0.018543266190010694,2.2517004112543804,0.0235461695670957,0.02375551936917692
18.96,straight,2.263950607758801,1.029644937825243e-05,2.2451470092777916,0.0423807807457006,0.046355509438899656,-0.0023719938781865506,-0.018222930046896034,0.018632745771773134,2.2605209563363897,0.023957206008432604,0.02419125846889277
18.98,straight,2.2729778246635703,1.0330630035345717e-05,2.256235736116987,0.04240595717291175,0.04558164848779253,-0.0025712417898051346,-0.018178057367195834,0.01872094420494482,2.2693439892128677,0.024371621366291597,0.02463081903671065
19.0,straight,2.2820047606664673,1.036480926072313e-05,2.2654838279828735,0.042885667576651416,0.04594815343548919,-0.0027376936229000894,-0.018128268889041427,0.018804018658108084,2.2781993125503472,0.024780020546166046,0.025060272957198378
19.02,straight,2.29103141869156,1.0398986150165206e-05,2.3053558076589913,-0.01238738469715378,0.018944475700009945,-0.002902028009840249,-0.018074700559818416,0.018885854528645062,2.287055887232375,0.025190827648376067,0.025492329002984704
19.04,straight,2.3000578016144573,1.0433161243474452e-05,2.285351219842056,0.03675267008530643,0.03957619892829906,-0.0026104508061331726,-0.018828611102676175,0.01896204951413161,2.29636813419076,0.024782332067285005,0.02504517161268084
19.06,straight,2.3090839122704807,1.0467334619556336e-05,2.2907618715905933,0.04339555066825287,0.047095250615553114,-0.00280025033309126,-0.018766318252889526,0.019039185134253924,2.3051985845971865,0.025194596193062677,0.025482074434541886
19.08,straight,2.3181097534334043,1.050150768848338e-05,2.2997783781821166,0.04395248837534067,0.047612367390001104,-0.0029876232957422124,-0.018700333711229016,0.019115239139612796,2.305007861555939,0.025436113163174404,0.028602819770511736
19.1,straight,2.3271353278482962,1.0535679595416597e-05,2.3016025056255205,0.043532954407474164,0.05045915122735104,-0.0031725900898204283,-0.018630820505279845,0.019190286450722547,2.322865325288767,0.0260316463421097,0.026369131991197566
19.12,straight,2.3361606383397486,1.0569848889322436e-05,2.3588513298573592,-0.0010854231031508425,0.02271714511329026,-0.0034611018188868315,-0.018568734623197917,0.019262822825267062,2.331596092733248,0.026435482467923672,0.026816246633662687
19.14,straight,2.3451856876405657,1.0604016377735448e-05,2.3314443612531646,0.0390894572752552,0.04142439888415961,-0.0030242909014223016,-0.019166101204175456,0.019334336564992994,2.341056124279622,0.026179541904454453,0.026492765120728037
19.16,straight,2.354210478441516,1.0638182183824032e-05,2.3358089745073354,0.044601566580373564,0.04823863848049761,-0.0032095080746279304,-0.01909767274189605,0.01940629933522599,2.3498925363148135,0.026593675638357663,0.026931440819345183
19.18,straight,2.3632350133745064,1.067234811456239e-05,2.345637539394341,0.04461990344267507,0.04795471394274494,-0.0033923723661793462,-0.01902526370028408,0.019477076545508037,2.3587287019699157,0.027007285063725118,0.027370128618474
19.2,straight,2.3722592950739596,1.0706512539457135e-05,2.354747996745523,0.04510318151948547,0.04837330742671574,-0.0035609292028656292,-0.018957077466684978,0.019546823599397058,2.367579550885176,0.027414576652928804,0.027800577410258563
19.22,straight,2.381283326183606,1.074067438170547e-05,2.3978448920737505,-0.01710565025999908,0.02381714305604569,-0.003727279452055993,-0.018885047389170188,0.019615434435931722,2.376432282819454,0.027827318864261586,0.028236406356237795
19.24,straight,2.39030710930372,1.0774834473242185e-05,2.3745277741492505,0.03824831341649669,0.041365405530815254,-0.00339025307282579,-0.01972094001674791,0.019677969576785095,2.3857872557818505,0.02731689003891563,0.027677662535290703
19.26,straight,2.3993306469894264,1.0808992871783105e-05,2.3795278164265645,0.04567890321603613,0.04977677097077747,-0.0035887681176190837,-0.01965370798877103,0.019748670244855,2.3946064589835583,0.027730752805316023,0.028119623704449787
19.28,straight,2.408353941736678,1.08431509115571e-05,2.3898843279816657,0.045917903468288605,0.04948317713367474,-0.003784756898816112,-0.019582360129626462,0.01981823724383482,2.4034293667893616,0.028147003710882953,0.028563875252987394
19.3,straight,2.4173769960003426,1.0877308844489919e-05,2.399045302185912,0.046449072994670125,0.04992551468599067,-0.00395821178609548,-0.019523224965826556,0.019891441602373335,2.4122723806625745,0.028561786399173696,0.02900364645403781
19.32,straight,2.4263998123354042,1.0911463588964986e-05,2.417313580093711,-0.013354708815330782,0.016161665192369834,-0.004129469184424414,-0.0194601147829447,0.019963563387671968,2.421118824764119,0.028980154836666248,0.02944666180293872
19.34,straight,2.4354223932272276,1.094561649287272e-05,2.4145380417271323,0.03974984595108119,0.04489249756230855,-0.0041626196439941855,-0.020270992687719883,0.02003026609045287,2.430103703270055,0.02851066066379769,0.02899176125450301
19.36,straight,2.4444447410997157,1.097976769025948e-05,2.4221253958506197,0.04692043583048641,0.05194853453617094,-0.004383488583733758,-0.02021675828328143,0.020105147370763226,2.4388989308503994,0.028928922809286176,0.029444922161187766
19.38,straight,2.453466858289559,1.1013919873486264e-05,2.4341947646112505,0.047233880218106324,0.051004045880364016,-0.004601539345562782,-0.020157985322136387,0.02017882108505429,2.447697624265302,0.029349783846005822,0.029900626782814674
19.4,straight,2.4624887471921966,1.1048070744302235e-05,2.443544308761537,0.04779132473865035,0.05139889673830267,-0.00477143886197737,-0.020113439061520872,0.020257280611901986,2.456542882791923,0.029768780859320196,0.030345938182608997
19.42,straight,2.471510410199997,1.1082218639598327e-05,2.4935588381399914,-0.008183649231720054,0.02352204919152749,-0.004939207287541311,-0.02006432854532296,0.02033450553182966,2.4653905386262314,0.030191080013735036,0.03079423801608589
19.44,straight,2.480531849668594,1.1116364683061e-05,2.465057530905479,0.041538765019949984,0.044317041237178646,-0.004501704051086127,-0.020832581215018707,0.020406246137929143,2.4748448245198977,0.029783455663122994,0.030310632496589985
19.46,straight,2.4895530678987114,1.1150509006837459e-05,2.469394387632991,0.04829834646034418,0.052326147220088735,-0.004688990355812697,-0.02077860852911319,0.020480364876932607,2.4836736190442394,0.0302060145935893,0.03076195273253569
19.48,straight,2.498574067135337,1.1184653417632327e-05,2.4784054825957864,0.04890323623511011,0.05288860472914628,-0.0048738862987599465,-0.020720806953861942,0.020553637029860947,2.4925050288954878,0.030631407545429527,0.03121588177696156
19.5,straight,2.507594849611962,1.1218796625230654e-05,2.480298385742689,0.04842956024440204,0.05558266571801006,-0.00505645283309861,-0.020658262525208162,0.020625698502755488,2.501338306453269,0.03106024021892049,0.03167311262851727
19.52,straight,2.51661541761608,1.1252937120315567e-05,2.521956131352774,0.00040631146152726326,0.005355305262542446,-0.005341573599241243,-0.020602843427814294,0.02069494050886103,2.5100693445919724,0.031475888895865646,0.03213836318254745
19.54,straight,2.5256357733781556,1.1287075803407148e-05,2.5072732654241876,0.043196904154314375,0.04692738242019595,-0.0051309518997078,-0.021256459152682698,0.020763008674903122,2.5192948923317835,0.03118130298483405,0.031808436997335536
19.56,straight,2.5346559190830646,1.1321212811559337e-05,2.513237934843729,0.049063967206321585,0.05352468708774534,-0.005327275927050944,-0.021168618048639065,0.02081918637746434,2.5281141564065956,0.0315991258315673,0.0322580851810508
19.58,straight,2.5436758568638993,1.1355350391705002e-05,2.5240370281305493,0.04899606233490358,0.052774853030362286,-0.005521106844568269,-0.021076994331481066,0.020874514107341004,2.527917402091968,0.0318309190311151,0.03550793614997373
19.6,straight,2.5526955888645944,1.1389485890206387e-05,2.532842296295407,0.049475125654503814,0.05329929100462751,-0.005686918376869566,-0.02096018065326469,0.02091682119473233,2.545789372750754,0.03243186009256741,0.0331478918691595
19.62,straight,2.561715117238549,1.1423619148814326e-05,2.5772797680482293,-0.01475261423706539,0.021453092286358326,-0.005856610474147132,-0.020840550243508456,0.02095858062912161,2.554633009953431,0.03284801552239956,0.03359163603366999
19.64,straight,2.5707344440918547,1.1457750639390846e-05,2.590273281886008,-0.022900907369208388,0.030112167934764445,-0.005502745573774132,-0.021643519705585403,0.02098889450084556,2.5640048351285305,0.0323118687503717,0.03299400229664297
19.66,straight,2.579753571500291,1.149188048556358e-05,2.5993234818132063,-0.024025220678638215,0.030995885860957306,-0.005153063026984144,-0.022453898326919748,0.02101899356792092,2.5733669999154523,0.0317680570183184,0.03239240228759959
19.68,straight,2.5887725015160186,1.1526009283698133e-05,2.573964305513415,0.042210153453903144,0.044721435878796525,-0.004807520103254316,-0.023271604695163494,0.021048843119822903,2.582727831969227,0.031217055681776844,0.031785580253799975
19.7,straight,2.5977912361758086,1.1560137323251685e-05,2.579154724387814,0.05009997986717247,0.0534431413995997,-0.0049729742486674545,-0.023084074773763084,0.02107026725435921,2.591579134132215,0.031650142910610364,0.03224267562877127
19.72,straight,2.606809777495286,1.1594264354416962e-05,2.6173136691074537,-0.012127298701405522,0.01605255311264662,-0.005136356417447259,-0.022893528634522143,0.021091184175468645,2.6004319727153407,0.032084066743792446,0.03270045695025384
19.74,straight,2.6158281274345256,1.1628388277904448e-05,2.5978893155754017,0.04293573050428676,0.04652181760617917,-0.0048689835980233265,-0.023612051642117427,0.021106927715494998,2.6097143952311335,0.03159676544883464,0.03217139419715828
19.76,straight,2.6248462879747763,1.166250781250981e-05,2.603379156953068,0.05035148701351001,0.0547260052038115,-0.00507122633169378,-0.023416725473095538,0.02112444854893863,2.6185270649262957,0.03202706153409783,0.03263308680999575
19.78,straight,2.633864261058193,1.1696627083689574e-05,2.6136728236829776,0.05037583956578152,0.05426086100705392,-0.00527087774932124,-0.023218904821031224,0.02114175146588266,2.6273434308319428,0.0324615781606703,0.03309858060979929
19.8,straight,2.642882048622056,1.1730744075129312e-05,2.6228241648760595,0.05088987248538186,0.054689158042672444,-0.0054493746620656956,-0.023013799897989073,0.021153848645984085,2.63617947574533,0.032888849599403594,0.033553381757957204
19.82,straight,2.6518996525962706,1.1764859140545395e-05,2.6568866343683553,0.007031167217382676,0.008610574699867599,-0.005625592316414825,-0.022806323906511872,0.02116575224937767,2.645017701172191,0.033319088333238975,0.03401086668127728
19.84,straight,2.6609170749089657,1.1798973283304983e-05,2.641764405443983,0.0459087586021222,0.04973284277825012,-0.005431047730149017,-0.023241753143523038,0.02117418667375953,2.65422806162662,0.03309660971004833,0.03375422344209623
19.86,straight,2.6699343174427668,1.1833085764338834e-05,2.6477819725551868,0.05129634613357703,0.05586436845225731,-0.0056351640172725165,-0.023034903928104894,0.021184331418208815,2.6630379484187894,0.03352198456691847,0.03421242695285985
19.88,straight,2.6789513820266535,1.1867198222519223e-05,2.65678923375199,0.051880950764722766,0.05640534235492906,-0.005836660831887859,-0.02282560135673987,0.021194308930911763,2.67185081253989,0.03394830768029291,0.03467131493943461
19.9,straight,2.6879682704945225,1.1901309188271133e-05,2.6594468029801903,0.051448885368207686,0.05881528235296437,-0.006035607877634155,-0.02261313882445644,0.021203856786611058,2.6806660770683606,0.034377495204656036,0.03513283467955999
19.92,straight,2.6969849846839224,1.193541773252508e-05,2.7022071596272568,-0.004392649257794948,0.006831652604068821,-0.006325247403510132,-0.022423060866693365,0.021216901236781223,2.689390150721735,0.03479401021648292,0.03560160432085979
19.94,straight,2.706001526394573,1.1969524534699462e-05,2.6865816714332347,0.045548878604022645,0.04950495788537715,-0.006104044692840551,-0.023058621528187002,0.021229579011784086,2.6986244916392574,0.03438372234990347,0.03515448810705937
19.96,straight,2.715017897402859,1.200362968702616e-05,2.692425372934215,0.05231271480320023,0.05697180487856715,-0.006304453205973061,-0.022873681170590854,0.0212463256724599,2.7074376111660583,0.034805426733649225,0.03560959183595289
19.98,straight,2.7240340994366505,1.2037735343627695e-05,2.7014313074241114,0.05289895675873058,0.05751445392723808,-0.006502321400225916,-0.022685978593982758,0.021262791650977605,2.7162526431123255,0.035228701439949675,0.03606611241887175
20.0,straight,2.733050134235185,1.2071839891742303e-05,2.7043033049762837,0.05262793250767765,0.05995672594673841,-0.0066976678336458624,-0.022495743540704237,0.021279067308222988,2.725070710503262,0.035654848398775814,0.03652504242187972
20.02,straight,2.7420660035495246,1.2105941515513335e-05,2.7479167322407996,-0.009002806454000499,0.010747077357018364,-0.006980364173734318,-0.022334999102115193,0.021302242409816888,2.733800651898263,0.03607144133183555,0.03699448211166903
20.04,straight,2.7510817091056765,1.2140041357282217e-05,2.7316368142445135,0.04620054426300235,0.050114594887156,-0.00674010416958964,-0.023084817321666874,0.02132482609278224,2.7430535789186368,0.035575570457611214,0.036458311223530285
20.06,straight,2.760097252589759,1.217413951547608e-05,2.7373962474019344,0.053633908420844194,0.058229082286045494,-0.006932417443853464,-0.022937233960907997,0.021355440095134386,2.7518728383295508,0.035999856144050164,0.036915501432095224
20.08,straight,2.7691126356685345,1.2208236574922417e-05,2.748228968314753,0.05403226665424771,0.05791626950686812,-0.007122289280303951,-0.02278666040245869,0.02138570652550504,2.7516811814141557,0.036233928862671926,0.040197868631776
20.1,straight,2.778127859982959,1.2242331088190893e-05,2.757031260675371,0.054601740128379754,0.05852418108872112,-0.00728239471380931,-0.02265513689405659,0.021422516749775997,2.7695461247718893,0.03685085217177239,0.03782498320194034
20.12,straight,2.787142927164851,1.2276421123604527e-05,2.7971163228540017,-0.003150853394519129,0.010462982930454372,-0.007446460624779157,-0.022520383723454614,0.021458836577385478,2.778391171135437,0.03728286272075283,0.038284328865953655
20.14,straight,2.796157838861035,1.2310508243878751e-05,2.777366702820191,0.047820904466546424,0.05136894441172933,-0.007150695063907431,-0.023227700084502145,0.02148985381143821,2.787700745473033,0.036856855720345714,0.03780268430230846
20.16,straight,2.8051725966733443,1.2344592557620678e-05,2.782790544096809,0.054743269875768094,0.05913062201512145,-0.007333049819752169,-0.023083861752432155,0.021520467850921574,2.79652787126094,0.03727999856032277,0.038257147171697856
20.18,straight,2.8141872021660532,1.2378675708291546e-05,2.7933467000182857,0.05473708846503156,0.05855869185096913,-0.007513075325137026,-0.022937288174449486,0.02155087068197961,2.8053582278933065,0.037704536606318784,0.03871239538151712
20.2,straight,2.823201656891527,1.2412756892354708e-05,2.802520921653964,0.05526410383243879,0.05899527249427527,-0.007668506061675758,-0.022774011418447565,0.021572889960453936,2.8142119293269183,0.03812471495939264,0.03915817642409556
20.22,straight,2.8322159624223673,1.2446835999103552e-05,2.846660453709736,-0.001751695261137001,0.014551822081435635,-0.007821986570705375,-0.022607918559053846,0.02159465766671686,2.8230695911396433,0.038548912298105656,0.03960701046473426
20.24,straight,2.8412301203235018,1.2480914169197814e-05,2.8234257149488315,0.04823377606368918,0.051403211540162586,-0.00745678316887294,-0.023273197621508666,0.021611341433273906,2.8324465958658633,0.038127294341140296,0.0391137994123653
20.26,straight,2.850244132127642,1.2514990563616554e-05,2.8284140925025834,0.05501036017694114,0.05917189877954219,-0.0076293243578181204,-0.02306325188789098,0.021613641616311165,2.841286960402042,0.038538288235646256,0.03955333272245734
20.28,straight,2.859257999320519,1.2549066613199692e-05,2.8374199720395814,0.05559213014983313,0.05971590465620696,-0.007799676555641475,-0.022851864904211493,0.02161619952074011,2.850128810332291,0.03895181566623887,0.03999510688696197
20.3,straight,2.8682717233835007,1.2583142790929632e-05,2.839226481191177,0.0547330431321842,0.06195122949112084,-0.007967868688785993,-0.02263752294419934,0.021618497398493374,2.8589726973154295,0.0393672909279183,0.040438408854298814
20.32,straight,2.877285305812336,1.261721546171635e-05,2.8957847626994977,-0.013258335698061865,0.022767259307016174,-0.008240755508551315,-0.02240037673455118,0.021606206021891568,2.867714203716938,0.03976380561953673,0.0408871981781193
20.34,straight,2.886298748082453,1.2651286262103397e-05,2.8688479901806643,0.04692173259694648,0.050049883723733424,-0.0077985537678065585,-0.023168043073055027,0.021594120359193707,2.8771693313290974,0.03915466841162784,0.04019258333198891
20.36,straight,2.895312051636836,1.268535534720191e-05,2.8732668836622666,0.054933759285923166,0.059180349717746376,-0.007970994075105833,-0.022897455572154897,0.02157044833900025,2.886009512410038,0.03955201291633837,0.04061890766676854
20.38,straight,2.9043252178761207,1.271942477822343e-05,2.8828935637442825,0.0549040298449269,0.058926833942337865,-0.008141179866773816,-0.022625103157726038,0.021546902291414767,2.8948520888853886,0.03995012480977494,0.04104554204491171
20.4,straight,2.9133382482047097,1.2753493675825803e-05,2.891968574696285,0.05536767088463004,0.05933658083523205,-0.008300420680601911,-0.022341428785515472,0.021517288178552182,2.9037060610846464,0.04034040616221275,0.04146201392202346
20.42,straight,2.9223511440608405,1.2787559248697117e-05,2.9279985134649595,-0.0029354293524536585,0.006370617249923864,-0.008457630191937593,-0.02205666893017192,0.021488010730356832,2.9125629431164586,0.04073338965956648,0.041880500392664895
20.44,straight,2.93136390684532,1.2821623048239459e-05,2.911358867471988,0.048448400109705164,0.05240426379280283,-0.0082154122099964,-0.022623072486171486,0.021454430063764195,2.921819067404761,0.04026315094041491,0.041366568265962245
20.46,straight,2.940376537927847,1.2855685139205464e-05,2.9171819910913017,0.055358594022058324,0.06000948054275593,-0.008397956237676687,-0.02233948313449719,0.021423631481312048,2.9306494795690465,0.04065009123222811,0.041785171738609524
20.48,straight,2.9493890386643784,1.2889745846290863e-05,2.9276009153188416,0.05549876281779201,0.05961043893041216,-0.008578141950245153,-0.022055264191532597,0.021393374295401543,2.9394817340800277,0.041038490350689454,0.042204911907445145
20.5,straight,2.958401410379949,1.2923803324401482e-05,2.9286526118915273,0.055829301914568495,0.06324918242129372,-0.008735350316459686,-0.021768629758546522,0.021361078757589285,2.9483367326139365,0.0414223033100227,0.04261495570411205
20.52,straight,2.9674136544135052,1.2957856911083654e-05,2.9807785952498898,0.010560035057195103,0.017025348191118127,-0.00900989725924006,-0.02148382602636531,0.02132937962821542,2.9570746883865704,0.04180516273750841,0.04305209178760001
20.54,straight,2.9764257720952827,1.2991907599567878e-05,2.958177019312926,0.05081059025378464,0.053976040757468646,-0.008633268454632838,-0.021859424257872795,0.021293934134979407,2.9664633478606897,0.04151630461542901,0.042682254654058324
20.56,straight,2.985437764726939,1.302595550197005e-05,2.9631264489822686,0.056323350247238085,0.060569360505942714,-0.00879867515054361,-0.021573448550213436,0.021261514527720758,2.9753101841306355,0.04189740871072797,0.04309140758342539
20.58,straight,2.9944496335792508,1.3060002594139517e-05,2.9721306625411086,0.0568610424220447,0.06107233066916301,-0.008961996183664452,-0.021285030258024563,0.021229054677846505,2.975148921779921,0.04208896324391538,0.04629145827832395
20.6,straight,3.0034613799319345,1.3094047115220529e-05,2.9734285514237544,0.056389352116567544,0.0638768601460282,-0.009123240977058404,-0.020995561097318715,0.021197026051645026,2.9930079194814754,0.042666270511849194,0.043915467638646975
20.62,straight,3.0124730050440007,1.3128089882865433e-05,3.0179079857802873,-0.002050968555908198,0.005813734648827032,-0.00939575808095047,-0.02072274942669978,0.02116636495225517,3.0017467985141995,0.04303402100075993,0.044337892748405446
20.64,straight,3.0214845101856582,1.3162131603412121e-05,3.001402031369362,0.04996757501306557,0.053840034562940085,-0.009130081825621437,-0.021314364774703932,0.021135923553372564,3.0110249823052633,0.042542575502847776,0.043796720484334646
20.66,straight,3.030495896601778,1.3196171540660197e-05,3.00711859890268,0.05694499055862152,0.06154451445778977,-0.009302689745652107,-0.02104753123160822,0.021108568247715766,3.0198612599078003,0.04291827828231465,0.044203411277243664
20.68,straight,3.039507165496417,1.323021153874684e-05,3.017425551743632,0.057166366097033586,0.061270536210098765,-0.009473129479332652,-0.020778918499402547,0.021081380137686203,3.028703304615969,0.04329581465132614,0.044610598804671955
20.7,straight,3.0485183180711317,1.3264250453596468e-05,3.0265717252420723,0.05765979076035796,0.061682857873655864,-0.009622057470404724,-0.02052266565687265,0.021057510682430274,3.037565189307716,0.043668878240898795,0.045008706519858124
20.72,straight,3.0575293555512246,1.3298286336010734e-05,3.0664780111160117,-0.005688496432093032,0.010610791649462355,-0.00976912972730513,-0.020264781377810022,0.02103384736295176,3.046428307866483,0.04404475433960435,0.045409276385666025
20.74,straight,3.066540279134472,1.3332320316764092e-05,3.0789432773786705,-0.01372910605071512,0.01851186046369204,-0.009459335749805998,-0.020956304521131265,0.021013979632869485,3.055748891127527,0.04348266651889903,0.044788805194875096
20.76,straight,3.0755510899935388,1.336635246804968e-05,3.0879769212093615,-0.014844377824113276,0.019368888543766557,-0.009153308549666443,-0.021656041670720792,0.020994495469519887,3.06506382289539,0.04291347833472436,0.04416336014478571
20.78,straight,3.08456178926167,1.3400385150770349e-05,3.0672709777961993,0.050319172330669376,0.053194387412291766,-0.008851002203009831,-0.022363150197901978,0.020975109342744897,3.074376441139938,0.04233521803721247,0.04353019142773479
20.8,straight,3.0935723781037723,1.3434418861201315e-05,3.072970757801615,0.05806836335670996,0.061601960464362886,-0.008990589096190127,-0.022074146329093984,0.02094675406058039,3.0832473358424797,0.04272543607761901,0.04394225282567119
20.82,straight,3.1025828576782857,1.3468452427014803e-05,3.103985808847716,0.007345562975491856,0.007465110989058617,-0.009128431707310659,-0.021783970500379026,0.0209187960929807,3.0921187233571295,0.04311718903082787,0.04435570802943018
20.84,straight,3.1115932290854573,1.3502482882692562e-05,3.090672775101879,0.051753684573013325,0.055809603453159246,-0.008940787575600304,-0.022235384281181436,0.020887413606993407,3.1013160731765064,0.04275840349872648,0.04396301282249851
20.86,straight,3.1206034934588445,1.3536510450462197e-05,3.096921807504587,0.057802853234360026,0.06245340164516597,-0.009120432822986056,-0.021928580718156343,0.020850687761987483,3.1101467270176073,0.04313992582291475,0.04437600049054464
20.88,straight,3.12961365189571,1.3570537756156498e-05,3.1079510286289977,0.057676603417062475,0.06159784580352999,-0.009297815329278867,-0.021620488826393343,0.020814339673818516,3.1189811622802526,0.043522131725041366,0.04478889072092038
20.9,straight,3.138623705483269,1.3604563827474046e-05,3.117180614609498,0.05812991027748689,0.06194603406211196,-0.009443601373369375,-0.021294240351242087,0.020769825834958514,3.1278471390609686,0.043896320842777406,0.045186581767965944
20.92,straight,3.1476336553236592,1.363858715725765e-05,3.1423109838891583,0.0014717798841841203,0.005518786754509313,-0.009587530229243052,-0.020966775793521877,0.020725695614168472,3.1367150471599956,0.04427246022644669,0.04558573567608684
20.94,straight,3.156643502491278,1.367260863191394e-05,3.135033867181984,0.05090979425306783,0.055293684419162166,-0.009492531791276494,-0.021467137334920474,0.020677960771210875,3.145821759437461,0.04380823109777114,0.04511178865863629
20.96,straight,3.165653248043114,1.3706628330596246e-05,3.142029876267087,0.057564010215096786,0.062210136931189465,-0.009665393492640588,-0.021109011312916044,0.02062020593046036,3.1546611275103382,0.04417022751711718,0.045504121250815446
20.98,straight,3.174662893004694,1.3740648619771942e-05,3.153565251281761,0.05764943130516001,0.06137575517845488,-0.00983603464228283,-0.02075057557076629,0.020563149369607354,3.1635020694153297,0.04453373833896291,0.04589764893260944
21.0,straight,3.1836724384199613,1.377466761339237e-05,3.1628504579993444,0.05810568044208206,0.061710812546476,-0.009967558277659414,-0.02037749085560649,0.020500280113082362,3.172383028286184,0.04489273064743903,0.04627711606191294
21.02,straight,3.192681885329165,1.380868372263181e-05,3.2071042504102203,-0.0008160520464834362,0.014446220383296873,-0.010097409123908423,-0.020004594402445116,0.020438248123893814,3.181264835196743,0.04525192518789392,0.046656577441677095
21.04,straight,3.2016912347535964,1.384269793476665e-05,3.2200445636859722,-0.008291335926785779,0.020144991310211562,-0.009707116041530642,-0.020488956353475155,0.02037157908343964,3.1906663559621964,0.044737595423016634,0.04606258796658444
21.06,straight,3.21070048769694,1.3876710398241564e-05,3.229071164571611,-0.009323572998491176,0.020607516490339393,-0.009321743256293362,-0.020982766664650928,0.020305936768038636,3.2000630734262536,0.04421582602564711,0.04546390772507383
21.08,straight,3.2197096451330935,1.3910723548480008e-05,3.2036033324814746,0.05092836704927053,0.05340126562334979,-0.00894123295937719,-0.021485073947993545,0.020241016231613302,3.2004478096875193,0.043505163621161025,0.04756582158794771
21.1,straight,3.228718708060981,1.394473744293475e-05,3.208372394943903,0.0580877659717673,0.06153487767286488,-0.009073329080655224,-0.021082651906440233,0.020173320808588028,3.2183360532276346,0.04405158047332821,0.04524503157911302
21.12,straight,3.237727677465145,1.3978751156760308e-05,3.2403540014596808,-0.020906469140641162,0.021084655978168273,-0.00920970617476002,-0.020680674508807638,0.020106527268387134,3.227210264846522,0.04442125533560311,0.04563575551952532
21.14,straight,3.24673655428073,1.4012762312707004e-05,3.251943445667528,-0.031052857976742742,0.031500193260218114,-0.00900533181501164,-0.0214602813784112,0.02004406645763932,3.2364244058027696,0.04362194732054187,0.044810627787013876
21.16,straight,3.255745339422333,1.404676710941117e-05,3.2609759681659156,-0.03258237331707085,0.03301342271497372,-0.008803294894000927,-0.022251395720049267,0.01998240253041247,3.2456366793987765,0.0428089227171894,0.043972564344765964
21.18,straight,3.264754033899038,1.4080771066003851e-05,3.2468263818740786,0.04904876147051417,0.052209200515089996,-0.00860360473723948,-0.02305373547688877,0.01992143783768648,3.254848525963853,0.04198597405926593,0.04312492218717688
21.2,straight,3.273762638637251,1.4114776556468139e-05,3.253253106234124,0.058643528940997655,0.062113196058973606,-0.008747319518222042,-0.022649438925357594,0.019863043535848526,3.263714508165535,0.04237594842873037,0.043537224031293946
21.22,straight,3.282771154594627,1.414878129404646e-05,3.282615672179649,-0.00948341022238664,0.009498831602347917,-0.008889223556254213,-0.022244946523416204,0.01980545450988706,3.2725827558805567,0.04277030100974913,0.04395329363926778
21.24,straight,3.291779582661519,1.418278289579192e-05,3.2939013307963148,-0.018124860353389095,0.018262713408678157,-0.00872945797642824,-0.022865039509198444,0.019752880560084708,3.281751031350919,0.04215623820944473,0.0433188720647671
21.26,straight,3.30078792372683,1.4216781473509265e-05,3.3029274360302643,-0.019319143843548763,0.01945138416549601,-0.00857153660559103,-0.02349480223903671,0.019701093943932012,3.2909198887246607,0.041533281786363604,0.04267564731418054
21.28,straight,3.309796178704744,1.425078145077673e-05,3.2922166898638228,0.05095121295499949,0.05388517925531659,-0.008415484947954995,-0.02413318206707487,0.019649762851729934,3.3000844896657235,0.04090240023954367,0.04202567869883803
21.3,straight,3.3188043484978493,1.4284782863423756e-05,3.299024731308358,0.05932134497059416,0.06251848242139228,-0.008551168315040427,-0.02376106460622109,0.019608772032678603,3.308957935426643,0.04131430936275838,0.04245755387052753
21.32,straight,3.3278124339978774,1.431878426591294e-05,3.3373800686795727,-0.008474876007843638,0.012790858517736748,-0.008685171706787764,-0.023387713822374825,0.019568309320762457,3.3178335735498408,0.04172814580822925,0.04289080345279771
21.34,straight,3.3368204360500613,1.435278301570416e-05,3.349668524639487,-0.01703056095293992,0.021344846325703437,-0.008384847387071452,-0.02405781306282041,0.019539784884908408,3.3271425019437877,0.04113874001270558,0.04224781217510386
21.36,straight,3.345828355521249,1.4386778435624832e-05,3.3587004084810816,-0.018168841483201383,0.022278230123049126,-0.008088193104889292,-0.02473641142527987,0.01951173940781195,3.3364482522166607,0.04054235907546806,0.04159931341397084
21.38,straight,3.3548361932589046,1.4420774198930902e-05,3.339267019640852,0.051555569721945096,0.05384133358306441,-0.007795137102419436,-0.02542360668210693,0.01948418996813181,3.3457492232525414,0.03993920114599509,0.040945831431694044
21.4,straight,3.363843950105675,1.445476993285084e-05,3.34510704695824,0.059901481812278154,0.0627497214936207,-0.007924240662340426,-0.02509263101526495,0.019461960043568614,3.354627814258311,0.040370478866397504,0.04139499777547415
21.42,straight,3.3728516269112703,1.4488763427890533e-05,3.3865336507543784,-0.01325687603646764,0.019061135855328388,-0.008051744060410891,-0.024758504766746823,0.019439718095667694,3.363508046731502,0.04080490681579973,0.04184687199138088
21.44,straight,3.381859224496367,1.4522754559435729e-05,3.3991654662474327,-0.02249997143362379,0.028397331777758134,-0.007699851242956378,-0.02554098244325949,0.01942739948941108,3.372866122789902,0.040155135754465617,0.04113568633572385
21.46,straight,3.3908667436612774,1.4556740374478362e-05,3.408197186173059,-0.02373746024463229,0.029402424194447326,-0.007352258398836635,-0.02633195211200814,0.019415349212156666,3.382220199508812,0.03949877463539329,0.0404198736831507
21.48,straight,3.399874185214685,1.4590726106588387e-05,3.385433758065769,0.05136907246184555,0.0533461219826661,-0.007008921296905006,-0.027131422123556577,0.01940356451453657,3.391569628021304,0.03883451405584552,0.039698263406664866
21.5,straight,3.408881549970289,1.4624712187090549e-05,3.3909010127585417,0.060341952592315236,0.06294987059223801,-0.0071382651694364705,-0.026784156549032483,0.019382745461772963,3.400447066452193,0.03928568391917786,0.040166610554738226
21.52,straight,3.417888838736573,1.4658697353562044e-05,3.419312844159833,-0.0009432016482713167,0.0017161841064389568,-0.007266008519814757,-0.026435000609312316,0.019362327366049845,3.4093259618574248,0.039739188597143406,0.040636942997803745
21.54,straight,3.4268960522931735,1.4692680525943246e-05,3.4304911717836393,-0.008573358175269764,0.00931018268630966,-0.007107048900796726,-0.02696153259077884,0.019332238784055992,3.4184919196677193,0.03928373969551835,0.04015828057389794
21.56,straight,3.435903191414724,1.4726661309854175e-05,3.439515752486744,-0.00948206585819787,0.01016069218398307,-0.00694994641292293,-0.02749523500006575,0.019302593102206382,3.4276563077908238,0.038822468089793075,0.039674322732545335
21.58,straight,3.4449102568486296,1.4760642415005406e-05,3.4290290024278547,0.053144705308092066,0.05545272997928316,-0.006794664364392392,-0.028036514920151634,0.019273503193861282,3.4278135175620372,0.03818127576052521,0.041820824603236204
21.6,straight,3.4539172493635704,1.4794624535741036e-05,3.435456370521112,0.060726229669539056,0.06345614543020707,-0.006928939557716701,-0.027613929707914334,0.01923441296117139,3.4456948734219237,0.03882013833156739,0.03966689005135934
21.62,straight,3.462924169724559,1.4828606446234899e-05,3.4712294091034304,0.010744285174191948,0.013568280634608711,-0.0070675238813567845,-0.027189927268528563,0.019195847378942817,3.45456563950708,0.03928328054986652,0.040148179852008484
21.64,straight,3.471931018661053,1.4862585621315687e-05,3.4546437446939744,0.05444106799831207,0.0571057061670481,-0.006809928431979555,-0.027495792315841153,0.01915367807807529,3.4638289173833394,0.03900358876284924,0.03982166262271307
21.66,straight,3.4809377969153843,1.489656170106402e-05,3.460471909132743,0.06051911788148051,0.06387185107889486,-0.006976418515435749,-0.027058750284160608,0.019107499262397246,3.472672329701795,0.03944950600024784,0.040291517343352096
21.68,straight,3.4899445052134155,1.4930537571342114e-05,3.471261155050278,0.06070570082279094,0.0635014737713362,-0.007140785542629907,-0.02661982128658215,0.01906176120602583,3.481515733698859,0.039899550469978666,0.040765513567195294
21.7,straight,3.498951144275125,1.496451263847028e-05,3.4804589026229147,0.061323794364376814,0.06403698633690649,-0.007276883476991745,-0.026175869852175657,0.01901349581420827,3.49038714246027,0.04034708907481974,0.04123132788043757
21.72,straight,3.507957714825338,1.49984846889936e-05,3.513033117741336,0.0038010722707942464,0.006331987797963211,-0.007411268743621403,-0.02573005291934044,0.018965671541316266,3.49926045389626,0.040796367379600344,0.041698469955278976
21.74,straight,3.516964217574568,1.503245488887217e-05,3.524669666696013,-0.0033298218669322453,0.008400118844241602,-0.0071970676311578045,-0.02613576649383638,0.018917416869114523,3.5084826702419027,0.04039333752160432,0.041259473642025264
21.76,straight,3.525970653220625,1.5066423298686792e-05,3.5336888797121806,-0.004151575448193752,0.008771084577190077,-0.006985531229052305,-0.026548143010982003,0.018869634788895043,3.5177029386724756,0.0399829133067417,0.04081401583216272
21.78,straight,3.534977022439577,1.5100392322440293e-05,3.5197833696963987,0.05459673745583335,0.056656881207961966,-0.006776600222636923,-0.026969317955840708,0.01882292255383441,3.5269202559087693,0.0395664764031235,0.04036363253325585
21.8,straight,3.543983325922042,1.5134360240960452e-05,3.526236265776266,0.061745010188360844,0.06423033328243674,-0.006907865163063639,-0.02650548586022562,0.018772449152965942,3.535796616875024,0.04001990888228791,0.0408338608213863
21.82,straight,3.552989564354803,1.5168325802387315e-05,3.5542824640436184,0.004041272074758487,0.004228605089470646,-0.007037486265283611,-0.026040213493096348,0.018722544304878193,3.544675400382641,0.04047709335461472,0.04130729596080124
21.84,straight,3.561995738406253,1.5202288455271424e-05,3.5654167225048616,-0.00310311385472989,0.004628933761870216,-0.006885125259697493,-0.026436115062456515,0.018674151187910933,3.553835647063792,0.04007706764691607,0.040884473174014925
21.86,straight,3.571001848739158,1.5236246565731595e-05,3.5744362356602055,-0.00391446555088856,0.005218962515709247,-0.0067345901801900065,-0.026838946122069326,0.01862631686875379,3.5629937830674976,0.03967084225250507,0.04045610217878036
21.88,straight,3.580007896012191,1.5270202624847268e-05,3.564301395854672,0.0550694754163781,0.05725084854319796,-0.006585860248184603,-0.027248738410729004,0.018579048072473816,3.5721504543633276,0.03925985274831387,0.04002345123113061
21.9,straight,3.589013880866773,1.5304159301227497e-05,3.5711728451211546,0.06226137197421955,0.06475241705832947,-0.006720606430385755,-0.02679827322491866,0.018535926197199893,3.5810233182193425,0.03972236150948297,0.04050308006600401
21.92,straight,3.5980198039634104,1.5338114588336467e-05,3.602237950098789,-0.011412360577775513,0.012181340411583,-0.006853676738125398,-0.026345887067396025,0.01849324959127232,3.5898983100632678,0.04018768221020677,0.04098506915093377
21.94,straight,3.6070256659384654,1.5372068012420678e-05,3.6137141932094035,-0.020679912305740497,0.021749280272335077,-0.006660162968936572,-0.02699780491941492,0.018454264570867098,3.5990991964052688,0.039561709307607135,0.04033288618892095
21.96,straight,3.616031467421493,1.5406019280094138e-05,3.6227411017988196,-0.02188152460419686,0.02290185067209121,-0.006468910204089734,-0.027659342635160383,0.018415960454863402,3.608297818063906,0.03892818331117584,0.03967383985644428
21.98,straight,3.6250372090238585,1.5439970066472648e-05,3.6097997086413836,0.05366507737602845,0.05577154302775851,-0.0062799027139513325,-0.02833002009827723,0.01837819518003378,3.6174936239709887,0.03828691212386835,0.039007835831651995
22.0,straight,3.6340428913523795,1.547392317085765e-05,3.6163581536702947,0.06273131591880943,0.06516154375171027,-0.006416282900473543,-0.027887616054119813,0.018342996799428492,3.62636433605755,0.03876709641084298,0.03950504343552618
22.02,straight,3.6430485150456775,1.550787638612824e-05,3.6472299764113703,-0.011194863149699497,0.011964825017328134,-0.006550978781541124,-0.02744298738047738,0.018308190984189246,3.635236496483051,0.03924969987529003,0.04000436795938258
22.04,straight,3.6520540806989175,1.554182785823676e-05,3.6586833175642495,-0.020466888196307143,0.021528509495817597,-0.006361850506627876,-0.028109211464531183,0.018277713760649454,3.644432058993631,0.03863751237262812,0.039366887400922757
22.06,straight,3.661059588901523,1.5575776320520488e-05,3.6677082808952233,-0.02164220582125313,0.022655343938137305,-0.006174947615461096,-0.02878411971175505,0.01824767786503714,3.6536244851509427,0.03801811288831307,0.0387230370029297
22.08,straight,3.6700650402406723,1.560972796630617e-05,3.655070588119877,0.05405288625753457,0.05607905891806539,-0.005990251888846612,-0.029466883193805075,0.018217846805837466,3.653811172030499,0.03722617368301806,0.04060559446242207
22.1,straight,3.679070435319744,1.5643681986699934e-05,3.661255943634251,0.06315445858567516,0.06560385706233086,-0.006126574438105316,-0.029023208941130536,0.01818742910169882,3.6716830875109268,0.03788609603420098,0.03858424638385167
22.12,straight,3.6880757747318,1.5677637153871824e-05,3.7031990411838125,-0.007478508787133174,0.016878270596851253,-0.006267170407737261,-0.028577401470874442,0.01815743236021374,3.6805456339067497,0.03838532053386245,0.03910156668045449
22.14,straight,3.6970810590319445,1.5711590258189804e-05,3.7158827567829364,-0.01629391634356767,0.024889913653114354,-0.005920510262235472,-0.02917579383012363,0.018126697855717442,3.6898979115588904,0.03783586008292311,0.038496249682623225
22.16,straight,3.706086288795319,1.5745540909046882e-05,3.7249023939651105,-0.01736434361902383,0.025614708918273145,-0.005578230642398197,-0.029782064750655996,0.018096321506519093,3.6992475364375204,0.03727996324220436,0.03788654714672255
22.18,straight,3.7150914645850577,1.5779492376168316e-05,3.7023651744350925,0.05468328839579206,0.05612927035590394,-0.005240283678206358,-0.03039756167221222,0.018066667484544996,3.708593425281466,0.03671713750084233,0.03727216380164458
22.2,straight,3.724096586933115,1.5813443032280996e-05,3.7078561032544877,0.06339354245259853,0.06542545257409971,-0.005371648416819473,-0.02990586125761933,0.018026886371505128,3.717467305111572,0.03722426187173126,0.0377943912762276
22.22,straight,3.7331016564224484,1.5847391053589137e-05,3.7525831264265843,-0.015898517415967112,0.025155410565780602,-0.005501376540787953,-0.029412242907003092,0.01798762421557771,3.7263422211512784,0.037731889721142914,0.038316965096810915
22.24,straight,3.7421066736033026,1.5881335979778357e-05,3.7655719339057914,-0.0258760486244999,0.034942960351720904,-0.005104810863552874,-0.030012820276543176,0.01792687124058261,3.7357463012365804,0.03706699378957544,0.037593074770392955
22.26,straight,3.7511116390139563,1.59152767073699e-05,3.7745939143494587,-0.027172780549355884,0.0359255123227844,-0.0047132635755933565,-0.03062425490198096,0.017866967204452803,3.745146748714285,0.03639362131301598,0.03686349702281646
22.28,straight,3.76011655316897,1.5949216866000817e-05,3.7491206705443614,0.05289487580079473,0.054010094532065935,-0.0043266794074850205,-0.031246876126116138,0.01780798418770124,3.754539599768151,0.03571027371627122,0.036127374810574715
22.3,straight,3.7691214166028004,1.598315804942633e-05,3.7542849416025668,0.06247381772616941,0.06419581052818947,-0.004453395505140257,-0.030621395107471486,0.017733493979753785,3.7634197446517796,0.03621471518846044,0.03664501690061776
22.32,straight,3.778126229857847,1.601709849893124e-05,3.7808583615266707,-0.010589071296039317,0.010951367189157696,-0.004578545773479443,-0.029995259351870755,0.017659848894353087,3.7723026032591993,0.036723764179804635,0.037166830945691114
22.34,straight,3.787130993435909,1.6051035307608104e-05,3.7837212593981864,-0.019835117602571083,0.020141876340040978,-0.004444133388632027,-0.030397825925413645,0.01757198619791599,3.781446231115291,0.03614692684613745,0.0365753565874555
22.36,straight,3.7961357078520592,1.608496745344248e-05,3.7999425947114585,-0.020905095930802354,0.02126471720333496,-0.004430608259876602,-0.03081267371180442,0.017485246931541704,3.7904696239939764,0.03556091277362418,0.03599360068202618
22.38,straight,3.8051403736115077,1.611889886249851e-05,3.7926824195339544,0.052580443841197214,0.05402044868789761,-0.0042978132434199345,-0.03123862322228168,0.017400016590180273,3.7996114346244347,0.034967739880108116,0.03538622578828412
22.4,straight,3.8141449912152297,1.615283127104344e-05,3.799774234820455,0.06139563058076717,0.06303934428718981,-0.004420460539091733,-0.030472612828978396,0.01728841071502758,3.808499354962517,0.03546487597845366,0.035895475779874314
22.42,straight,3.8231495611760806,1.618676281109562e-05,3.821528818161867,0.008713041054005,0.008846585922285514,-0.004541545751466035,-0.02970834351861208,0.017178269386978324,3.817388728850671,0.03596474085769676,0.036407220857879334
22.44,straight,3.832154083975027,1.622069123614237e-05,3.831953229268842,0.002256566291109547,0.002249331238361472,-0.004474146423682353,-0.029637378705585877,0.017044929165061156,3.826467555521358,0.03567975939614564,0.036114049881049985
22.46,straight,3.8411585600974405,1.6254615034444174e-05,3.8409618519079496,0.0015944011079685773,0.0015903585963464644,-0.004407577607699274,-0.02957631427500911,0.01691319320404714,3.835545473589699,0.03538869543725681,0.03581502910601931
22.48,straight,3.850162990000186,1.6288539490699493e-05,3.8387481280809754,0.05361057732856236,0.054796412870196654,-0.004341825598745231,-0.029525953893343355,0.016783272494617554,3.844622872875447,0.035091179513085914,0.0355097292944542
22.5,straight,3.8591673741218813,1.6322468986174823e-05,3.8465021732831066,0.05997892731781918,0.06128557165062418,-0.00444268487174143,-0.028606615946605032,0.016628050496896637,3.8535349418985083,0.03556253644808025,0.035989687703541315
22.52,straight,3.86817171302377,1.6356399147303592e-05,3.886446585909431,0.013518665418839615,0.02272186893392204,-0.004542240271288637,-0.02769307382588135,0.016475299686109793,3.8624485306184497,0.03603448875041019,0.0364699969141438
22.54,straight,3.877176007163726,1.639032841390807e-05,3.8988901690499023,0.007845525629984145,0.023082464902807992,-0.004185476851461291,-0.027402361691952763,0.01630529472992865,3.8718191298657594,0.03581467626082066,0.03619687016972354
22.56,straight,3.886180257000433,1.6424255751869177e-05,3.9078974993776043,0.007283988211286891,0.022901006578676896,-0.0038334086523194805,-0.0271235258083532,0.016137592158751882,3.881185551725008,0.035588983852148204,0.035921498813767896
22.58,straight,3.895184462985867,1.645818411223245e-05,3.88755138716809,0.05316325836972138,0.05369214296718841,-0.0034859673711210896,-0.026857350399907158,0.015972390786097863,3.881543300184853,0.03521334794271331,0.03774787902972669
22.6,straight,3.904188625573269,1.649211403303682e-05,3.892888219810608,0.0588045428272045,0.05986429718166918,-0.0035752840381490535,-0.025846965357159402,0.015790849187320904,3.8994718646639766,0.03580297380612542,0.036095984615659035
22.62,straight,3.9131927451993107,1.652604152429433e-05,3.912800031751289,0.008950926613551005,0.008943027308114871,-0.003669396494714087,-0.024842330436990273,0.015611716153080546,3.908388060084822,0.03624947980203837,0.036550129100468856
22.64,straight,3.9221968223050823,1.6559963808357666e-05,3.923023224731686,0.002782835751226342,0.002887078575784056,-0.003601125540198455,-0.02452579738116431,0.015419612122177295,3.9174736549456894,0.03595242361256525,0.036244925245982794
22.66,straight,3.9312008573446917,1.6593882485278143e-05,3.932025316217707,0.002091154226883165,0.002232382820181596,-0.003533767793580576,-0.024223251401582775,0.01523018931030095,3.926555081436397,0.03564894225492642,0.03593393221350954
22.68,straight,3.940204850744621,1.662780010722745e-05,3.9301886295050483,0.051678904019494674,0.052624285953239806,-0.0034673244412671174,-0.023934530621972667,0.015043409057282214,3.9356354632084813,0.03533596037807449,0.03561368495688824
22.7,straight,3.9492088029336117,1.6661717752603932e-05,3.9379876710214043,0.05770330237676143,0.058767868022523734,-0.0035613289051273722,-0.022845793812299297,0.014840533482971102,3.9445566543981276,0.03575907311319098,0.03604389627047788
22.72,straight,3.9582127143438726,1.66956341906016e-05,3.964433004923528,-0.001107813003746129,0.006321118142555421,-0.003654093349438916,-0.021764461395636352,0.014640469730904826,3.953480460269581,0.03618365792459748,0.03647524352131679
22.74,straight,3.9672165853945387,1.6729549360487492e-05,3.975374239194799,-0.008509248213857503,0.01179998357387796,-0.003488913414839094,-0.021488657086753005,0.01442407815730168,3.9626605302550133,0.03573483930421029,0.03600751314509088
22.76,straight,3.976220416501036,1.6763462938875323e-05,3.98438025079416,-0.00947078172567501,0.012513848704424714,-0.003325914095862458,-0.021229318017604953,0.014210639431340976,3.971840008434651,0.03527634497358206,0.03553063555769501
22.78,straight,3.985224208062661,1.6797377309186097e-05,3.9755403570408174,0.049518221643789974,0.05043974598492139,-0.0031650650922847912,-0.020986896864116467,0.01400026191388867,3.9810160246070287,0.03480745571661558,0.03504423940790564
22.8,straight,3.9942279604926227,1.6831292964971762e-05,3.982565485367942,0.05655970829117571,0.0577330950605334,-0.003268715699326926,-0.01978325522849253,0.01376890703828603,3.9899281336595025,0.03521385006036438,0.035458689215867624
22.82,straight,4.003231674202354,1.6865208736033106e-05,4.012751199384331,0.0030944764494124123,0.010004651450152235,-0.0033709216029131346,-0.01858729949266144,0.01354041185606706,3.998840413261198,0.035618426833548746,0.03587135852987252
22.84,straight,4.012235349586746,1.689912250918312e-05,4.024104241760186,-0.003619249584480369,0.012413387081860575,-0.0031596552299971827,-0.0181031803804291,0.013292163369554879,4.008068661300917,0.03522788978014448,0.03545666586642551
22.86,straight,4.021238987042352,1.6933033657741543e-05,4.033103754709716,-0.004474735644793117,0.012686520378633851,-0.002951248922524029,-0.01763591322646734,0.013047153582602264,4.017292856869472,0.034828848751836554,0.03503486005838903
22.88,straight,4.030242586962331,1.6966943515586756e-05,4.01902931918842,0.048784576399681236,0.05004015493819451,-0.002745652080734611,-0.01718513956990479,0.012805289711913529,4.0265136397411245,0.034423570844217904,0.034608083439542914
22.9,straight,4.039246149732833,1.700085249798596e-05,4.025470468406359,0.055147538967883186,0.0568255719628099,-0.0028818549641858138,-0.015864267240096513,0.012544191375552325,4.035393489506641,0.03480503175130993,0.035000715487475076
22.92,straight,4.048249675736898,1.703476051895839e-05,4.052006652217494,-0.007178280880512824,0.008117107825440558,-0.003016207941939317,-0.014552663787268076,0.012286313392313258,4.044274958845424,0.03518623972643732,0.03539309752341751
22.94,straight,4.057253165350389,1.7068665778761637e-05,4.062950727859416,-0.015107061424451102,0.016161730400253288,-0.002890500001455588,-0.01413899834880299,0.012022821638680696,4.05341594994621,0.0346416379517914,0.03483654719256713
22.96,straight,4.066256618949552,1.710256746367684e-05,4.071945225802687,-0.016220507308981405,0.0172052382264577,-0.0027665545444242865,-0.013744643376111336,0.011762834122269118,4.062554977811271,0.03408769695612765,0.03427108911478419
22.98,straight,4.07526003689803,1.713646906701943e-05,4.062573934099265,0.046876941788035115,0.048546663724219126,-0.0026443695638855257,-0.013370137676936665,0.011506480108534037,4.071691832303308,0.033524150612436965,0.03369646985714956
23.0,straight,4.0842634195688845,1.7170371208636695e-05,4.069538894050749,0.05433749723110995,0.0562806322094977,-0.002793816698113611,-0.012022256709713183,0.011241930969880246,4.0805569523142715,0.033895596124632436,0.03408057556790623
23.02,straight,4.093266767333574,1.7204272687936372e-05,4.084224488682581,-0.0026545762415331534,0.009428744047770849,-0.0029412156466426327,-0.01068367633308758,0.010980617131531697,4.08942399105958,0.034266476317640925,0.03446417799833865
23.04,straight,4.102270080547925,1.7238171628708753e-05,4.0938514573133675,-0.00987227652075958,0.012987521627176936,-0.003002565851293076,-0.010148326483578135,0.010709830115036794,4.09837769876718,0.033790282621800595,0.033996605232881075
23.06,straight,4.1112733595677895,1.727206658479257e-05,4.102845827484047,-0.01085452073882998,0.013755696122929548,-0.0030632009331182934,-0.009630728513975432,0.010442349851616042,4.107331515951083,0.03330421062057099,0.033519522809780905
23.08,straight,4.120276604743793,1.7305960920402877e-05,4.104941705346855,0.046494902622739254,0.048942069132525835,-0.0031231398157732524,-0.009131138521827228,0.010178236088131917,4.107282773414144,0.03271818730977246,0.035187885608758566
23.1,straight,4.129279816426617,1.7339855714628152e-05,4.112779016168872,0.05330783683134218,0.055786678311720364,-0.0032832355932419467,-0.007724212200657739,0.009901263863317663,4.1251407316965345,0.03316479894061873,0.03340488087373156
23.12,straight,4.138282994968037,1.7373749779342245e-05,4.132980949294807,0.011613861201905792,0.012751086602652466,-0.0034470858293665055,-0.006328343374560644,0.009627967955622846,4.133990073641937,0.033518579537180744,0.03377513823394219
23.14,straight,4.147286140709767,1.740764268941729e-05,4.143228719138025,0.006443281831102907,0.007599640050433437,-0.00344310096863505,-0.005546548048774195,0.009354081444105255,4.143006688439816,0.03325227166348714,0.03350925093480458
23.16,straight,4.156289253989712,1.744153405412118e-05,4.152225849506184,0.0058460443235183075,0.007105199960177377,-0.003439208099738634,-0.0047807897311076455,0.00908361805780947,4.15202357651571,0.03297709645726152,0.03323454312863532
23.18,straight,4.165292335135618,1.747542603562596e-05,4.150510135689466,0.047669313276768176,0.04989199405734685,-0.0034354423489665106,-0.00403199667553382,0.00881679557774881,4.16103915851477,0.03269447991796175,0.032952634703973034
23.2,straight,4.174295384483386,1.7509318505571823e-05,4.158324066318729,0.052750181987509394,0.055098255605173445,-0.003589364971509728,-0.0026686263859134465,0.008551879675658127,4.169895686155349,0.0330341900270248,0.03330853569861696
23.22,straight,4.183298402363519,1.7543210888145388e-05,4.191584360177582,0.015193610299310283,0.017290752128485177,-0.003741201008702106,-0.0013167223231226914,0.00829070955621369,4.1787557443922445,0.03337360379604484,0.03366396469824416
23.24,straight,4.192301389098986,1.7577101802789548e-05,4.2032740100792205,0.010574419775574193,0.01522646835003556,-0.0035338284972301925,-0.0005158527920023296,0.008028461242305926,4.18797498166614,0.03314957666661318,0.03341327874419966
23.26,straight,4.20130434501128,1.7610990411956057e-05,4.212270604612502,0.010086220737727544,0.014887436041344224,-0.0033293272667693575,0.00026893772349637806,0.007769774189897283,4.197191644619517,0.03291955135967308,0.03315798523093382
23.28,straight,4.210307270415342,1.7644879403417158e-05,4.197351620538397,0.04750418284715321,0.049222151028744436,-0.003127618477788553,0.0010383218605234776,0.007514495711637272,4.2064052054614525,0.03268505094190745,0.03289962810970509
23.3,straight,4.2193101656284995,1.7678768801249573e-05,4.2037039303389445,0.052075738507349846,0.0543469977427939,-0.003280248748142755,0.002382187838206879,0.007255012172425514,4.215263305017567,0.033000847056563316,0.033230505128618644
23.32,straight,4.228313030964031,1.7712658054548802e-05,4.235659015450132,-0.005062376447146436,0.008931449680024631,-0.003430750515036567,0.0037146877366576623,0.006999213051578659,4.224122327662353,0.033317830717084614,0.03356277486901284
23.34,straight,4.237315866729531,1.774654553209776e-05,4.221026456990189,0.045183156993120255,0.04801311456836861,-0.003241235526804369,0.004209007549504479,0.006742169502779166,4.233321018560888,0.03278644842041625,0.033011310704901584
23.36,straight,4.246318673230434,1.7780431157548543e-05,4.227123073493404,0.05189473999689848,0.05531446450115714,-0.0034398266811401863,0.005510068038311333,0.0064935195705229,4.242131545142536,0.03309271933230315,0.03333892057249267
23.38,straight,4.2553214507602775,1.7814318038940082e-05,4.239065824020299,0.051141288056908554,0.053645642580161045,-0.0036357260401717,0.006801392438258249,0.006248198829292216,4.250944079629736,0.0333990935152652,0.03366706371006636
23.4,straight,4.264324199622294,1.7848204773285685e-05,4.248400270166656,0.051455178944340874,0.05384580320619046,-0.0037856454538054913,0.008073935662587432,0.00600408902680755,4.259804147223416,0.033686797261791156,0.0339710024034127
23.42,straight,4.273326920115537,1.7882088817139535e-05,4.2775342923956154,0.02344338700875458,0.023800341641606514,-0.00393351463098372,0.009336792800676395,0.005763263914855205,4.26866593813305,0.03397511417454509,0.03427562346573813
23.44,straight,4.282329612535051,1.7915971713660684e-05,4.2887720868977794,0.020090680673171647,0.021081303533570014,-0.00378313112043504,0.01017518402660188,0.005524760591837192,4.277824451602361,0.033845121514896596,0.03412588914431659
23.46,straight,4.291332277169971,1.7949853539096444e-05,4.297772135114645,0.019827381401587584,0.020829914752691556,-0.0036347506531699265,0.011000464584136588,0.005289414192379269,4.28698083490256,0.033710164671768614,0.03397205306077828
23.48,straight,4.300334914303946,1.7983735599648465e-05,4.286882422452566,0.04746840991229365,0.04932050771597283,-0.0034883564325808207,0.01181331678049825,0.005057061785224533,4.296134654922467,0.03357056932983879,0.03381446700645222
23.5,straight,4.309337524222684,1.8017617685557322e-05,4.293679507932269,0.05093864153441837,0.05327366529740803,-0.003636744811477299,0.013014586823210711,0.004829986850131708,4.304993360756125,0.033838672160237525,0.034098510669981284
23.52,straight,4.318340107207732,1.8051499412621694e-05,4.3119856244150405,-0.005193809614835418,0.008218451669068722,-0.0037830923576211823,0.0142067418479642,0.004606029781038251,4.313853783670952,0.03410644408937071,0.034382344426228006
23.54,straight,4.327342663537024,1.808537963661577e-05,4.3220118628215705,-0.012327852727010528,0.013447662399132594,-0.003790525610970968,0.014562441557634236,0.0043839731789707,4.322853117289104,0.033542811848932555,0.03382400494254526
23.56,straight,4.3363451934853146,1.811925825123211e-05,4.3310021332122055,-0.013324350049223948,0.014372535625386125,-0.0037980134788829327,0.014900534419270969,0.004165138613594855,4.331851145151928,0.03297227493948632,0.03325917688527321
23.58,straight,4.345347697321245,1.8153136676973115e-05,4.330261161814572,0.04355044743584411,0.04607238001822136,-0.003805546303498719,0.015222117215459838,0.003949263052083094,4.331847412548894,0.03235789662521546,0.03504449597068016
23.6,straight,4.354350175309889,1.818701741392117e-05,4.3377808919729075,0.05029361979343724,0.05293543511786435,-0.003956267986250643,0.01638436640548518,0.003735092251942849,4.3497022320787595,0.03265985707943104,0.032970926597798114
23.62,straight,4.363352627727039,1.822089859320003e-05,4.363379545473714,0.011027058877750896,0.01100887088744486,-0.004110848628636887,0.017538769144579233,0.003523751324322904,4.358556118704418,0.03292468030684451,0.033254196270410416
23.64,straight,4.372355054833264,1.825477781728122e-05,4.374220946977261,0.006169598449517935,0.006428108777891263,-0.004018528771610795,0.018100382724399858,0.003315309395885272,4.36765073402054,0.03260736989159036,0.03292690477721499
23.66,straight,4.381357456890939,1.828865479365859e-05,4.383215133596977,0.005622958155244842,0.005904513777902822,-0.0039275216175589205,0.018648517786304757,0.0031096927867192443,4.3767458510854755,0.03228634530789116,0.032595925945929076
23.68,straight,4.3903598341579055,1.8322531849282038e-05,4.376168412590309,0.045065037629162384,0.04722925986258658,-0.0038378108132798793,0.01918309394262857,0.002906910433172818,4.385842573893041,0.03195928094119376,0.032258804447902266
23.7,straight,4.399362186889917,1.8356409988395544e-05,4.383389885109109,0.049863733146838556,0.05234191443017465,-0.003985558705910009,0.020287207260886186,0.002708200528163729,4.394698754352828,0.03221613820562475,0.032533747948666925
23.72,straight,4.408364515343052,1.8390288121547977e-05,4.423164229843542,0.0004772554826466663,0.014806826350125044,-0.004131289564400896,0.02138436135258957,0.0025120778016728016,4.4035564718323945,0.03247279587906661,0.03280862271815057
23.74,straight,4.417366819767608,1.842416429784429e-05,4.435575526658876,-0.005730015841475918,0.01909454291550551,-0.0038223840940587706,0.0217268289912714,0.002321760617863245,4.412869963776941,0.03199725018114114,0.03229345176992286
23.76,straight,4.426369100411279,1.845803893891931e-05,4.444567220094219,-0.0065285226445931654,0.01933997197684496,-0.0035177134583759006,0.02205584015706999,0.0021339214677559034,4.4221791176184455,0.03151600945990518,0.0317750169365911
23.78,straight,4.435371357514043,1.8491914495880717e-05,4.422991747868464,0.04346267077274412,0.045173569835074895,-0.0032172178832025155,0.02237099115472064,0.0019486452941202214,4.43148265786754,0.031028333183148526,0.031252715729161
23.8,straight,4.444373591321707,1.852579128951726e-05,4.42860101981281,0.04945007634636546,0.05188691744825766,-0.0033707387864325873,0.023413731345807334,0.0017672948466207492,4.440332910837638,0.03128324515131645,0.03152474861811872
23.82,straight,4.453375802077147,1.8559666877294607e-05,4.457221022545806,-0.013310664338010246,0.013872776687637586,-0.0035221557305882903,0.02445023487757132,0.0015883588628536074,4.4491853601734395,0.03153879608586991,0.03179756448625489
23.84,straight,4.462377990016449,1.8593538462775276e-05,4.4451541766057305,0.04234556611585276,0.04569718105063352,-0.003382606033294411,0.02457192173439079,0.0014068922012414784,4.458327998888348,0.03086391520158876,0.03111006744832628
23.86,straight,4.471380155376238,1.8627407020649647e-05,4.451575721518064,0.049770570895415894,0.053548776655636704,-0.003588677241969028,0.025464998482312057,0.0012615020570507986,4.467123987627875,0.031119336762929134,0.03139058913660104
23.88,straight,4.480382298384924,1.866127504638886e-05,4.463699496857549,0.050256876089866724,0.05293575440646741,-0.0037919399962333712,0.026354340928921968,0.0011180077231768334,4.475924025945559,0.03137736323963631,0.031674033245666464
23.9,straight,4.489384419270749,1.8695142336150217e-05,4.473049772207424,0.05080128502989855,0.05334502910648521,-0.0039480113257858215,0.027065973826641967,0.0010151383871181714,4.4847703540996,0.03163678875780146,0.03195298798672736
23.92,straight,4.498386518270777,1.8729006168790206e-05,4.501397087628484,-0.016659907559004396,0.01694816938582729,-0.004101957569161142,0.0277767745804094,0.0009135132649589899,4.4936182251317724,0.0318992012065851,0.032235091549133205
23.94,straight,4.507388595607509,1.8762869216647746e-05,4.512542727752743,-0.025186474108563003,0.02572681576247961,-0.003970231806889493,0.02727427117327706,0.0008601675534408797,4.502752878674481,0.03116460379234031,0.03148893898326343
23.96,straight,4.516390651504921,1.879673233738193e-05,4.5215418162023955,-0.026336619802007258,0.02685409612031875,-0.0038403036501209386,0.026764324635430093,0.0008073818605844237,4.51188512063783,0.030423634273398587,0.030736850103623693
23.98,straight,4.525392686181291,1.883059634677709e-05,4.513458257853351,0.04523672439848078,0.046766318001482794,-0.0037121324936674215,0.026246802524739828,0.0007551764870723513,4.521015210343251,0.02967695048438222,0.029979432449693148
24.0,straight,4.534394699856449,1.8864462477089293e-05,4.5205576863814425,0.05384361279347544,0.05557487269263711,-0.0038374078150771257,0.02654991884869188,0.0007570568714813418,4.529891876874659,0.029995392509997266,0.03031282976874806
24.02,straight,4.5433966927535465,1.8898329295127022e-05,4.543572285071961,0.004155753623137557,0.004140580199015382,-0.003961031113755075,0.02685795000627504,0.0007589896423360991,4.538769550831913,0.030318195385426624,0.030650576576283832
24.04,straight,4.552398665085093,1.8932195182547907e-05,4.554129825401883,-0.0018483221375385488,0.0025462825423537886,-0.003876165285770096,0.026194858212535026,0.0008125561990214103,4.547855540470065,0.029905645306553926,0.030230044688506295
24.06,straight,4.5614006170610395,1.896605743503619e-05,4.563134648827026,-0.002383657786729887,0.002963016621957935,-0.0037923822410526964,0.02553274069805821,0.0008654548539068068,4.556940852360041,0.02949256877524484,0.029809105292771806
24.08,straight,4.570402548889902,1.8999920497028243e-05,4.562986841060814,0.05085907446071381,0.051378068296318725,-0.003709665687068288,0.024871577265742215,0.0009176836178897376,4.557023355876616,0.02906960679711874,0.03198344205345599
24.1,straight,4.579404460783053,1.9033784196250653e-05,4.57056030079424,0.057541108976567786,0.05819800941909069,-0.003761696144757544,0.024837099005990005,0.001005509507148661,4.574975070789164,0.029457231732993222,0.029769564897568053
24.12,straight,4.5884063529477,1.9067647896737507e-05,4.5879266681719795,-0.008854072846868257,0.008886096990461943,-0.003819074644012887,0.024813347657034912,0.00109215843722382,4.583918117417463,0.029842315930163038,0.030159084805089574
24.14,straight,4.597408225586506,1.9101510057377565e-05,4.59787014314467,-0.01700290536355728,0.017028273131352016,-0.003750932185436197,0.023694690030884803,0.0012029344585173028,4.592987713435973,0.02924219692916853,0.02955554488666177
24.16,straight,4.6064100789004385,1.913536922620783e-05,4.60687849521496,-0.01785515712472174,0.01788042913363417,-0.003683571562774954,0.02257827955738427,0.0013122889121281204,4.6020549153522685,0.02863925316862091,0.028949587084836602
24.18,straight,4.615411913083861,1.9169228714094466e-05,4.61047102460103,0.051188464331556716,0.05140728684069568,-0.0036169991678734735,0.021464720744104913,0.0014200925431374625,4.611123301148328,0.028035907547227415,0.028343073551427875
24.2,straight,4.624413728333806,1.9203090167272617e-05,4.618859230364309,0.05970066445323261,0.05993938002785994,-0.003629779779373807,0.021270180203577013,0.0015507229824380578,4.620110519940215,0.028458966978444637,0.02876347983988796
24.22,straight,4.633415524852666,1.9236950498004374e-05,4.648313449526888,-0.014863217945331908,0.021057911181434994,-0.0036425395583709707,0.02108892971151327,0.0016796534385838426,4.629098952229139,0.02888813815711392,0.029189831381690592
24.24,straight,4.642417302831973,1.9270807143338084e-05,4.659597677183581,-0.024048054402707544,0.029570279092665294,-0.0033534900324468566,0.019755908538215187,0.001818568657363111,4.638388632754191,0.02821406938633558,0.02848116657577133
24.26,straight,4.651419062461528,1.9304659144551867e-05,4.668612044025882,-0.02504272056900363,0.0303924945275729,-0.003068127518009038,0.01842726247723899,0.001955371959715802,4.647675251286448,0.027538494405058983,0.027772683096638252
24.28,straight,4.660420803926641,1.9338510623264415e-05,4.658386670280687,0.05160935584104655,0.05163010350408932,-0.0027863794731954623,0.017101768606842982,0.0020903218886677987,4.656956711760764,0.026858155715533856,0.027061449397478586
24.3,straight,4.6694225274146675,1.9372363432256176e-05,4.665241666836131,0.061011816292252385,0.06113556911968209,-0.0027905416855836633,0.016860377502753304,0.002236691990399532,4.6659538528978866,0.027319463622252647,0.027519569139855492
24.32,straight,4.678424233119458,1.9406215590719963e-05,4.686187938641479,0.0071103777862809164,0.010514608944178373,-0.002794796863988933,0.016633018798730786,0.002381218658647494,4.674949261936663,0.027788718315499256,0.027985891431637086
24.34,straight,4.687425921224545,1.9440065726601083e-05,4.696523622783152,0.0007401827035051853,0.009126206418846686,-0.002622370382802078,0.01555295896401072,0.0025365459327972035,4.68412152635964,0.027459243001049922,0.027638050049751884
24.36,straight,4.696427591910904,1.9473913779781803e-05,4.705532526180882,0.00032330104615111094,0.009110002139789958,-0.0024521160766004337,0.014480177996506005,0.002689787021275349,4.693291950877326,0.027129334154224485,0.027290598508422383
24.38,straight,4.70542924535269,1.950776188075772e-05,4.702773327006386,0.05509718443016736,0.05514167543191407,-0.0022840082874677017,0.013413863660584748,0.0028411107888154656,4.702458220808933,0.026799372140771223,0.02694416677114681
24.4,straight,4.714430881728845,1.9541610973249327e-05,4.710453517501343,0.06207752052617078,0.062185305122973454,-0.002290270773655205,0.013104172543849973,0.003003717874778859,4.711450933197834,0.02728281567334202,0.02742564868598925
24.42,straight,4.7234325012194205,1.9575459930560967e-05,4.734638587369274,-0.008658148892488404,0.014173188305194217,-0.002296647959310965,0.01281006535763909,0.0031641246258238887,4.720444593222554,0.027773797762978544,0.027914592059436284
24.44,straight,4.732434103998159,1.9609307200087523e-05,4.745340336290444,-0.0172809147038818,0.021584229498419497,-0.0020794176477835066,0.011472250123519177,0.00332311876133941,4.729661302238214,0.027216371592616913,0.027337745122987454
24.46,straight,4.741435690234653,1.9643152670951864e-05,4.75435595729807,-0.018121454204352728,0.022271791897084284,-0.0018648645299928698,0.010139265626113383,0.0034800102407795443,4.738874711543155,0.026657188458707674,0.026760370546564997
24.48,straight,4.750437260094699,1.9677000096953385e-05,4.748274845025506,0.053936129372704915,0.053959798696614665,-0.0016529628325294946,0.008811742179401668,0.003634664193667637,4.748086025156583,0.026095557638375285,0.026181670244580586
24.5,straight,4.759438813749384,1.9710850312328957e-05,4.7555885731012175,0.06285158309392466,0.06294973012401572,-0.0016656131522530353,0.00854638168757439,0.003790488299300765,4.757072899537343,0.026605166890463643,0.026690523091943197
24.52,straight,4.768440351373428,1.9744701534301045e-05,4.777810444768593,0.00042857565863229085,0.009379008102437969,-0.0016782667534760288,0.00829597499273543,0.00394423833544268,4.7660594235032665,0.027121694339521087,0.027206331831080875
24.54,straight,4.777441873130016,1.977855057999223e-05,4.771204198669984,0.055435145734157504,0.05576532527261057,-0.0014965420297241312,0.007151408411868152,0.004090818361297689,4.775239208259018,0.02671232550980877,0.026783274551565973
24.56,straight,4.786443379183595,1.98123975113355e-05,4.77829496613138,0.06322034901435021,0.06372365701939821,-0.0015679377262548515,0.006894371323176178,0.004243327436556244,4.784165639205421,0.027222410299600173,0.027297791706123425
24.58,straight,4.795444869691849,1.9846245485979654e-05,4.787282207600592,0.06422652551154245,0.06472346340231099,-0.001638561022807922,0.0066521573061688755,0.004393810704688158,4.7840919026921584,0.02770036887877371,0.02991824180910398
24.6,straight,4.804446344817464,1.9880093534699936e-05,4.791659767891693,0.06286487104833477,0.0641325926311074,-0.0017084199980369394,0.006424621303341234,0.0045423013683464205,4.802022978107334,0.028263596187317816,0.028347490276883245
24.62,straight,4.8134478047223865,1.9913938411343655e-05,4.8326247595454905,-0.007819216634481064,0.02071732522374035,-0.001845185132603959,0.006163730808885897,0.004691534706276945,4.810884661775713,0.028760791859978284,0.02885494351870223
24.64,straight,4.822449249562723,1.994778066493518e-05,4.8175962562212735,0.05513369782599838,0.055327000537094426,-0.0015021780226468107,0.0048666061261264555,0.004838788122071703,4.820223686452653,0.028215627749494855,0.02828337851215057
24.66,straight,4.831450679493344,1.998162138084351e-05,4.823512885920201,0.06386813282854,0.06433968432765333,-0.0015704823492637494,0.00463099159397797,0.004983167974992954,4.829151117495553,0.02872006756291833,0.028792063462581473
24.68,straight,4.840452094659497,2.001546359676761e-05,4.832497026396918,0.06483898280569013,0.06530529563793173,-0.0016380345119428818,0.004408908047274956,0.005125742644285494,4.838081608181603,0.029230413765571266,0.02930642549172237
24.7,straight,4.849453495219137,2.004930487976111e-05,4.8371101955360025,0.06351446838992178,0.06468306039462436,-0.0017049123670683345,0.004200580027628351,0.005266472171483134,4.847013761137653,0.029750480713343984,0.02983036798502077
24.72,straight,4.858454881327177,2.0083142873001272e-05,4.864118620687545,-0.01994318508430204,0.020751145073280318,-0.001835550135157743,0.0039778435347905,0.00540417559263011,4.855880229848591,0.0302421706011966,0.030331557832969026
24.74,straight,4.867456253132573,2.0116979144138743e-05,4.860794077285067,0.05425830231734418,0.05464581718488653,-0.0016922794529286435,0.0025316036957428317,0.005539795098061314,4.8650219869926445,0.029504235461524544,0.02958443669098754
24.76,straight,4.876457610779326,2.015081543959506e-05,4.868185157011669,0.06437301343487604,0.06488238912566402,-0.0017625852291052542,0.0023336647632377404,0.0056730399608527615,4.873948714491991,0.030006374538581022,0.030090998217986917
24.78,straight,4.885458954407625,2.018465420358362e-05,4.881172135016174,0.06398782709869065,0.06411112306301196,-0.0018321203592748527,0.0021490004939288864,0.005804492652219663,4.882875353064574,0.0305138955190618,0.030602963879490238
24.8,straight,4.89446028416566,2.0218493684908748e-05,4.890603354674891,0.06475476704799253,0.06484934603854366,-0.0018422205276140378,0.0019703867800215957,0.005931646323560311,4.891863036249406,0.031010321704848482,0.031098749070936255
24.82,straight,4.903461600203315,2.0252330064111268e-05,4.91028811029813,0.020390311592862906,0.02148349493086618,-0.0018523869181109659,0.0018053712317549545,0.006056910137633696,4.900850330901382,0.031512767476894764,0.0316005891976807
24.84,straight,4.912462902662526,2.0286165366589246e-05,4.90603866184508,0.05928608503337473,0.059612966589020995,-0.001705398028987538,0.0010020793077733792,0.006177332474858916,4.909993894335258,0.031356217219401704,0.03143304912259321
24.86,straight,4.921464191682659,2.0319999733336175e-05,4.913423466638244,0.06496376964223789,0.06543932235826107,-0.001772738482932409,0.0008483773198460279,0.006297042927613683,4.918924229089531,0.03184794119506464,0.03192880957580464
24.88,straight,4.930465467401007,2.035383381769037e-05,4.922412724165027,0.06586404082152171,0.06633428819064359,-0.0018393651989029526,0.0007071966953083209,0.0064150797937612865,4.927856153546138,0.03234443927630687,0.03242923092653527
24.9,straight,4.93946672995591,2.0387666128221234e-05,4.927225360541903,0.06459936861373435,0.06572895789042657,-0.0019052823797878259,0.0005788939089508424,0.006531375216596442,4.936788272590681,0.032848322879711,0.0329370226985461
24.92,straight,4.948467979482956,2.0421495842112486e-05,4.956060544157911,-0.00990170567843891,0.012493824314675415,-0.0020323318620555043,0.0004562715566411949,0.006640919460485916,4.945659121334548,0.03332643290974615,0.03342424390170981
24.94,straight,4.957469216115541,2.0455323833533177e-05,4.951271174418941,0.056195492992510206,0.05651593207185067,-0.0018589782612759042,-0.0007592419219848088,0.006748725366461244,4.95483010113445,0.032704914908434655,0.03279083448497219
24.96,straight,4.96647043998631,2.0489150260803007e-05,4.9584794557727925,0.06522565682847965,0.06569299597860732,-0.00192455756646648,-0.0008313279806310861,0.006848083101463436,4.963762232078031,0.03318733621120324,0.03327723146594999
24.98,straight,4.975471651222449,2.052297680804294e-05,4.971269707882123,0.06486755462461888,0.06498302733304666,-0.0019893891984255137,-0.000893857153898882,0.006946327126631613,4.972695844208678,0.03367525465455207,0.03376901048118893
25.0,straight,4.984472849952667,2.0556803281035433e-05,4.980683046745072,0.06556292989800934,0.06565184901616147,-0.0019980126960313107,-0.0009333170233991232,0.00703714459284558,4.981685411632505,0.03415072989217421,0.034243810060600954
25.02,straight,4.993474036312179,2.0590627875280537e-05,4.998906800407572,0.0072153564102584705,0.009015518863578733,-0.0020066544830699452,-0.0009623465305810077,0.007126641696997748,4.990674958002214,0.03463146979440549,0.03472387933491119
25.04,straight,5.002475210429694,2.0624451813441303e-05,4.99591505233513,0.05829263314525299,0.058640111454481066,-0.0018797443984814117,-0.0018300182021111383,0.0072104461733637,4.9997996623991,0.03424798613693966,0.03433177602729661
25.06,straight,5.011476372431829,2.0658274726313402e-05,5.003461139163161,0.06542011188891828,0.06588878885960812,-0.0019465205548557232,-0.0018070603191197518,0.007286436721066929,5.008731069669045,0.03471688215062257,0.03480466403379964
25.08,straight,5.020477522438313,2.0692099020466923e-05,5.016296590188673,0.06509282673723407,0.06520631028397389,-0.0020125224482085845,-0.001775727138896252,0.007361527863994393,5.008662311024307,0.03512447273461001,0.03703882605684531
25.1,straight,5.0294786605766575,2.072592278550154e-05,5.025309262948931,0.06575600865977817,0.06586737639446752,-0.002021314152603526,-0.0017438668036116813,0.0074339322586088104,5.026652336154791,0.03565313464116163,0.035744323476757094
25.12,straight,5.038479786971493,2.0759744264983213e-05,5.058225608618193,-0.014200661992596203,0.024334056561144266,-0.0020360708088419605,-0.0017034879744908817,0.007505367992913078,5.035637091228694,0.03612124036393516,0.03621223025522327
25.14,straight,5.047480901743242,2.0793564582227234e-05,5.069901855376305,-0.02423406202417593,0.03303024646361963,-0.001697968319350495,-0.002846802239987724,0.007576607141638735,5.04497092752043,0.03540441140427152,0.03547252996368257
25.16,straight,5.056482005011446,2.0827383856591826e-05,5.07891898986262,-0.025509301000820373,0.0339883177658132,-0.0013641142749250936,-0.00399282575199392,0.007646811706263889,5.05430293826503,0.03468079414049346,0.034728397997266014
25.18,straight,5.065483096889665,2.0861204064148723e-05,5.064298045491404,0.056455712688612825,0.05644729230795384,-0.0010344596656389857,-0.005142248952439062,0.007716116307741242,5.0636290248084155,0.03395069112494149,0.033980449404652245
25.2,straight,5.074484177494568,2.0895027296042494e-05,5.070662331968153,0.06631485649401972,0.06640403474322343,-0.0010566979365803854,-0.005077228606973306,0.007785957568498256,5.072604817659475,0.03443898652552346,0.03446936343726289
25.22,straight,5.083485246949607,2.092885154629577e-05,5.091160976881445,0.005314705140932071,0.009324210282301822,-0.0010788070393884057,-0.005003958148431174,0.007854913757060973,5.081582398251451,0.03493097584494891,0.034961868002863515
25.24,straight,5.092486305369206,2.0962674087041472e-05,5.085968994538496,0.059018804464779064,0.059356723936076675,-0.000931715754998321,-0.0058085695316801855,0.007918327836432612,5.090727559172392,0.0345218031776383,0.03454563914065408
25.26,straight,5.101487352866727,2.0996493294292953e-05,5.093243678954535,0.06647950701789458,0.0669678413921112,-0.0010137625582925052,-0.005750252280432263,0.00798805340212794,5.099644854448323,0.03500779994374646,0.03503528530071349
25.28,straight,5.110488389550611,2.10303134030515e-05,5.106255777353636,0.06635046623548735,0.06646434439420786,-0.0010948428185257794,-0.00568329188526759,0.008056831905690703,5.108561994762699,0.035498590311856267,0.03552982212624686
25.3,straight,5.119489415532655,2.1064131889687858e-05,5.115695219899216,0.06705262594791007,0.06713885760124143,-0.0011158195704761803,-0.005620419207242874,0.00812440895148309,5.117538445914729,0.035979565871796584,0.03601138889058514
25.32,straight,5.128490430924401,2.10979441198582e-05,5.141845988452725,-0.0038323697880384257,0.013900364400084983,-0.001136606274641981,-0.005549444638173718,0.00819112630737694,5.126515055624463,0.03646548031857894,0.03649787821547153
25.34,straight,5.1374914358399195,2.1131753588831624e-05,5.152764341243194,-0.01262916064067911,0.019831579289553456,-0.0009042602336674654,-0.006558515066005872,0.008263430174381638,5.135744561528496,0.03590125321052741,0.035922620806736485
25.36,straight,5.146492430386559,2.1165560408538278e-05,5.16177760159764,-0.013649377517066,0.02050658935525739,-0.0006747981213303428,-0.007569442580449562,0.008334810419235195,5.144970728405396,0.03533265886803836,0.03534426596400411
25.38,straight,5.155493414664477,2.1199367335142442e-05,5.153539897021992,0.05915174027958299,0.05916280165572381,-0.00044819110314721074,-0.008582044269677428,0.008405226515162728,5.154195116548044,0.03475702613812243,0.03476008111971657
25.4,straight,5.164494388783012,2.1233174649081047e-05,5.160615140781381,0.06801046127040773,0.06809980691687206,-0.0004776581321258837,-0.008555175748549622,0.008483481136309435,5.163163690816139,0.03526281537178075,0.03526669636975127
25.42,straight,5.173495352851091,2.1266981132689164e-05,5.18788335141603,0.011078245174207519,0.018145833391354695,-0.0005068848992068479,-0.008519017211947822,0.008560662404611464,5.172130809574001,0.03577383700547026,0.03577860033176556
25.44,straight,5.182496306972311,2.1300784003819946e-05,5.198923229037452,0.004181043021331016,0.01694541896841773,-0.0002664815627690311,-0.009349686529415504,0.008641765330229046,5.181368604139494,0.03543995222774178,0.03543659949504389
25.46,straight,5.191497251248734,2.1334582519232608e-05,5.207933395942079,0.0035515932317515156,0.016810995762031815,-2.9114308902404557e-05,-0.01017990748344376,0.008721897008959263,5.190601970731848,0.035103477313457865,0.03509356444987978
25.48,straight,5.200498185777647,2.136838010676862e-05,5.198665830708243,0.06170718766187639,0.061713028005142584,0.0002052718861537618,-0.011010161510619587,0.0088011471006215,5.199832957637635,0.03476450002261052,0.03474949963390279
25.5,straight,5.209499110660843,2.1402177565671025e-05,5.2056266806147145,0.06894668215856821,0.06903397667034508,0.0001679732871009264,-0.010992239860919018,0.008882776995182702,5.20879293524502,0.035287983071606736,0.03527365038770237
25.52,straight,5.2185000260007826,2.143597373215465e-05,5.220284656793166,0.010929571905886525,0.011053159574505403,0.00013103963634396898,-0.010965925463182438,0.008963500328248091,5.217752957805138,0.035815972733125305,0.03580233194511903
25.54,straight,5.227500931896515,2.1469766820773204e-05,5.229923834521431,0.0038979801878408797,0.004571410085969506,0.00017762529940303534,-0.011779981533769968,0.009039927150467515,5.22679681294903,0.035482805613258686,0.03546832563719451
25.56,straight,5.236501828440979,2.1503557891325605e-05,5.238935893626719,0.0032530040628150846,0.004045648136177441,0.00022375327173551333,-0.012594148112331343,0.009115467254062598,5.235840805946045,0.035146057374815354,0.035130773284640364
25.58,straight,5.245502715728463,2.153735040519647e-05,5.2421686771788085,0.06196466405190121,0.06203278777072793,0.0002694236130006934,-0.01340817816905711,0.009190070165548792,5.235882900159328,0.03472261946043224,0.0360098035427996
25.6,straight,5.254503593858516,2.1571143985238673e-05,5.25011393623792,0.06924844317874145,0.06936590593182336,0.00022911022685366902,-0.01331496781317965,0.0092573460166331,5.253841801882674,0.03533517996907696,0.035319809411587785
25.62,straight,5.26350446292841,2.1604937366457903e-05,5.2699875898561785,0.0037153218980906823,0.007461533337559046,0.0001832291531157754,-0.013213637806816057,0.009323737294600573,5.26279103590839,0.03586880228470254,0.03585429591794759
25.64,straight,5.272505323032021,2.1638728148247706e-05,5.280214820007567,-0.004338300687817959,0.008856941646349412,0.00029842706251916094,-0.014062584633227432,0.009385750859615759,5.271905097273572,0.035428057792325336,0.03541150634905594
25.66,straight,5.28150617426094,2.167251602060345e-05,5.289228007245976,-0.005187306128492366,0.009314513576552325,0.00041226771787450394,-0.014912290424836489,0.009446781477982892,5.281016531767436,0.03498520893992717,0.034966964824492366
25.68,straight,5.290507016705575,2.1706302490795286e-05,5.287845954053876,0.06147339928365995,0.06150928242703003,0.0005247550956967057,-0.0157624208286286,0.009506768494408303,5.290124447291886,0.034538202121794884,0.03451861589056444
25.7,straight,5.299507850456152,2.174008798227968e-05,5.295683125229761,0.06964698371417784,0.06973021635607102,0.0004826898552858796,-0.015600023520639932,0.009562050581147008,5.299080341289489,0.035077939374804766,0.0350588059198398
25.72,straight,5.308508675602653,2.177387246402615e-05,5.319447120305477,-0.009998769966684034,0.01483444880502918,0.00044105101352398936,-0.015431061957269291,0.009616755644888916,5.308036470085747,0.03562506070235773,0.035606418117270354
25.74,straight,5.317509492234748,2.180765415251622e-05,5.3301012732979425,-0.01994645535859433,0.02360687353483405,0.0006167188168427797,-0.01639968220112448,0.009663263368664927,5.317209225185333,0.03499149093827771,0.0349709723812906
25.76,straight,5.326510300440447,2.1841430990803098e-05,5.339117773979637,-0.021165895760760937,0.024654991306997432,0.0007902793741022156,-0.0173734415568714,0.009709225166385877,5.3263813889325515,0.0343487804103677,0.03432718103588952
25.78,straight,5.335511100301076,2.1875206756545275e-05,5.333393421055079,0.060191524539759664,0.06020690380882819,0.0009617471643169318,-0.018351731675894038,0.009754523364617075,5.335552117225756,0.03370015985408922,0.03367830962466605
25.8,straight,5.34451189189862,2.1908984812178947e-05,5.340749506127246,0.07001702555954611,0.07009616174230392,0.0009143213459633047,-0.018127894633698963,0.009800786165306288,5.3445020784663875,0.0342589909827022,0.03423708340431026
25.82,straight,5.353512675328673,2.1942762448112842e-05,5.360590911503047,-0.01468332259821191,0.016320118157281658,0.0008674178568819313,-0.017897025059893157,0.009846396515458926,5.353452096136261,0.034822343493972834,0.03480045345844303
25.84,straight,5.36251345067609,2.1976537168958973e-05,5.37081150367578,-0.025286815629314487,0.026634425927958654,0.000981168794856162,-0.018952644862302494,0.009897773132365412,5.362563186651528,0.034129032296112666,0.034107092022201885
25.86,straight,5.371514218023677,2.2010306851913668e-05,5.379829095874739,-0.026607740095721186,0.027897684494979702,0.0010936456437114367,-0.020012881027240664,0.009948389977439511,5.37167230448517,0.03342927021478519,0.0334076339462332
25.88,straight,5.380514977449764,2.2044075263363603e-05,5.377804306398726,0.060582337554760245,0.06062092777143653,0.0012048810968205998,-0.021078229213342403,0.009998339855822385,5.380780162348939,0.03272290598162705,0.03270193713604468
25.9,straight,5.389515729031459,2.2077846184533097e-05,5.385566157221942,0.0711002223758261,0.07118779212235159,0.0011528796460217759,-0.020881452158475138,0.010054211704781133,5.38972464078178,0.03331224982432333,0.03329082748225823
25.92,straight,5.398516472858972,2.21116168861084e-05,5.409250834498334,0.008186251252692671,0.013486278055769893,0.0011013685341643453,-0.02067552416911915,0.010109068982170035,5.398670947273236,0.03390550928981113,0.03388374979553241
25.94,straight,5.407517209012553,2.2145384282446646e-05,5.419894345783321,0.0005472717580990259,0.012388271564297124,0.0012675364959200603,-0.021461278175735767,0.010174325421040667,5.407834389256711,0.03356352933093164,0.033542883602395004
25.96,straight,5.41651793757039,2.2179145804699425e-05,5.428906836871081,-0.00016753944084071343,0.012390351852340128,0.001431685943441378,-0.022248533673810845,0.010238848936570797,5.416994508075648,0.03321749124793553,0.03319873288251158
25.98,straight,5.425518658606947,2.2212906053357738e-05,5.423086205968483,0.06456057385040619,0.06458418428084339,0.0015938246304790767,-0.02303554674538447,0.01030231720077775,5.426152505619124,0.03286712300097823,0.032851025572705396
26.0,straight,5.4345193721987215,2.224666727062941e-05,5.430426873011212,0.07260473236172686,0.07269777011150827,0.001536147383982902,-0.02288936912067784,0.010370302688363793,5.435090398158361,0.033475153656954464,0.033457780211888236
26.02,straight,5.44349822021114,2.2280345593946872e-05,5.45254681025196,-0.0017735760367435396,0.00922507896295765,0.0014790599174626892,-0.022734060181996342,0.010437298498409693,5.444002944582371,0.03408865172028916,0.034070110145544986
26.04,straight,5.452400922666428,2.2313735479039966e-05,5.4548897313833855,-0.011052170647052079,0.011350699236986735,0.001617296572459943,-0.02374613231612718,0.010515813099780027,5.4530478170616465,0.03359804093375522,0.033581958389165285
26.06,straight,5.4612495181333145,2.234691631344366e-05,5.470846290341385,-0.011913314985100305,0.015315288500006984,0.0016355572669686583,-0.02476161699028433,0.01059330524484371,5.461911073653423,0.03309958255295236,0.033083850638459866
26.08,straight,5.47004574729236,2.2379900806491185e-05,5.467317902724571,0.06493745615422591,0.06497236536384739,0.001771276252309773,-0.025774835291641596,0.01066944587739205,5.462042371222744,0.032502112915177114,0.03345126432881868
26.1,straight,5.47874151718824,2.2412510142175453e-05,5.474121709121587,0.07437184613417186,0.07449282453221057,0.0017122844248842522,-0.02573156296960368,0.010760528680911267,5.47948781850062,0.03323454948009201,0.03322052088332705
26.12,straight,5.487325674362751,2.244470048545077e-05,5.506222463614747,-0.018998225935747442,0.026811836108077417,0.001647527348897006,-0.02567796410931078,0.010850414604085543,5.488006852143914,0.033873238042778794,0.0338576463014221
26.14,straight,5.495784461743881,2.2476418115407524e-05,5.5173140236836185,-0.030653571322699188,0.03747721897785015,0.0019315672756032094,-0.027068888631292715,0.010951196908478318,5.496749729199372,0.03312900005434704,0.03312059251488406
26.16,straight,5.504148011928791,2.250777163991296e-05,5.525663613587738,-0.03208393068206231,0.03864899099495141,0.002211991865446829,-0.02846224951825978,0.011050657929429945,5.505388672153224,0.03237118965526442,0.03237246449377041
26.18,straight,5.5124308538871105,2.2538820636855355e-05,5.510828352236713,0.06464216141792284,0.06463948975785004,0.002488480640444436,-0.029858190584730968,0.011148814730352065,5.513945850311982,0.031608655664608104,0.03162242861401348
26.2,straight,5.5205822611251705,2.256938118173223e-05,5.516378142224703,0.07634959148349026,0.07644271658395954,0.0024226902658588674,-0.029897335908281204,0.011261136877543206,5.522045654261853,0.03227904425019419,0.032289652993609606
26.22,straight,5.528554075955938,2.259926938521285e-05,5.544141284676525,-0.010481005852931253,0.018795924990930454,0.0023570237454534843,-0.029925460573313526,0.011372203608536177,5.529954563659229,0.03295554832414151,0.03296271377253763
26.24,straight,5.536356229362923,2.262851803438637e-05,5.554125579920161,-0.021208967088820953,0.027686286700080373,0.002584648033228109,-0.03129481533080592,0.011492679307838915,5.537987990682918,0.03234296343002327,0.03236150017889406
26.26,straight,5.544041274473074,2.2657319326523442e-05,5.561762982657415,-0.02240841057491321,0.028586915675653798,0.002808873838049756,-0.03266422451499535,0.011611619018118042,5.545897724803232,0.03172233204173058,0.03175398849490512
26.28,straight,5.551649730483163,2.26858332076719e-05,5.569326327084678,-0.023620330666509905,0.029520404750250244,0.0030293615121985713,-0.034033106160670075,0.011728912934688435,5.553725743374513,0.031092960385630013,0.03113955346963014
26.3,straight,5.559128486109728,2.271386494784444e-05,5.558383676775034,0.06729819120867199,0.06727960012344743,0.003246229840208014,-0.035400163689309386,0.011844324900331125,5.56142587999762,0.03045552329293,0.03051940216249338
26.32,straight,5.5664395415065115,2.2741268159057345e-05,5.570398066991879,-0.006620739170485774,0.007733418154797888,0.003189972078544513,-0.035456394270538726,0.011966312339817252,5.568685347624794,0.0311651278131531,0.031223258715879446
26.34,straight,5.573594491924936,2.2768085978217455e-05,5.578271613077923,-0.016942022167964896,0.0175977149266601,0.0032336119300626666,-0.036749376867356964,0.012086460950984949,5.575888904897456,0.03062859968343923,0.03069171319201012
26.36,straight,5.580605863505738,2.2794363553374836e-05,5.585232740220121,-0.018048004333300206,0.018653732968827007,0.0032760767382487787,-0.03804283220373022,0.012205216862967282,5.582946962865453,0.030083107863126506,0.030151338177677532
26.38,straight,5.587520333658446,2.2820274411222263e-05,5.583314329289961,0.0686291733632028,0.06873515953929006,0.0033171589486010395,-0.039336519657016414,0.012322532019788899,5.589905116008874,0.029528634873749293,0.029602031721309693
26.4,straight,5.594337366954619,2.2845821723644975e-05,5.589083557238816,0.07926447284769346,0.07941560281363343,0.0032283618585634034,-0.03937081073944951,0.012444207163851868,5.596632473336063,0.030258800016322578,0.03032293586313883
26.42,straight,5.6010443102632905,2.2870956495923152e-05,5.613317765555997,0.015722269396537713,0.019927589322375247,0.0031396512307671856,-0.039390895761041086,0.012564075123331445,5.603250179786453,0.030992739202009265,0.031048326838940522
26.44,straight,5.607644676674383,2.2895688644141403e-05,5.621827634491925,0.008157572219231113,0.016350206564795237,0.003309582824745369,-0.04032640364787176,0.01267825713581839,5.610020524609243,0.030781153126154877,0.030849879319079395
26.46,straight,5.6141709058291696,2.2920136458076258e-05,5.609401764178744,0.07192864452122125,0.07206370731081871,0.003476595403412273,-0.041258505376443474,0.012790905602545042,5.616708907089976,0.03056428715361294,0.03064664010420079
26.48,straight,5.620635473302372,2.294434949200653e-05,5.613700358158041,0.08000717531262139,0.08028432614669163,0.003363799371380569,-0.04129978615368449,0.012912571814364008,5.6230553772754,0.03128985711276389,0.03136041723231268
26.5,straight,5.626994022966443,2.296816830379009e-05,5.61999549610499,0.08110702803925,0.08138552784976985,0.003251584480257407,-0.04132838840457421,0.013032714856144248,5.629299254458424,0.03201924372495927,0.03207921042870365
26.52,straight,5.6332098426834705,2.299144887475236e-05,5.643075325977519,-0.0034981803636835486,0.010475037544501258,0.0031399715360176553,-0.04134499319220232,0.013151463425352032,5.635412197321698,0.032752875015633655,0.032803896784469336
26.54,straight,5.63934388671008,2.3014416371138224e-05,5.63324120639538,0.06977227350698509,0.0700157257386726,0.003276699913789095,-0.04255575516472179,0.013259023744897751,5.641676310830653,0.03222930578533308,0.03229063960377225
26.56,straight,5.645413819765125,2.3037139506139005e-05,5.637269466318764,0.07993665670124432,0.08032756117620822,0.003150858960590147,-0.04261811998296552,0.013379833675091516,5.647613500548105,0.03292927942547409,0.032979681273927405
26.58,straight,5.651417600601661,2.305961589139309e-05,5.643201530186305,0.08102680489837569,0.08141935005181315,0.00302578653237508,-0.04266651246662038,0.013498942388326782,5.647479389727707,0.033553191086482456,0.033760616423917006
26.6,straight,5.657312604883643,2.3081686915038432e-05,5.6520454344402244,0.0808995699992211,0.08104782197080067,0.0029014275477744944,-0.04270158672868757,0.013616473426942199,5.659272614034462,0.034342350800210274,0.03437519262989046
26.62,straight,5.6630987116011795,2.310334162753088e-05,5.6799106875400005,0.005744066810328029,0.017758714986667867,0.002822213544215082,-0.0427588087441796,0.013735523885153892,5.664958548288682,0.03503682536397476,0.03506308204311745
26.64,straight,5.6688203112523325,2.312475053355497e-05,5.688050577586213,-0.003404578659182956,0.019533363610422124,0.0030643548079955377,-0.043921810697781304,0.013852853818187457,5.670918716432637,0.034618163119061865,0.03465862063066957
26.66,straight,5.674471463653177,2.314589258138663e-05,5.693673698160021,-0.004303643005068445,0.0196836712078987,0.0033032197711072133,-0.04508303054608385,0.013968649279552884,5.6768060796383395,0.03419422307461099,0.03425073645308085
26.68,straight,5.6800402742691745,2.3166726593244323e-05,5.676910191634042,0.072515749144273,0.07256012626013579,0.0035384470059474107,-0.04624306399920186,0.014083008732199653,5.682603738910902,0.03376320435121694,0.03383727958746696
26.7,straight,5.6854604978492915,2.318700817459955e-05,5.679795049171682,0.08201597424344981,0.0821882866795977,0.0034421760764653973,-0.04626832954640764,0.014197745831227244,5.687936383366103,0.03446962370648454,0.034535300929672386
26.72,straight,5.6907153897657,2.320667113407163e-05,5.709208213223523,-0.0038025905647926937,0.01888441801943161,0.0033461374672917902,-0.0462811203760461,0.014311004635872947,5.693095212428505,0.035178194283580905,0.03523544678214951
26.74,straight,5.695821146094559,2.3225773335399555e-05,5.716969761911373,-0.01439912754248807,0.025598207478915926,0.0036063372062689982,-0.047535418194088186,0.014418467034312103,5.698460437166262,0.03461048430082121,0.034687812121958796
26.76,straight,5.7008144724902365,2.3244446799882025e-05,5.696594386542564,0.07195867560049865,0.07205911032391585,0.0038625554624659797,-0.04878962246103666,0.01452442653342688,5.7037077668720935,0.03403096882379957,0.03413057968570214
26.78,straight,5.705675407103357,2.3262622656253938e-05,5.698554253696344,0.08252595405368557,0.08280944945602435,0.0037432481631986896,-0.048810282547441124,0.014638494380440167,5.708448700410302,0.03473364504542135,0.03482099659258689
26.8,straight,5.71040989364603,2.3280329090991414e-05,5.70318551292,0.08358960534073824,0.08387802067780865,0.0036242087782165336,-0.04881858327245225,0.0147511397873278,5.713062565540864,0.03543772330309873,0.035513651450405456
26.82,straight,5.715031552261976,2.329761243947163e-05,5.718322615447651,0.01984043502087652,0.020088554750329262,0.0035052886868651646,-0.048814967448050264,0.014862439549864635,5.717564293531902,0.03614627310933084,0.036211657475036955
26.84,straight,5.719530343849428,2.3314429271301788e-05,5.72394575102637,0.012229730364457066,0.012980462646644991,0.003542037155320845,-0.049721739920774236,0.014966871416096676,5.72210148076647,0.035904275041451994,0.03597296317373699
26.86,straight,5.72385229339605,2.333058093004989e-05,5.717287169411934,0.07549687566773598,0.07575854315453101,0.003577471726858364,-0.050624192557411775,0.01506970018868047,5.7264639545183345,0.035656028344320904,0.035728279047762906
26.88,straight,5.727988041182556,2.3346034946435468e-05,5.720104249834261,0.08347429528082366,0.0838225214131705,0.003451840895442334,-0.050632108609825414,0.015179558785170869,5.730479435873814,0.036340078488054074,0.036402089274906076
26.9,straight,5.732045272853881,2.3361197801750533e-05,5.72403323641106,0.08452549783933824,0.08488111583235695,0.0033262403623670776,-0.05062791686773058,0.0152880611078595,5.73441160088785,0.03702825134886795,0.03708047199614407
26.92,straight,5.736089980157075,2.337631228133974e-05,5.727835140244698,-0.020795768113687472,0.022395962953361034,0.0032004473963444546,-0.05061052020411257,0.015395023058027571,5.738318623621574,0.03772189535182108,0.037764337535118965
26.94,straight,5.74002725706535,2.3391019491685782e-05,5.731744777464772,-0.033976841184105475,0.03499450325740487,0.0030720569736576863,-0.05210545218925665,0.01549347532124035,5.742117255979578,0.036852707186266466,0.03688857038126762
26.96,straight,5.743751385795903,2.3404927527459018e-05,5.7353702011491405,0.07145774352305495,0.07192432819751325,0.0029453305650070996,-0.053602007879450644,0.015590388477425093,5.745727187796869,0.03597210003755782,0.036002950902126636
26.98,straight,5.74727734298871,2.3418094632932955e-05,5.738760585850935,0.08415234587331535,0.08455892407862461,0.0028203680833178623,-0.05360492623505333,0.01569978762532449,5.749137109004275,0.036653049486458804,0.03667681318672176
27.0,straight,5.750711347105138,2.343092299148737e-05,5.742046892502713,0.085226591362217,0.08564257891020036,0.002694993778091027,-0.05359461410738482,0.015807710382514835,5.752442430799409,0.037337670350280835,0.03735437209743519
27.02,straight,5.7541755973825985,2.3443866870832643e-05,5.756064212713179,0.004771162277849243,0.005109569255509372,0.0025692636012995024,-0.053571911548691564,0.01591431328540613,5.755749581792959,0.03802834333277916,0.03803747902185235
27.04,straight,5.757566274316304,2.3456529146742127e-05,5.760660134350979,-0.00506135555793172,0.005952082314204001,0.0026004029256388164,-0.05470869340008859,0.01601472152688452,5.759168626139626,0.037523160885485296,0.03753392276565962
27.06,straight,5.760767576514553,2.3468478296873576e-05,5.763821985735659,-0.0060529604287318985,0.00680091199414865,0.0026314711391678576,-0.05584480714134015,0.016113865143408335,5.762414391072092,0.0370085266822234,0.037021703479644945
27.08,straight,5.763787983766278,2.347975118260492e-05,5.756905285374046,0.07524055152861284,0.07553131419437586,0.0026612030862243636,-0.056980773881911154,0.016211828864359294,5.762434999123075,0.03643680926190463,0.03643845679362895
27.1,straight,5.76678924814307,2.3490956324071027e-05,5.7585193989908685,0.08525084738789067,0.08562763975092073,0.0025452957845486634,-0.05695563115458159,0.01631731216046859,5.768314571861693,0.037168588345331634,0.03717640209172281
27.12,straight,5.7698659839213065,2.350244403581592e-05,5.772440039233668,-0.017266383400068048,0.017480443737309462,0.002427358338428616,-0.05691753309830242,0.016421394541312046,5.771272383098905,0.0378590235807518,0.03786165102493065
27.14,straight,5.772976814451738,2.351405767807559e-05,5.776726476501354,-0.030067853961645605,0.030324089347591406,0.0024704816097866258,-0.05837633785576966,0.01652151687223812,5.774427847728672,0.037029334124075185,0.03703425733503144
27.16,straight,5.775984100686202,2.3525280347846726e-05,5.779732627012041,-0.03163129924226541,0.03187599983016915,0.0025124252421161656,-0.059837721944226915,0.016620369977584343,5.777481555564601,0.036189983521414906,0.036197445667003766
27.18,straight,5.778807816205216,2.3535814619711098e-05,5.782560182584754,-0.033213140959880844,0.03344782409154458,0.0025536861397802467,-0.06130225293105103,0.016718053471103125,5.780355936407305,0.035337027950745864,0.035347410131555033
27.2,straight,5.781576889260833,2.3546149593558503e-05,5.785288248041155,-0.034806054227431917,0.03502677899007509,0.002594200068540973,-0.06276914896065103,0.016814424336240863,5.783139606456722,0.03447523318438836,0.0344871109920471
27.22,straight,5.784407091282361,2.355671727656088e-05,5.788071098008733,-0.020894815023006306,0.021236836430023286,0.0026338415898563114,-0.06423844613146845,0.016909487040879474,5.785996292932217,0.0336037559439173,0.03361778312121114
27.24,straight,5.78730523601719,2.3567539127041038e-05,5.779694829738825,0.07369121804309454,0.07405971249266684,0.00267277121438752,-0.06549912401388568,0.017006231655967916,5.7889226457281024,0.0329515934152553,0.0329677251607072
27.26,straight,5.790251890703672,2.3578542624578236e-05,5.781340942314036,0.08510025649849472,0.0855420722990132,0.002545581167694753,-0.0653843244015921,0.01710329521524555,5.791730377852541,0.03367882109414269,0.0336877021396664
27.28,straight,5.7932296285410985,2.3589660530233287e-05,5.784286336877318,0.08630089483546335,0.08673958642991093,0.002419386736505792,-0.06525566542906663,0.017198979198357247,5.794572871291279,0.03441254544339345,0.03441517951313974
27.3,straight,5.796200306336061,2.360075045972348e-05,5.787237419267677,0.0875111117439574,0.0879454258301021,0.002294474202733644,-0.06511423084608091,0.017293478081480483,5.797417519079423,0.03515259900087263,0.03515008001328185
27.32,straight,5.799016485585327,2.3611257904663257e-05,5.804940644506663,-0.0015966833385598336,0.0061417435231851236,0.0021708655215870554,-0.06495996861066951,0.017386791674601092,5.800109209765177,0.035896533459010706,0.03588956106418461
27.34,straight,5.801653391538167,2.362109399472923e-05,5.809207367174139,-0.012463646823094324,0.014594327937319202,0.00226696569050412,-0.06608306047305773,0.01747218885521935,5.802848114258029,0.03531479848900567,0.03531139425601154
27.36,straight,5.804133567607735,2.3630344107360515e-05,5.811625633854508,-0.013532682926739098,0.015488856837848189,0.0023612559065919808,-0.06720693642247386,0.017556594876885108,5.805425578322096,0.034724609845663466,0.034725023686866495
27.38,straight,5.806491872546459,2.363913951281599e-05,5.799825393020612,0.07571646502947357,0.07598582657625341,0.0024532628819930384,-0.06833006895259874,0.01763974164846059,5.807876173879092,0.03412563701027963,0.034130082756379486
27.4,straight,5.8088828386253795,2.364806121054542e-05,5.80054182350475,0.08673370080284196,0.08711030811390277,0.0023370786098161076,-0.06818208487120941,0.017731783776524485,5.810139717465189,0.0348509162886773,0.03484994055383562
27.42,straight,5.811425192579179,2.3657549844968585e-05,5.81479413901857,-0.013754488385711451,0.014184044047202282,0.0022210139054012847,-0.06802234336245935,0.017822867661839735,5.812536172358426,0.035585030809800605,0.03557872319524385
27.44,straight,5.81407342483574,2.3667433243684372e-05,5.818791752304656,-0.02616331568422839,0.026608658344581943,0.002278983154411291,-0.06933391701887902,0.017910637263917107,5.815216582873814,0.03482969216896666,0.03482479243590364
27.46,straight,5.81664380420419,2.367702056729513e-05,5.821428533127423,-0.027538066751471156,0.027973976310569804,0.002337076177432371,-0.07064634020352477,0.01799712009583394,5.817843148330325,0.03406689200264368,0.034064334906889975
27.48,straight,5.819047014140466,2.3685982380685928e-05,5.823820602115929,-0.028930742067227302,0.02934529001116554,0.0023951799153111393,-0.07196058788567593,0.018082482586011098,5.820321931215475,0.033292632935928455,0.03329336638049877
27.5,straight,5.8214301062376705,2.3694873812740058e-05,5.826133501329771,-0.03033438407557618,0.03072026827502855,0.0024519149254782074,-0.07327811461050582,0.01816696204376329,5.82275622627324,0.03250986840884375,0.032513229081358376
27.52,straight,5.8239244780885855,2.3704185255285378e-05,5.834901848556252,-0.005711217231168613,0.012385151837460867,0.0025068928359029876,-0.07459764438581978,0.01825033589436434,5.825278188702659,0.03172145493081356,0.03172664392516478
27.54,straight,5.826528894237811,2.3713907956436986e-05,5.8382563294721335,-0.00365212949840734,0.012290018792635958,0.0026545124373088293,-0.07556243958662304,0.018337133255965827,5.828004947722866,0.03131074425600048,0.03132182947865872
27.56,straight,5.829181557395316,2.3723811241194758e-05,5.82262991683157,0.07727644179859831,0.07753003566689914,0.002801168592073085,-0.07652608031729084,0.018422877462704226,5.830788305175313,0.03089485719864026,0.030912918255174646
27.58,straight,5.831839605117921,2.373373179512716e-05,5.823225857393437,0.08746191037879268,0.08786143286569253,0.002677036380837273,-0.07629219690631954,0.018508600352360356,5.830654943117684,0.031628332112539605,0.03162679343314716
27.6,straight,5.834526061756549,2.374375610211174e-05,5.825737174253165,0.0887858237081538,0.08919613994429103,0.002554016505696062,-0.07604485881749774,0.01859318766922869,5.835863043719059,0.03247053412030837,0.03247432409930693
27.62,straight,5.8372089303804415,2.375376609813289e-05,5.841539037457199,-0.0020647067190119922,0.004807441574689484,0.002430257315167945,-0.07578423912012204,0.018676667229307296,5.838419331309426,0.03326775281751545,0.03326602686434799
27.64,straight,5.839717416958948,2.376312054872737e-05,5.845523473964099,-0.013076242101003718,0.01432900676082504,0.0025007750262255398,-0.0768424924249591,0.01875485892705063,5.841026877399317,0.03271028634051129,0.03271274196477642
27.66,straight,5.842002783457673,2.3771640347479966e-05,5.847772957567655,-0.014086943435783024,0.015244906992804149,0.0025700664738481853,-0.07790075061524272,0.01883200935294633,5.843374532541185,0.03214397168495707,0.032149478167675674
27.68,straight,5.844114123683141,2.3779510784614628e-05,5.84983043636898,-0.015110983190502069,0.016178296348705507,0.0026379326276030524,-0.07895933917351784,0.01890817736531133,5.8455513166311395,0.0315683886965747,0.031577331936913346
27.7,straight,5.846201169473318,2.3787295257779785e-05,5.851832970629312,-0.01614175886543097,0.01711847151278454,0.0027040788619404283,-0.08001809989202988,0.018983328565017468,5.847681778158788,0.030987644663842347,0.030999236526429774
27.72,straight,5.848382254506561,2.3795433207039294e-05,5.855630034814605,-0.001706384912793946,0.007451432306836339,0.002768408185343554,-0.08107700889983742,0.01905745714646166,5.849918842596666,0.03040444717609612,0.03041948558541651
27.74,straight,5.8506469838635695,2.3803883783922824e-05,5.843328930486654,0.07784636768858982,0.07816588349389059,0.0028562185356300032,-0.08192655981439864,0.019133664847689108,5.852260703960223,0.030042086838960286,0.030061626771140885
27.76,straight,5.852973525779447,2.3812565490621745e-05,5.843971617986066,0.08774405427832066,0.08818092282391848,0.0027269392025560703,-0.08166049309518311,0.019216023552348405,5.85444591982755,0.030836183926602565,0.03084753107021632
27.78,straight,5.855345714480663,2.3821415772814517e-05,5.846313538284797,0.08912555063745327,0.08955835168830899,0.0025987751128962394,-0.08138162776240136,0.01929747691171417,5.856676853892362,0.031637067178507824,0.03164125850513002
27.8,straight,5.8577383454980065,2.383033878971416e-05,5.848682743347467,0.09051961967308894,0.09094774223446515,0.0024719969221618284,-0.08108902646235305,0.01937786643622518,5.85893475436024,0.032445809524988024,0.032444046118138635
27.82,straight,5.860031426150599,2.3838885136689212e-05,5.872713475323816,-0.02452040746075447,0.027627059197817175,0.0023465672835709783,-0.08078228051883699,0.019457134559514238,5.861102543077251,0.0332622581991801,0.033255673350072706
27.84,straight,5.862139840030451,2.3846740535961008e-05,5.877243080300974,-0.03869526619487148,0.041560529029043496,0.0025415950214982357,-0.08213518835614393,0.01952848549593926,5.863413927496864,0.03236905119167445,0.0323702880719035
27.86,straight,5.864092545858043,2.3854013846356345e-05,5.879155133570012,-0.04023958576504142,0.042988674455127,0.0027338957170404614,-0.08349076627611134,0.01959882825763147,5.865563305179418,0.03146377201317113,0.031474300258872746
27.88,straight,5.8659170192628665,2.386081092757851e-05,5.880927206073415,-0.04179698675652796,0.04443297198419117,0.002922932506048393,-0.08485135437685275,0.019668555815908133,5.867577880032286,0.030548046126290935,0.03056933672263827
27.9,straight,5.867648395643556,2.3867264915401526e-05,5.882611016945936,-0.04336733561594378,0.045898545986624836,0.0031086080721369072,-0.0862135429294992,0.01973708296143733,5.869493888900652,0.029622366479724018,0.029655977494107536
27.92,straight,5.869287748100504,2.3873383681321564e-05,5.864616497108187,-0.021585709614013238,0.0221087010737282,0.0032911435598446206,-0.08758015180380939,0.019804885354898015,5.871311746237037,0.028686355947332237,0.028733855904982217
27.94,straight,5.87078933713623,2.3878990765322012e-05,5.861319386162105,0.07663872787803361,0.07719789531762698,0.003182513565650308,-0.08861312120985802,0.019872945466067563,5.872709938265296,0.02808307811990342,0.028124853145671588
27.96,straight,5.872172261833697,2.388415610563899e-05,5.8623010434040586,0.0886095887958925,0.08913398913889799,0.0030387698990445946,-0.08830802228985318,0.019954546527142018,5.873948664191659,0.02889550474295927,0.02892621787667038
27.98,straight,5.873473563286879,2.388901567897597e-05,5.863490414035174,0.09009390623810748,0.09062158281243156,0.002895192536969978,-0.08798761496997155,0.020035016703091556,5.875109344056585,0.029715295895853644,0.029736432557565202
28.0,straight,5.874760572711466,2.389381879216845e-05,5.86466696507462,0.09159027011801246,0.09212101922849643,0.0027518264414535735,-0.0876501041248538,0.02011405775939955,5.876230567895113,0.03054342176347353,0.030554909127767524
28.02,straight,5.875975653073056,2.3898348948615487e-05,5.87257660777018,-0.010030688390279237,0.010613586739064899,0.002609139527945101,-0.08729878599222267,0.02019224074006958,5.877301142975589,0.03137943731060909,0.031383542614847125
28.04,straight,5.877123768411252,2.3902623297739803e-05,5.874440415200339,-0.022306508445711998,0.022491056955276038,0.0025663547677777787,-0.08842942112008105,0.020265840760620882,5.878403076358268,0.03070548699898752,0.030708243984732646
28.06,straight,5.878220119469162,2.3906702536494516e-05,5.875512666941278,-0.02338959136613783,0.02356951825987465,0.002523684635445181,-0.08956135792699786,0.020338743189579876,5.879451341682128,0.030024885402497682,0.030026232382588825
28.08,straight,5.879277238696403,2.3910635963298618e-05,5.876557143435491,-0.02448043594501766,0.024654855902829155,0.0024812607901005938,-0.09069409333102034,0.020410859291864068,5.8794002784608725,0.029315970803172192,0.0292923185771121
28.1,straight,5.880388166606252,2.391477555361936e-05,5.877573015661058,-0.02558013648502074,0.025758348467988912,0.002439152327318292,-0.09182664933758308,0.020482020395458884,5.8814842673327385,0.02864414590841952,0.028641212734471812
28.12,straight,5.881559073199838,2.3919144838723127e-05,5.8776077210638755,0.002607771692290873,0.004721173338202412,0.002396824122580606,-0.0929591228108114,0.02055223821601701,5.88263463665693,0.027950465364170153,0.0279472506785674
28.14,straight,5.882689718564393,2.3923364786213427e-05,5.878556929814998,0.005408036517977469,0.006787386632091354,0.0023384423840344757,-0.09367848266622432,0.02062456981296962,5.883702254791789,0.027679455496567845,0.027674061630049818
28.16,straight,5.883773664832432,2.392741090936175e-05,5.879623598180061,0.005028298786374613,0.006501291108903198,0.0022799789056911404,-0.09439282921983032,0.020695785651566365,5.884720614821375,0.027408060327267395,0.027400500905317805
28.18,straight,5.884826658658184,2.393133974105283e-05,5.88065962805923,0.004641962355828969,0.006220157110408977,0.002222119427609948,-0.09510360236155187,0.02076613726712216,5.8857075023919485,0.027132023165181388,0.02712239901077736
28.2,straight,5.885956368228349,2.39355498975131e-05,5.8817560224918095,0.004259085942437762,0.005964847286720934,0.0021648119487827806,-0.09581113129620904,0.02083567576583346,5.886753033951353,0.02685707955764311,0.0268449677521621
28.22,straight,5.887198714662787,2.3940179553967724e-05,5.901736349504086,-0.024006397887619175,0.02808558303474516,0.002108072171811824,-0.09651478308725814,0.020904299595627347,5.887926523347514,0.026583685573349992,0.026569715483324857
28.24,straight,5.888529930323884,2.394514058996565e-05,5.9051582021578835,-0.02812295251598209,0.0326917003515407,0.0023274196849294277,-0.09760569564989036,0.02096874117300111,5.889463176327073,0.02589958143875755,0.025892460329939998
28.26,straight,5.88993034911033,2.395035966453958e-05,5.906595574267254,-0.02921384265531375,0.03365380022995447,0.002544091596536169,-0.09869784492533717,0.021032466975536554,5.891068580912118,0.025212825049073323,0.025214578714571875
28.28,straight,5.891377421927572,2.395575466060503e-05,5.9080900740116675,-0.030312732498722027,0.0346356376275497,0.002758497568990616,-0.09979143746286824,0.02109551260748563,5.892720751874295,0.024520020046879427,0.024532869810812596
28.3,straight,5.892763888017285,2.396093012184403e-05,5.884667142094983,0.07730260303627232,0.07770164618784343,0.0029707363294562217,-0.10088616554716737,0.021157820666632188,5.894317018012421,0.023821349079266793,0.023848016594737082
28.32,straight,5.894056471436187,2.396575812090117e-05,5.9000461692369335,-0.009190881709033226,0.010990445559083798,0.0028167889834510226,-0.10045325768805753,0.02123148078319735,5.895452321337061,0.024716286904039465,0.02473174317590546
28.34,straight,5.895273531768652,2.397030545362338e-05,5.903118638018442,-0.020975462368656026,0.022416999458111188,0.0029126692894147856,-0.10147489732706745,0.021304049709915576,5.896761565007462,0.024148820125479385,0.02417069758527049
28.36,straight,5.896428827170027,2.397462079640983e-05,5.904249750896937,-0.021919344219377315,0.023295409197171525,0.003006973808455671,-0.10249587568853236,0.02137565908728149,5.898007651294551,0.023576123508467522,0.023605008003455708
28.38,straight,5.897534837980061,2.3978746570841467e-05,5.905332862996795,-0.022871856917794583,0.024187362091208853,0.0030996676573556746,-0.10351772321373776,0.021446566537279353,5.899200173176476,0.022996651795168258,0.02303295570078175
28.4,straight,5.898661044036629,2.3982950795978264e-05,5.906439051337372,-0.02382982157031015,0.025089866235226476,0.0031908204098373143,-0.1045397259588836,0.021516647544200303,5.90040660079468,0.022411652276134127,0.022455616362421757
28.42,straight,5.899766399297533,2.398707936638586e-05,5.901196137538518,-0.008063682929768013,0.008213072361448304,0.00328053740942222,-0.10556117190467212,0.021585782056623017,5.9015957824059475,0.02182172344828702,0.021874367496371557
28.44,straight,5.900838295137277,2.3991083767925245e-05,5.901546774807365,-0.006794431982860127,0.006855132132822351,0.0032757057719187323,-0.10633901585594574,0.021654504272031513,5.902657543600461,0.021473367700103833,0.021526388972612588
28.46,straight,5.901883566895165,2.3994989571087495e-05,5.901632372364091,-0.0073724314083790125,0.007400690653765685,0.0032706716953734855,-0.1071147576359396,0.02172240939619608,5.903691165748472,0.0211213157576329,0.021174615869124246
28.48,straight,5.9029096530956195,2.3998823077736287e-05,5.903482432318918,-0.007904995921646915,0.007949656200145601,0.003251556470849006,-0.10788727671442142,0.021789241907928497,5.904692112262048,0.02076577475693934,0.02081822349698712
28.5,straight,5.9039805976511985,2.4002820634517424e-05,5.9046391055909675,-0.00845924934025346,0.008508771940294868,0.003246349289662733,-0.10865675378810014,0.021855162282943916,5.905740894060349,0.020408377296953713,0.020460238665247328
28.52,straight,5.905118594740159,2.4007068457603412e-05,5.9163234027315035,-0.0033583659121461922,0.011704194508927599,0.003241028336323155,-0.10942181293171671,0.021919873635167737,5.9068567879793274,0.02004979477654035,0.020101081788448306
28.54,straight,5.906309240068751,2.401151320574734e-05,5.918709162735909,-0.0031655562604985935,0.012803570780628094,0.0033913829554160016,-0.11011096306035867,0.02198537318304165,5.908183470357764,0.019774145672707535,0.01983886434488053
28.56,straight,5.907538647447808,2.4016103008159465e-05,5.919955391645978,-0.0035902357427029193,0.012932066845133757,0.0035401662751837126,-0.11079719534880027,0.022050035694594728,5.909549492526659,0.019497071484743805,0.0195766029696493
28.58,straight,5.908791570632431,2.4020779611371242e-05,5.921220533759397,-0.004016297054982269,0.013069173371564342,0.0036872560924239356,-0.11148108654878089,0.022113956726341484,5.90968824173426,0.019190698227961482,0.019187640383172402
28.6,straight,5.91003505594945,2.4025420303613197e-05,5.922415996513823,-0.004448661909700306,0.013164065527431967,0.0038326221646910815,-0.11216200153896043,0.022177030450349956,5.912323944198207,0.01893388069526055,0.01904787746535335
28.62,straight,5.911157842258234,2.4029610793723606e-05,5.913244236086109,-0.00332851024387462,0.003948741911309566,0.0039752297465000495,-0.11284003206165696,0.022239269722676293,5.9136305271864495,0.018651837791862993,0.0187912056128641
40.12,straight,5.9129396129866905,2.4036238063312392e-05,5.923167215884644,-0.028399505081565968,0.030207640791476854,0.010424784041712732,-0.24732114824561385,0.0385081864904417,5.919086955736321,-0.019689497618298635,0.020649775785401815
40.14,straight,5.911336178254388,2.4030248014144268e-05,5.922005894931085,-0.027771264788788767,0.029772827882885412,0.01048542498093098,-0.24739187497524326,0.03850252100188693,5.917573111741751,-0.019854549082972697,0.020834040787714017
40.16,straight,5.909453597383603,2.402321694404519e-05,5.919975774835408,-0.028012996518476965,0.02994646379744467,0.010542601622596445,-0.24746382673668046,0.03849691240245529,5.915770214699235,-0.020031075953521032,0.021026332467868107
40.18,straight,5.9073435480896705,2.401533935224131e-05,5.917733925375309,-0.02826434222105504,0.030136209343634486,0.010596853553169567,-0.24753763230545678,0.03849146977391097,5.913731860486411,-0.020217669266478625,0.021225841113140416
40.2,straight,5.905048885391139,2.40067743471197e-05,5.915338895291407,-0.028522464168185917,0.030344444417726733,0.010648466298806149,-0.24761309798814168,0.03848616102801745,5.911504097003085,-0.020412526315887886,0.02143179044558059
40.22,straight,5.9026043243242725,2.3997650904882786e-05,5.913969554192256,-0.010138347644134581,0.015246039218358402,0.010697936957619681,-0.24769009844954112,0.038480968479745664,5.911554747332284,-0.0205201672580574,0.02240921203052386
40.24,straight,5.900037956433053,2.3988073793915322e-05,5.911443826469744,-0.007871904753736541,0.013872238277860683,0.010717254012783083,-0.24593625668090366,0.03821184530935429,5.909076036134715,-0.020452451384609764,0.02238239168603915
40.26,straight,5.897372642726694,2.3978128369043947e-05,5.9087228104786504,-0.007630089875315226,0.013689816105506203,0.01073676079697723,-0.2442020321326309,0.03794632531865109,5.906591939352723,-0.020381647934100276,0.02239162801763293
40.28,straight,5.894626096859625,2.396788345748545e-05,5.9059106969650665,-0.007388568897217014,0.013501403670159099,0.01075504034643697,-0.24248708857270643,0.03768434844535647,5.901394976258877,-0.02041147684567821,0.021527311248717998
40.3,straight,5.891813096892307,2.3957395396044493e-05,5.902939114255964,-0.0071461243538685085,0.013236250778356272,0.010772220517194224,-0.24079100577314957,0.03742584598160779,5.89866487919614,-0.02034415223797163,0.02148969080224306
40.32,straight,5.8889476184459255,2.3946712075258686e-05,5.882767108501721,-0.0016305800217261124,0.0063981373760866374,0.010786828515826123,-0.23911330588131244,0.0371707368364167,5.895875727533452,-0.02027605171642258,0.021449676727766476
40.34,straight,5.886039630049069,2.3935870374400923e-05,5.877885367575806,-0.0006571998545757791,0.008182661080520624,0.010540624242364599,-0.2369921090678315,0.03685375977098071,5.892795339438874,-0.020125226353734295,0.021251549301002617
40.36,straight,5.8830972241562876,2.392490048105077e-05,5.872275948834832,0.08132349780473637,0.08201658706625792,0.010296960157384271,-0.23489237399498708,0.036540840053114414,5.8896825782455755,-0.019972776358122335,0.021053145838737068
40.38,straight,5.88012694801985,2.3913827638315344e-05,5.868843703595421,0.09262708443853768,0.09328804217011277,0.010040814536392646,-0.23278917968116275,0.03643184325772731,5.886481931161906,-0.018620105400146213,0.019697341538944077
40.4,straight,5.8771341673966475,2.3902671886546206e-05,5.865744405395845,0.09509866241738615,0.09575456448180103,0.009786558406457342,-0.23067938260484167,0.0363241419479602,5.883261607443638,-0.01725077599082829,0.01832921286988381
40.42,straight,5.87412295690585,2.3891450804809483e-05,5.884482571768629,-0.015781229348723783,0.01889771053839053,0.00953423331994325,-0.22856399896547477,0.03621792506613132,5.880024660308945,-0.01587150531309958,0.016955640398995265
40.44,straight,5.871096773560893,2.3880175598328553e-05,5.8838541988987405,-0.028463443970085656,0.03121345123872107,0.009606231130366563,-0.22813868493303865,0.036117854046350796,5.877094787954656,-0.01614162608049608,0.017242382932286665
40.46,straight,5.8680589114171795,2.3868852283193804e-05,5.880799762083824,-0.02884281352565215,0.0315533615834881,0.00967697793331669,-0.22772369707561513,0.03601926060512791,5.874151862460248,-0.016413903378226836,0.01753067050387266
40.48,straight,5.865011543913695,2.385748719407522e-05,5.8777406591161805,-0.0292254339931792,0.031899081898104434,0.009746520165543142,-0.2273173527068812,0.03592184667614085,5.871198844030482,-0.016688536724182225,0.017820965265990148
40.5,straight,5.861956541099531,2.3846087064589166e-05,5.874677166730042,-0.02961029729749527,0.0322489809229421,0.009814977903853035,-0.22692148310004773,0.03582592480208642,5.8682355992466375,-0.016965326481565204,0.018112386805206864
40.52,straight,5.858895852636181,2.3834665711633157e-05,5.852076178097807,-0.02015931716327026,0.02130416810300459,0.009882360503972332,-0.22653373894977163,0.0357310953592369,5.865263977044049,-0.017243193051845216,0.018403892378324828
40.54,straight,5.855830726165834,2.382322903766665e-05,5.846824694192224,-0.019224229486223834,0.02125079163794065,0.009661892983680935,-0.22603141288332335,0.03564112556752889,5.86200023807737,-0.017378811836790135,0.018463872412388626
40.56,straight,5.852762150192575,2.3811780744082723e-05,5.843742225366176,-0.019353478428635072,0.021373778789263928,0.009444138162624816,-0.2255380551184186,0.035552648549233117,5.858735353683766,-0.01751190835126795,0.018525135370502117
40.58,straight,5.849690911333454,2.380032578914614e-05,5.840659630122371,-0.019486187626010606,0.02149892253563034,0.00922904709478799,-0.2250514283734583,0.035465284849771364,5.85546893265642,-0.017645861453007294,0.018590386703501043
40.6,straight,5.846617659166554,2.3788867230013316e-05,5.837575017393613,-0.0196177814829445,0.021623150927989204,0.009016666697065152,-0.22457257739355185,0.035379207504475374,5.852203746962524,-0.017778701650746215,0.018658323759301508
40.62,straight,5.843542942312737,2.377740450470678e-05,5.8479612829997345,-0.005557747338190154,0.0071186482480657,0.00880689531538107,-0.22409976027827094,0.03529412055388663,5.848939460212019,-0.017913841235025776,0.01873180631691725
40.64,straight,5.840467194186871,2.3765938510805854e-05,5.84636016212632,-0.003801124367094204,0.007025443543669175,0.008797784316288632,-0.22341772699707543,0.03520893521373735,5.845875244976529,-0.017836635344744906,0.018661215055361256
40.66,straight,5.837390760884574,2.3754470532299643e-05,5.828617485672683,0.0799939277757122,0.08044997810070612,0.008788479798474564,-0.22274179840143504,0.035125061136055964,5.84280962432191,-0.017757900147414962,0.018589010783375676
40.68,straight,5.834313914650437,2.3743003696254575e-05,5.82383500916095,0.09142194312868997,0.0919969480273449,0.008564893842592318,-0.22088969474238307,0.03505067788510164,5.839526866014316,-0.016447576557313912,0.017276551449958974
40.7,straight,5.831236884201516,2.373153850716459e-05,5.820676770011417,0.09379346374525452,0.09436248560647946,0.008343137662019714,-0.2190302015369034,0.03497736248141257,5.836245822833871,-0.015123943837346575,0.01595435788475816
40.72,straight,5.828159856436088,2.37200750556927e-05,5.830363480257498,0.004030773488942765,0.004573011590629396,0.008123265755698324,-0.21716430387759741,0.034905295125030635,5.832966137329045,-0.01378601818754028,0.014622216210390707
40.74,straight,5.825082956050366,2.3708618536268005e-05,5.828690618724911,-0.005908212302225438,0.00694283197142756,0.008095006074827521,-0.21667231892989483,0.03483863251003779,5.829876918670385,-0.013789919750298568,0.0146218468845223
40.76,straight,5.822006331457132,2.369716297748663e-05,5.825598300713729,-0.005839169561111581,0.0068757144621317745,0.008066888172950405,-0.2161851829024822,0.03477293090793173,5.826786379545344,-0.01379207818292744,0.014619319687801217
40.78,straight,5.818930072155766,2.368570485464452e-05,5.8225059570457045,-0.005769846777546181,0.006808228210828851,0.0080389214224684,-0.21570197478832845,0.034708031848411806,5.8236974050634185,-0.013792947440306878,0.014615978055551558
40.8,straight,5.8158542501032855,2.3674242833703785e-05,5.804745620034923,0.07940251193021991,0.08015236449784961,0.008011021691562602,-0.2152208360005697,0.03464361423505503,5.8206076867894305,-0.013793671395541112,0.014612125130161765
40.82,straight,5.8127789327279515,2.3662781071151856e-05,5.800789653568686,0.009268176403244264,0.015139479742360277,0.007766304104191633,-0.21345433408739858,0.034573655476187605,5.817303061828115,-0.012539064377796463,0.013352522525092232
40.84,straight,5.809704168404451,2.365132154387514e-05,5.79777860420409,0.0005475707501670184,0.011937067188577639,0.007535891449796894,-0.21288230645293538,0.03450477193966553,5.814013248344293,-0.012473362127548921,0.013219058781726894
40.86,straight,5.8066299908732475,2.3639867675188655e-05,5.794684833589613,0.0006877296625349901,0.011963603043665913,0.007308283645615651,-0.21231678105646745,0.03443713529520647,5.8107266732482845,-0.01240565178708172,0.013087020192578167
40.88,straight,5.803556428985104,2.3628417062156554e-05,5.791593832527393,0.0008278393900911449,0.011989598379394782,0.007083401327492929,-0.21175511324661295,0.034370293411433564,5.8074429781068595,-0.012337202464327172,0.012957445896245446
40.9,straight,5.8004835058383435,2.3616966905255625e-05,5.788503943703004,0.000968622779567418,0.012016777643795426,0.006861227307931534,-0.21119680360531135,0.03430415877805857,5.804163290044614,-0.012268114070413012,0.012830723428493484
40.92,straight,5.797411237266161,2.3605517661711347e-05,5.790040473280589,0.004283841011138891,0.00851338758608356,0.006641751941449998,-0.2106429863549223,0.034238928106207975,5.800885186642677,-0.012197648951989881,0.012705407710206663
40.94,straight,5.794339634982791,2.3594070876128464e-05,5.7874609549152,0.004848155267467565,0.008401942050022154,0.006492928499809615,-0.2100431528380597,0.03417394445259706,5.797678121214802,-0.012078856490968745,0.012554473303298265
40.96,straight,5.791268706919382,2.3582626558551694e-05,5.780912729251279,0.07945754344163287,0.0801061820600197,0.006345809084894561,-0.209448197167162,0.0341099986997882,5.794474108121181,-0.011958637181648094,0.012403555474003009
40.98,straight,5.788198458159641,2.3571185336516433e-05,5.777385425707271,0.08965286648852001,0.09027919055552772,0.006150362302996391,-0.20779201209336512,0.034052038144806146,5.791221155916489,-0.010742929203074842,0.011182764968598454
41.0,straight,5.7851288915099985,2.3559746803188143e-05,5.774239725650448,0.0917876961285841,0.09240795776885717,0.0059564357221982105,-0.20612800827973693,0.03399476573802177,5.787970846421794,-0.009515017233092445,0.009952947227935603
41.02,straight,5.782060007843768,2.3548313055263284e-05,5.785218203147887,-0.018701188490910656,0.01898920656469771,0.005764080890064818,-0.2044574857923664,0.03393841674048681,5.784723650163462,-0.008274352923688028,0.00871493863099522
41.04,straight,5.778991806536965,2.3536885496713534e-05,5.7837200160634925,-0.03162652904215399,0.03200129120131536,0.0057820062411872136,-0.20446805829787773,0.03388818177780317,5.7816852619471355,-0.008679406734661142,0.009110210189793886
41.06,straight,5.775924286020967,2.3525459436090015e-05,5.7806624982565005,-0.03232558883715535,0.03269427856617879,0.005799746821223368,-0.20448478963182595,0.03383832312601141,5.778646626440713,-0.009088105264177332,0.0095096241673622
41.08,straight,5.77285744364427,2.3514032788390247e-05,5.777604950559751,-0.033029832371264715,0.033392552020156716,0.005817368848453904,-0.2045091973435144,0.03378910031702946,5.775608573256961,-0.00950002619930711,0.009912947730022994
41.1,straight,5.769791276097024,2.350260236788065e-05,5.758421428993836,0.07502149897426968,0.0758549463314665,0.00583487103426028,-0.2045416561087401,0.03374057438255908,5.772571719337919,-0.009916192099829588,0.010321259389664213
41.12,straight,5.766725779913841,2.349116648588652e-05,5.761756904950737,-0.008763425091735279,0.010094533952984564,0.0056127828648036655,-0.2029097046424013,0.033680280323396636,5.769297775728365,-0.008734859082798342,0.009128190486567708
41.14,straight,5.763660949502054,2.3479732718721224e-05,5.759603673699709,-0.019831628296014224,0.02026540899584682,0.005514186140429128,-0.20270832139996606,0.033620839020163905,5.766147186396104,-0.008978498841404581,0.009339003808881984
41.16,straight,5.760596779825661,2.3468304109503858e-05,5.756541393841998,-0.02030689259567876,0.020730888302051522,0.005416912321856239,-0.20251493711702154,0.033562231852184765,5.76299809644669,-0.009225243123749111,0.009555364178838599
41.18,straight,5.757533265915086,2.3456883261951813e-05,5.753480897611886,-0.020786226027443944,0.021200579985201015,0.005320923586060397,-0.2023285014838385,0.033504273687007265,5.759851086920747,-0.009474995593955681,0.009777161841569711
41.2,straight,5.754470401875082,2.344546345718537e-05,5.750421400573751,-0.021269784412847985,0.02167477912467284,0.005226255311603644,-0.20215038308033714,0.03344720069111232,5.756706243601752,-0.009727855563775834,0.010004342054849784
41.22,straight,5.751408182018466,2.343404520103387e-05,5.751491365176172,-0.005373341274565523,0.00539741635319783,0.005132889159019528,-0.20198056190679617,0.0333910077473439,5.753563468483156,-0.009982900481163404,0.010235818990114581
41.24,straight,5.748346600497598,2.3422629786821286e-05,5.748882346811394,-0.0036792807613501566,0.0037412613535388155,0.005101182440326125,-0.20156474748615535,0.03333339971910319,5.750483210026982,-0.00999967419927292,0.010248295971807217
41.26,straight,5.745285651432226,2.341121718536691e-05,5.734676487441911,0.07756863977372142,0.0782675975896719,0.005069755805029089,-0.20115361617358152,0.033276415944563625,5.747403390040401,-0.01001812685173834,0.010262421916984218
41.28,straight,5.742225329063615,2.3399809954219797e-05,5.730314258174359,0.0883898802002783,0.08916562379248186,0.004876606912177072,-0.1996148761415836,0.033231320338147706,5.744159806676407,-0.008840038264063883,0.009072085654707431
41.3,straight,5.739165627327381,2.3388407375545126e-05,5.727184774772129,0.09039493352768299,0.09116225641888447,0.0046850998045484355,-0.1980699131668984,0.03318699510218806,5.74091895325378,-0.0076507254885957955,0.007871859748021563
41.32,straight,5.7361065403087395,2.3377010106816625e-05,5.73510087495593,-0.01688073223423155,0.0169339975241042,0.0044951896327514815,-0.19651781873121732,0.03314328976811751,5.737679895977531,-0.006450284409089538,0.006662112294979022
41.34,straight,5.733048062306736,2.3365620178552492e-05,5.733274255671834,-0.029488768615700944,0.02951300104352292,0.00447030508810999,-0.1965969567212889,0.03310543148826292,5.73460605941683,-0.0068474618921377075,0.007045255545334288
41.36,straight,5.729990186834684,2.335422927639883e-05,5.730228679436472,-0.03023384263994861,0.03025813677515764,0.004445893240998189,-0.19668362279764126,0.033068074161861555,5.734588732105127,-0.007148190652543209,0.008519253171274575
41.38,straight,5.726932908291772,2.3342833905888665e-05,5.727321580959346,-0.030981882976156953,0.031007661859216443,0.004421944033675091,-0.19677780008553644,0.03303121167183647,5.7313631139674825,-0.007558929399125823,0.008781661263388627
41.4,straight,5.723876220937967,2.3331432822071746e-05,5.712770970816469,0.07467936564313697,0.07547748024591672,0.004400483293317904,-0.19687935164397558,0.032994826208590775,5.72829298994719,-0.007969622654200682,0.009132095242499501
41.42,straight,5.720820117684767,2.3320033464824655e-05,5.728784451014895,-0.0022800339716282144,0.008290720419008824,0.004210375473995273,-0.1954378788552231,0.03296165025639536,5.722152089350162,-0.006916621293557231,0.007066606975057094
41.44,straight,5.717764592547923,2.3308637489878602e-05,5.72784665903944,-0.012510008982805123,0.01608515201390968,0.0043222505867679594,-0.195320578212492,0.03292906824010405,5.719216219635081,-0.007088142854673595,0.007258096411977896
41.46,straight,5.714709640009744,2.3297247990286673e-05,5.7247735929126815,-0.012922322474996238,0.0163973235024721,0.0044305534304131654,-0.19521023082014483,0.03289712084938179,5.716276240480893,-0.0072603202470688695,0.007450189316422458
41.48,straight,5.711655254225889,2.3285864165336208e-05,5.721720824255285,-0.013342516664645608,0.016732016532858388,0.00453734913494561,-0.1951043983732622,0.03286539011288739,5.713336947590622,-0.007437893337885941,0.007648351956997684
41.5,straight,5.70860142917013,2.327448375454905e-05,5.718669444237516,-0.013761688198189154,0.0170701530028202,0.0046426751146221015,-0.19500257356993989,0.03283378008918234,5.710395913751506,-0.007615603369405627,0.007846822909196739
41.52,straight,5.705548159155498,2.326310639620381e-05,5.710706823507302,-0.02007270154931856,0.020747520655208785,0.004746645853229812,-0.19490718052639308,0.03280271951616367,5.707453225153966,-0.007797199918408803,0.008049156376966507
41.54,straight,5.702495438526526,2.325173138293991e-05,5.707114445457637,-0.02128715308337601,0.02180524199357921,0.004777112091415916,-0.19490838145885275,0.0327728244280397,5.704440122632025,-0.008070585888671771,0.008324181863101897
41.56,straight,5.699443261684948,2.3240358712586474e-05,5.68939936548867,0.07491856642565534,0.07556579727280906,0.004807174770879683,-0.19491469171964843,0.032743108447468264,5.701426182943108,-0.008345400357391173,0.008600356047937427
41.58,straight,5.696391623120618,2.3228987174720663e-05,5.684653992487011,0.08731897122648828,0.08808131803057717,0.004623192901849202,-0.19357345819823996,0.032726146421163414,5.698192908762398,-0.007199839894577607,0.007444283312302227
41.6,straight,5.693340517288178,2.3217617572656613e-05,5.681533149402331,0.0892246821483237,0.08997952662035155,0.004440757739252807,-0.19222483250775946,0.03270961856852915,5.694963609893337,-0.006044889035057689,0.0062814288145787356
41.62,straight,5.69028993910905,2.320625409950806e-05,5.688440323044322,-0.0027778043333651996,0.0033565964752990023,0.004259768181151951,-0.19086651953443098,0.03269313005576392,5.691735949204192,-0.004881288474824583,0.005113219508421001
41.64,straight,5.687239883646598,2.3194899946922043e-05,5.686499621192215,-0.013424987301750343,0.01346854086497179,0.004228613878835862,-0.19090700523541335,0.032681314591307735,5.688659853358743,-0.005087892972307565,0.005304670887182122
41.66,straight,5.6841903447123485,2.3183549918851427e-05,5.683456186605625,-0.013876021657665633,0.013918580873358167,0.004197849041000981,-0.19095115479624955,0.032669573849671785,5.685585118486891,-0.005294946610435396,0.005497990749775883
41.68,straight,5.681141316967,2.317219787589642e-05,5.6804155448996845,-0.01433631251139811,0.014377814375264763,0.004167543586208527,-0.19099977026818973,0.032658042706986155,5.682509333548973,-0.005507804598298189,0.005697646328824549
41.7,straight,5.678092795513109,2.3160841023198527e-05,5.664871337131015,0.0755975883799494,0.07672223315040982,0.0041377578908778165,-0.19105317541199232,0.03264677016019604,5.679434905022908,-0.0057252755489181255,0.005903031328520446
41.72,straight,5.675044774741508,2.3149483484996476e-05,5.664650107125098,-0.014040137036500672,0.017487857004185856,0.0039256895933068,-0.18981944410200693,0.03264252813385465,5.676177230084543,-0.0046161735103114245,0.0047755390213813165
41.74,straight,5.671997249196593,2.3138128097773648e-05,5.662086130319455,-0.02581522958447984,0.0276740225382422,0.0037784919717554232,-0.1900684777214692,0.03263859999257748,5.672986156721809,-0.004988948412306018,0.005108713104288057
41.76,straight,5.668950213985312,2.3126776956951086e-05,5.6590563090034,-0.02660131831725444,0.028403352484623563,0.00363341267498132,-0.19032280393079692,0.03263464567610794,5.6697950509614135,-0.0053654071208959495,0.00545436037354503
41.78,straight,5.6659036644952465,2.3115428039737296e-05,5.656028169900939,-0.027396716716323186,0.029143997466154863,0.003490503983617706,-0.1905834812991922,0.03263085125915164,5.666608570941555,-0.005748253560541231,0.005814257742859423
41.8,straight,5.662857595406663,2.310407725449455e-05,5.6529992902790935,-0.028195966546913427,0.02989150593195408,0.0033496969413616866,-0.1908498214974065,0.03262708786740772,5.663423689480871,-0.00613432365708933,0.006183395410655863
41.82,straight,5.659812001533268,2.3092727325474037e-05,5.659459657219547,-0.02451965700783363,0.024545278794058618,0.0032110197299674327,-0.1911236103754338,0.03262367023122761,5.660240681950418,-0.006528375702512632,0.006565478313665573
41.84,straight,5.656766877927467,2.308137977855119e-05,5.657480388979411,-0.024740909902044195,0.024774268147161063,0.0032140180231529833,-0.19133644459380142,0.03262017080737283,5.657200480683842,-0.006860017306636139,0.006896742628028059
41.86,straight,5.653722219788193,2.3070034647835105e-05,5.640804362812912,0.0738644936210386,0.07496283656651873,0.003217162344160814,-0.19155637491407862,0.03261703864538578,5.65416011077834,-0.007195195548748569,0.007231535559733987
41.88,straight,5.650678022359543,2.305869283378596e-05,5.636179629010481,0.08646057260422471,0.0876450068223285,0.003021986177061141,-0.19039151333111232,0.03262661340683998,5.650919820230775,-0.006077304153061976,0.006105152992523433
41.9,straight,5.647634280916165,2.304735372857587e-05,5.6330650702508205,0.08828972396829354,0.08946098646891493,0.0028283866192101094,-0.18921576241294683,0.03263589799469775,5.647683535363806,-0.004950053603805259,0.004973344863815137
41.92,straight,5.644590991168457,2.3036021102824245e-05,5.638037852852402,-0.009527616265624568,0.01158268452869703,0.002636325850563158,-0.18802846770980203,0.032644793344312806,5.644447617121377,-0.0038123828943665236,0.003838097754684755
41.94,straight,5.641548148772458,2.3024697286679038e-05,5.635897998011867,-0.021021068696028593,0.0217894027078298,0.002565799298300395,-0.18832555935995116,0.03265849606229862,5.641331849449575,-0.004131387128173314,0.00416003882344882
41.96,straight,5.63850574845047,2.301337800403913e-05,5.6328692661450095,-0.02169979394271983,0.022442154323350134,0.002496392389526557,-0.1886267698313236,0.03267210837713716,5.6382197973282855,-0.004456336021717465,0.0044884673429873515
41.98,straight,5.6354637857478025,2.300205668191088e-05,5.6298410061261706,-0.022382837548268256,0.023100590881537916,0.0024280317077028297,-0.18893100302638646,0.0326854314221662,5.635107895870574,-0.004785653784581811,0.004821807607571413
42.0,straight,5.632422256818714,2.2990728188362353e-05,5.617393234182196,0.07381257612589262,0.07530454458114764,0.0023607739572804585,-0.1892396832608363,0.03269871835094115,5.631998265368478,-0.005120877449133078,0.005161312679496718
42.02,straight,5.629381156252876,2.2979399263740713e-05,5.621641156994956,-0.0016709413581478215,0.007923191026662833,0.002160953980340491,-0.18827136409442963,0.03273761195212311,5.628751825297117,-0.004032879449018595,0.004104393798000673
42.04,straight,5.62634047950317,2.296807246011123e-05,5.619534223838237,-0.011706528857079231,0.013561202542419154,0.0020864566040246797,-0.18858365950173087,0.032776162353619326,5.625630522146522,-0.004228229552723358,0.0043100720059675544
42.06,straight,5.623300222423893,2.295675026700922e-05,5.616502873754031,-0.01222149686221674,0.014004663266496185,0.0020130751543068525,-0.18889808695547358,0.0328143688548542,5.62251126971243,-0.004427942780087359,0.004520282403814275
42.08,straight,5.620260380867151,2.294543315863141e-05,5.613472947088688,-0.012741212562125785,0.014456589730140508,0.0019407481928961775,-0.1892133874517789,0.032852007469822225,5.619393659616954,-0.004632155080398885,0.004735099419955989
42.1,straight,5.617220950280213,2.2934115959184283e-05,5.610444603350188,-0.013264159749949354,0.014915285485619448,0.0018695159356101336,-0.18953073920143806,0.03288928663064229,5.61627749992191,-0.004839447137809012,0.004953064711426498
42.12,straight,5.614181926440594,2.2922799474892655e-05,5.6064096349576005,-0.014679770485226376,0.016630625505993805,0.001799353676167465,-0.1898493960235031,0.03292607272066687,5.613162813255678,-0.005051589408091776,0.0051758347953168625
42.14,straight,5.611143305141795,2.2911484771597408e-05,5.603269821974293,-0.015330704603096157,0.017254717156840394,0.0017154658099652464,-0.19018355898817713,0.03296256761845584,5.61003431681601,-0.005280844380224752,0.0054184574725848695
42.16,straight,5.60810508226696,2.2900171916465755e-05,5.595719359854098,0.07338087229056821,0.07439622431984931,0.0016328332207908346,-0.19051966420294994,0.03299865935088382,5.606908987610418,-0.005515009004458016,0.005665605040344742
42.18,straight,5.605067253735086,2.288886071019069e-05,5.59211990456947,0.08478868945100074,0.08574890553312782,0.0014839534226582126,-0.18951859771401824,0.03302982312009498,5.6037189977427895,-0.004439595528167829,0.004661712254284291
42.2,straight,5.602029815501197,2.2877551244367855e-05,5.589016232798833,0.08651500318429478,0.0874656568675652,0.0013361296779719474,-0.18850678030096743,0.03306059994490827,5.600530049861813,-0.0033565106490744184,0.003697237019928554
42.22,straight,5.5989927637764225,2.2866246969100845e-05,5.60766989144975,-0.012110892396014032,0.014917125844659018,0.0011893843169460433,-0.1874847878559361,0.03309110060538458,5.597342375465609,-0.00226346087939301,0.0028197647606154745
42.24,straight,5.595956094741737,2.2854949604001625e-05,5.607064588070243,-0.023814787813029262,0.026298894206950755,0.0013647939798913696,-0.1879550435990024,0.033125871074267454,5.594477138630071,-0.002639233925862527,0.003045328941365227
42.26,straight,5.5929198043175745,2.2843657041930176e-05,5.6040515543176355,-0.024628449916803564,0.027048144722471686,0.0015381862905106112,-0.18842945464441582,0.03316038266626267,5.591609561236512,-0.003021830311137703,0.0033146306738431348
42.28,straight,5.589883888472002,2.28323617445208e-05,5.601039257106909,-0.025447335645150573,0.027805965325450054,0.0017095731102055162,-0.18890713637040424,0.03319447520801184,5.588740654189145,-0.0034095771975050536,0.0036177921454842365
42.3,straight,5.5868483440043235,2.2821058622436262e-05,5.573787693242908,0.07174485653035363,0.07290151555708521,0.0018789595587618137,-0.18938752045041876,0.03322804648437085,5.585870599316284,-0.0038035296707465533,0.003949296719560693
42.32,straight,5.583813166541361,2.280975131246193e-05,5.5849214061203,0.0018354898115477448,0.0021246185457865245,0.0016890361475479499,-0.1884111141697175,0.0332580471955218,5.582642535274605,-0.002761189162178255,0.003020103891097952
42.34,straight,5.580778351769922,2.2798446010706846e-05,5.583769698672722,-0.007553271005159942,0.00814524306708214,0.0017497297105883859,-0.18863469995333537,0.03328776073762728,5.579664928555066,-0.002920538751623167,0.003146894519102272
42.36,straight,5.577743896060866,2.2787145356284542e-05,5.5807458454884955,-0.008023797040036841,0.008588318660754391,0.0018097004741210812,-0.18885911800591404,0.03331690953217042,5.576686627524065,-0.0030837219415840583,0.0032814959189602032
42.38,straight,5.574709795758267,2.277584638911939e-05,5.577722986574781,-0.008498766020326478,0.009038583665758158,0.0018689856130341617,-0.1890851553165042,0.03334563337512376,5.573708340021401,-0.0032508052091991336,0.003423338505086422
42.4,straight,5.571676047278359,2.2764550060653124e-05,5.574700039128214,-0.008979275329105535,0.009496380820822742,0.0019276167624307052,-0.18931333702415074,0.03337402471375022,5.570729400168435,-0.003422935454971368,0.0035733722553639266
42.42,straight,5.568642647523163,2.2753262405116506e-05,5.559162207033962,-0.02375380908683821,0.025596946478373735,0.0019855962991997757,-0.18954354817808336,0.03340206139138382,5.567749968041797,-0.0035981325705072733,0.0037293016600212225
42.44,straight,5.565609592222785,2.2741976655253407e-05,5.55476146876983,-0.026140925741690038,0.028323475968294032,0.0018590992821385002,-0.18999576831460374,0.03343148011472562,5.56458671871149,-0.003988023014350623,0.004139143152053049
42.46,straight,5.562576877827738,2.2730692413681575e-05,5.548953510089771,0.07080803709028284,0.07208436550573277,0.001734552525212161,-0.1904510868464122,0.03346041397144454,5.561425476230319,-0.004382912534926955,0.004553615913222197
42.48,straight,5.559544500918989,2.2719408426956193e-05,5.545554259161299,0.08307136043433296,0.08421878436957168,0.00157164066838966,-0.18949568339334202,0.03349340781185935,5.558226185962789,-0.0033447713762507613,0.0036163446335533873
42.5,straight,5.556512458103953,2.270812333164404e-05,5.542456495043508,0.08472786091733196,0.0858634555990587,0.00140996904063946,-0.18852891594084575,0.03352582518024851,5.555028009775271,-0.002299471797940677,0.0027561034863163468
42.52,straight,5.553480745993596,2.2696843080387557e-05,5.55858726582227,-0.01095274721729081,0.012105243371488964,0.0012495433686762897,-0.18755155241111013,0.033557812723110696,5.551832063384943,-0.0012464537495971418,0.0020806002910146257
42.54,straight,5.550449361305567,2.2685565071579525e-05,5.557705451916059,-0.02232135640612962,0.023492702325583224,0.0013742048186806018,-0.188020965237969,0.03359383712200179,5.551950009704105,-0.001515910298609623,0.0021492377364475818
42.56,straight,5.547418300369699,2.267428821003161e-05,5.55483496759984,-0.023120445712755063,0.024302488682884135,0.00149748727918406,-0.18849327931420873,0.03362938434810901,5.548884944006059,-0.0018983140117760605,0.0024168656571598277
42.58,straight,5.544387560025356,2.2663010011556e-05,5.551842021906504,-0.023932717508264516,0.025088428761341028,0.001621433385593296,-0.18896847131313954,0.03366446074051746,5.545973546914579,-0.002280566913935953,0.002796466072627212
42.6,straight,5.541357136964962,2.2651731253670864e-05,5.526596183016444,0.07064253273195134,0.07214605570662164,0.0017440179392736773,-0.1894466706719224,0.03369907172608989,5.540179136064158,-0.002770194693288842,0.003031118155627286
42.62,straight,5.538327027713223,2.264045503738668e-05,5.5479010791156576,-0.028818474772706732,0.03038868848496888,0.0015403531590183323,-0.1885871137315283,0.03374461692106516,5.536940272498117,-0.001760055584894012,0.0022585604258929786
42.64,straight,5.535297229063161,2.262918136249867e-05,5.547882679770275,-0.04219676932344887,0.04405531953815864,0.0017338450363361632,-0.18935755435767798,0.033789847554617204,5.534098716527331,-0.002379390425735259,0.002684423679567801
42.66,straight,5.532267737859229,2.2617911306844674e-05,5.5448939388871015,-0.043499879398820294,0.04531698053165364,0.0019252600481227782,-0.19013455614792593,0.0338346894074035,5.531253620165636,-0.003011910052398777,0.003199499126264939
42.68,straight,5.529238550976842,2.2606643647200405e-05,5.541907842733663,-0.04481187704327326,0.046590147897299,0.002114609263712986,-0.1909155425583296,0.03387866706380765,5.528406796928472,-0.003655440125965674,0.0037709206881662125
42.7,straight,5.526209665253305,2.259537733496622e-05,5.5389239444025735,-0.046127864903956435,0.04786980132046288,0.0023020218597326557,-0.1917025552116203,0.03392215566169511,5.525560240001568,-0.004303681963658142,0.004374748997232068
42.72,straight,5.523181077565695,2.2584113561528653e-05,5.516659961225258,-0.021109950251009608,0.022115808079183886,0.0024874968376847966,-0.19249495163742297,0.033965039531344,5.522710331637482,-0.004961200858542158,0.005005967876155024
42.74,straight,5.520152784852584,2.2572852327229045e-05,5.511511995543712,-0.018914368250808392,0.02081516221949635,0.0023863145683137737,-0.1928771857337966,0.034002269166946084,5.519576504579201,-0.005238473633859919,0.005292514438649398
42.76,straight,5.517124784081361,2.2561593632517356e-05,5.503622863295314,0.07028394408413959,0.07154693378747967,0.002286704282790781,-0.19326189308709918,0.03403903513252569,5.516445175000805,-0.005525158902509253,0.005589192357191258
42.78,straight,5.514097072248646,2.255033747795284e-05,5.499999075335543,0.08166380336307998,0.08284954865629761,0.0021107118578778845,-0.1921560314076161,0.034044427449580535,5.513241489538586,-0.004495069153927122,0.00459792427546122
42.8,straight,5.5110696464472255,2.2539085589252972e-05,5.496913074115068,0.08330139591428108,0.08447352564495789,0.001936213450153649,-0.1910410815242104,0.03404959915165035,5.510041193535397,-0.003453709399146029,0.003625192259656493
42.82,straight,5.508042503926731,2.2527841738714544e-05,5.51749483101609,0.00209517957306328,0.009676898914610379,0.0017632311208931881,-0.1899182865824023,0.034054786037750244,5.506842612820073,-0.0024040516500803285,0.0027070328217357682
42.84,straight,5.50501564199557,2.2516606934651096e-05,5.517102654842917,-0.007362305183184439,0.014164443951096634,0.0019406622329125036,-0.19002470466363053,0.034063214285723606,5.5039933075450245,-0.002569507631085011,0.002786351984091968
42.86,straight,5.501989057318312,2.2505376446480422e-05,5.514087149025811,-0.007822756492176652,0.01441915242829258,0.0021158517663053505,-0.1901335842908125,0.03407138039471774,5.5011405882777415,-0.0027369070517384527,0.0028869112666702846
42.88,straight,5.4989627469425955,2.2494143875793693e-05,5.511071319392279,-0.008287110401876043,0.014685607051668575,0.00228882356491591,-0.19024453846764122,0.03407922231310638,5.498287042969075,-0.0029064164268914456,0.003005843141513469
42.9,straight,5.495936708259634,2.248290566733141e-05,5.4830856495954094,0.07008141916162622,0.07122783345089097,0.002459659824944724,-0.1903598685985064,0.03408715268317329,5.49543203648996,-0.003081327058636942,0.003144571495390306
42.92,straight,5.492910938186299,2.2471666973550265e-05,5.4888471718453316,-0.007399463635458669,0.008461638169259333,0.002268691666801416,-0.18953519879875316,0.034134470004349486,5.492206766235659,-0.0021003672748925225,0.0022365829537869266
42.94,straight,5.4898854339011365,2.2460429629198766e-05,5.487123047755249,-0.017634253691422134,0.01787149492268412,0.002250441810902423,-0.1899891371546569,0.03418129654210984,5.489155208121819,-0.002399899601225074,0.0025300311871320107
42.96,straight,5.486860192797408,2.2449196266587422e-05,5.4841170954564475,-0.018371320769158116,0.018597186791634534,0.0022325915110487913,-0.19044346232386122,0.03422717773451366,5.486105511181012,-0.0027047453503193527,0.002829688045890225
42.98,straight,5.483835212341063,2.2437963737349692e-05,5.4811128380597065,-0.019116205530842895,0.019331295780170295,0.002215215024355191,-0.19090040840941105,0.034272516459766096,5.48305644394411,-0.003016514435152477,0.003137150283108936
43.0,straight,5.480810489702364,2.242672843799886e-05,5.478111656733533,-0.019867600831602255,0.020072291740925147,0.002198350890796923,-0.1913605769873327,0.034317419899280215,5.480008890079535,-0.003335521007546573,0.003452299951180828
43.02,straight,5.4777860220758186,2.2415493711487608e-05,5.4886859367565215,-0.024496674346513887,0.026832702186690902,0.00218188818794692,-0.19182045731023373,0.0343612487605027,5.47696168794977,-0.003660277405956746,0.0037738248163679605
43.04,straight,5.47476180682979,2.24042605887146e-05,5.487197347739846,-0.025787487667917608,0.028649488635695733,0.002365925888857335,-0.19234562726372664,0.034405572003288885,5.474114583719097,-0.004047605821966578,0.004121150303873438
43.06,straight,5.471737841384822,2.2393029136617033e-05,5.458432429189107,0.06734259310810928,0.06862246958810801,0.002547871060494409,-0.19287390123288609,0.034449313750794554,5.471267551936805,-0.004441479074656137,0.004488577316247964
43.08,straight,5.468714123194076,2.238179852822369e-05,5.452490750495214,0.07907922508237654,0.08070428917804269,0.0023513168827287547,-0.19209563511722796,0.034505974374368115,5.468038294763308,-0.003457788534868537,0.0035451840033048935
43.1,straight,5.465690649713949,2.2370569245326577e-05,5.449403500988954,0.08062050715663618,0.08222731197692057,0.002156511532463486,-0.1913061999844321,0.034561953194093394,5.464811015321522,-0.0024676220307172743,0.0026407990859224277
43.12,straight,5.46266741849179,2.235934366848957e-05,5.4757405158373444,-0.011625957770734557,0.017509687770032638,0.001963419824663017,-0.19050537164588716,0.03461721606436107,5.461586185180954,-0.001469895988540011,0.0018427944673693928
43.14,straight,5.459644427534329,2.234812853107995e-05,5.476005861486189,-0.022646232202260617,0.02795641348911973,0.002205898809458313,-0.19109583094810847,0.034675854470568784,5.458797419729596,-0.0018459642168662201,0.002051344252250896
43.16,straight,5.456621673968954,2.2336919035707848e-05,5.473011843129832,-0.02348660912488738,0.028658474998127535,0.002445443911357005,-0.1916866827386015,0.03473347820158977,5.456004845848789,-0.002226151655685003,0.002331561236698515
43.18,straight,5.4535991552071295,2.2325706490354212e-05,5.4700185899111915,-0.02433728174616015,0.029376662697593526,0.002682144904251208,-0.19227858402341688,0.03479020714530654,5.453210472463523,-0.0026142136443485864,0.0026650354638728118
43.2,straight,5.4505768692019245,2.2314486433788557e-05,5.435421506169287,0.0670979092704548,0.06876641945223867,0.0029160324572199887,-0.19287158695680598,0.034846043278084986,5.45041308674278,-0.0030086614135883135,0.003035397766428337
43.22,straight,5.447554813092836,2.2303264590719912e-05,5.450635654195448,-0.009385748661796879,0.009899647617423065,0.0026803447052751034,-0.19206345159472207,0.034892903990922194,5.447147860136162,-0.002051342386760106,0.002113200652165383
43.24,straight,5.444532984394073,2.229204409847015e-05,5.450052733483956,-0.019720920666580558,0.02050029458701467,0.0027677959376406305,-0.19254052735328542,0.03493929617864639,5.44420722745416,-0.0023816613755088265,0.00242592448925
43.26,straight,5.441511380895264,2.2280828092157332e-05,5.447056942386491,-0.020512665193332853,0.021270572638173692,0.002854269193600822,-0.19301716819787973,0.03498452569355436,5.441264836679048,-0.002718116706055456,0.002751465554156875
43.28,straight,5.438490000365533,2.226961538936819e-05,5.444061115498051,-0.02131116759428508,0.022048874506398006,0.002939890808997024,-0.19349572074656587,0.03502902132724317,5.43832247473933,-0.0030608538479971917,0.0030876714731200806
43.3,straight,5.435468840369666,2.2258401920927573e-05,5.441065746705969,-0.022116150213292596,0.022834940257235502,0.0030246879939974675,-0.1939770397232167,0.035072938423201555,5.4353794586774935,-0.00340988261505883,0.0034333046831486413
43.32,straight,5.432447898632191,2.2247188981478906e-05,5.442351163694806,-0.018070094000698332,0.020625408326241563,0.0031086509674848038,-0.19446043871438873,0.03511614958442053,5.432436330789837,-0.0037645673324522328,0.003786832189933684
43.34,straight,5.429427172901526,2.223597765822975e-05,5.439828200917989,-0.018243362613481615,0.021019359545235775,0.0032547251083875463,-0.19487308070073645,0.03515840288057377,5.429555071726356,-0.0040542903080147815,0.004078532170668242
43.36,straight,5.426406660971082,2.222476783208558e-05,5.4144008801217,0.06759049801957666,0.06862660070283116,0.0033991431118119693,-0.1952883717538797,0.035200161707576734,5.426672951117293,-0.004348957325932903,0.004379285711028764
43.38,straight,5.423386360657943,2.2213560410611013e-05,5.40883437564229,0.07851097340701987,0.07982634709263911,0.0031997390540028318,-0.19409852645470274,0.035179796635822706,5.423458434223196,-0.003375721338946985,0.003398699189260587
43.4,straight,5.42036626979035,2.2202355134041605e-05,5.405758546023012,0.08004719137817419,0.08134730764936557,0.003002199907994824,-0.19290226668627933,0.03515959028567182,5.420246746302364,-0.0023960243763117574,0.0024211787189010615
43.42,straight,5.417346386390406,2.2191155527299e-05,5.415021253831757,-0.0005988191998253514,0.002406635675948121,0.002806505123514238,-0.19169991519355278,0.035139611551464604,5.417036834551861,-0.001408558097328693,0.0014638530545429383
43.44,straight,5.414326708453103,2.2179963544267573e-05,5.413380149641868,-0.010054264617732641,0.010120805747699742,0.002794957683695883,-0.19172309072869184,0.03512393592689407,5.414011181055347,-0.0016234200926019701,0.0016755766420917008
43.46,straight,5.411307233653957,2.216877314957897e-05,5.410374969849667,-0.010588612754280599,0.010651657167954805,0.0027837493527744822,-0.19175235711863553,0.035108604228763926,5.410985141641507,-0.0018421884752558959,0.0018919754792720168
43.48,straight,5.40828796066431,2.215757360444013e-05,5.4073694109815795,-0.011128145695875492,0.011188073852143621,0.0027728976305803838,-0.19178811248423047,0.03509368988073633,5.40795886908153,-0.0020655047811272633,0.0021134415954127393
43.5,straight,5.405268887702775,2.2146368398641404e-05,5.391041944130675,0.0677219079440535,0.06917849117178124,0.0027623523575887226,-0.19182896753461742,0.03507893466089772,5.404933777331346,-0.002292219790291112,0.00233850158809604
43.52,straight,5.402250011123641,2.2135165184288957e-05,5.404890771538518,-0.01246320507924761,0.012761556981341012,0.002557639129348862,-0.19075305350854357,0.03507294948407876,5.401713253772354,-0.0013550352355847929,0.0014780753590108281
43.54,straight,5.3992313289474225,2.2123964230315843e-05,5.403933244939223,-0.023131346489237887,0.023626070516139033,0.002625641747494394,-0.19099995486972832,0.03506720946440133,5.398764787399797,-0.0017396319108117257,0.0018224831354243423
43.56,straight,5.396212839256435,2.2112766724495625e-05,5.400941028646573,-0.02400968211466503,0.02449250783668728,0.002693066175877381,-0.19125380720211624,0.03506155872004692,5.39581627720665,-0.0021310244537032248,0.0021893518103131386
43.58,straight,5.393194540181582,2.2101574109575148e-05,5.397949433976224,-0.024894205554789647,0.025365949143289695,0.0027599741479191,-0.19151588590099136,0.0350562325780907,5.392867530335021,-0.0025282089882803795,0.002571190269969498
43.6,straight,5.390176429867836,2.2090384399705507e-05,5.394957895475327,-0.02578580753113681,0.02624709523307999,0.002826321106839609,-0.19178460255270718,0.03505093578724377,5.389917956333843,-0.0029311847333495567,0.0029645644686685005
43.62,straight,5.3871585062599365,2.207919519255966e-05,5.381329018467263,-0.01733260883180019,0.018307597451308888,0.0028921253809002286,-0.1920601632744635,0.035045703207884873,5.386967918075496,-0.003340696901452785,0.003368172639906938
43.64,straight,5.38414076744985,2.206800758612011e-05,5.3771495403753,-0.01698192553656113,0.01838513128746478,0.0028005714849919133,-0.19219695060758468,0.035039049705085604,5.3838614253076384,-0.003618967163441899,0.0036517350874725667
43.66,straight,5.381123211564187,2.2056821557398775e-05,5.3646767000302145,0.06566568859387835,0.06767255081565318,0.002710479614710717,-0.19233968746146102,0.03503254617087967,5.380757028981635,-0.003902343850142915,0.0039414477436351385
43.68,straight,5.378105836757271,2.204563848146934e-05,5.36054926983755,0.07615561319320634,0.07813163988178215,0.0024933817731106747,-0.19156370643123707,0.03508225125121139,5.377514777977426,-0.002964607977659316,0.0030445771962685866
43.7,straight,5.37508864117838,2.2034458237174303e-05,5.35747154188854,0.0776099505858978,0.07956284884555717,0.002278331923320806,-0.19077731345240118,0.035131298191283904,5.374274928244532,-0.0020205866424742357,0.00219873365821849
43.72,straight,5.3720716230476455,2.202328195171716e-05,5.372360310399313,-0.01465698350007726,0.014681845268693762,0.002065301196896556,-0.18998051073987202,0.035179695601563254,5.374052755889922,-0.0009637934278184588,0.002212853796347321
43.74,straight,5.369054780638052,2.2012111864134585e-05,5.371497863354153,-0.025741658173479075,0.025879245733397803,0.0021195961307352755,-0.19057648311427888,0.035231880814412864,5.370930627900144,-0.001390356020224576,0.0023481027854922705
43.76,straight,5.366038112187098,2.2000947832015748e-05,5.36852849016287,-0.026658512862115607,0.026796488568934053,0.002175562900356404,-0.1911749583184037,0.035283365324183566,5.367961363920153,-0.0018192391244300375,0.0026625292923084976
43.78,straight,5.363021615739129,2.1989781152761598e-05,5.365545051902132,-0.02758185000613989,0.02771894119679312,0.0022311902463742254,-0.19177618412161412,0.03533418091100251,5.362129177942049,-0.002351590802612481,0.002535809537264978
43.8,straight,5.360005289785619,2.1978607781363888e-05,5.3452247449530566,0.0620972927909153,0.06381072900760631,0.0022864765413335656,-0.19238008427060643,0.035384307988428204,5.35916168005002,-0.0027940671831975885,0.0029396923789551557
43.82,straight,5.356989132404365,2.1967430019840925e-05,5.374321563826396,-0.010664096079710333,0.0203618548352894,0.0021053933579768935,-0.19210810693344907,0.035518696640996744,5.3559403326657025,-0.0019082090465115536,0.0021967162134363823
43.84,straight,5.353973141605579,2.195625373737628e-05,5.37512012434138,-0.02062450978005425,0.02955455021672263,0.0024278331926058713,-0.19305779795846725,0.035651738674067415,5.353223076078271,-0.0022530343921264135,0.0023954500065799015
43.86,straight,5.350957315744438,2.194508131638024e-05,5.372140896499906,-0.021482007388255637,0.030185494288433656,0.0027463796996309254,-0.19400332272326504,0.035782819165286764,5.3505045963827165,-0.002604454752608855,0.0026651324372570966
43.88,straight,5.347941653446171,2.1933915244701193e-05,5.369160394412388,-0.022348875095430803,0.03083322986622639,0.0030610544554415626,-0.19494435036691743,0.03591187760325738,5.347779342253013,-0.002965388269782774,0.0029917283901754305
43.9,straight,5.3449261527451455,2.192274597112545e-05,5.36618015307379,-0.02321730969405438,0.03149276828688701,0.0033720160355193173,-0.19588274381097273,0.036039260459122126,5.345051366804835,-0.0033302604823308964,0.003354520972784838
43.92,straight,5.341910811873248,2.1911577022586184e-05,5.3463241256957446,-0.020346377090175862,0.020840933811280212,0.003679307837065167,-0.19681868380862502,0.03616500620629136,5.342321923241677,-0.0037046084844047323,0.003749128475455558
43.94,straight,5.3388956291875616,2.190040957909623e-05,5.341464131277939,-0.02071234919410015,0.02089273341657204,0.0037342210841556185,-0.19768884124853892,0.03628758328331345,5.339340587906259,-0.004030111320503528,0.004076369379984086
43.96,straight,5.335880603081264,2.1889243714320155e-05,5.320701246214379,0.06333133378089562,0.06510375290640846,0.0037887573129715096,-0.19855600445678914,0.03640856015820839,5.336360204385684,-0.004360891522457698,0.004408943711993688
43.98,straight,5.332865731960155,2.187808001451618e-05,5.31565737819004,0.07394462465294262,0.07589927470248166,0.0035702207468169124,-0.19791966423250612,0.0364806167709721,5.333116297035281,-0.0034500200317913944,0.003480927944619742
44.0,straight,5.3298510142411715,2.1866918345339603e-05,5.312584114772555,0.07536045260250993,0.07729196795365939,0.0033537468571930174,-0.19727160636934798,0.03655174664930834,5.329873704555559,-0.002533015714168776,0.0025549833886523133
44.02,straight,5.326836448448304,2.1855761541291846e-05,5.332312102230915,-0.023937366642317166,0.024576963249038183,0.0031393008200110654,-0.19661108259818383,0.0366218194467741,5.326632326126383,-0.0016095268200818573,0.0016441031141415873
44.04,straight,5.323822033199463,2.1844613958103327e-05,5.3318637929728805,-0.036008538522028774,0.03691691223788049,0.0032634739936456586,-0.19744546116128114,0.0366955527684606,5.323726872735845,-0.002163781948672307,0.002187697187709376
44.06,straight,5.320807766673212,2.1833469738425036e-05,5.328893627347545,-0.037148419527610256,0.0380395695392526,0.0033865197708179123,-0.19828082231230762,0.03676806529300909,5.320825933462244,-0.0027238517358974183,0.002745745305135065
44.08,straight,5.317793647388882,2.1822322941156945e-05,5.325923305286355,-0.03829983330499059,0.039174489500129216,0.003508488203134873,-0.19911954116555255,0.03683980434740243,5.317921800819315,-0.0032931839804322396,0.00331748249326761
44.1,straight,5.314779674047429,2.181116892693657e-05,5.299352476846467,0.061038213516307595,0.06293647407421878,0.003629375570768528,-0.19996039405510777,0.036910532306485326,5.315017818772374,-0.003870356682772206,0.003899446562759795
44.12,straight,5.311765845021014,2.18000090907545e-05,5.307128818622596,-0.002217096779509784,0.005149240006994662,0.0033967962838902695,-0.19920219743189163,0.03695723440989529,5.311763988636369,-0.0029750429473790903,0.002996843531435512
44.14,straight,5.30875215856409,2.1788850710585013e-05,5.305624029935237,-0.010979091342509843,0.01143698184593459,0.0033646673281038605,-0.19954754821472387,0.03700361668185329,5.308712155575944,-0.003185127439088661,0.0032071657781973743
44.16,straight,5.305738613294608,2.1777697296384233e-05,5.302630919414456,-0.01154480086292177,0.011976790089269726,0.0033332170887493497,-0.19989469718540004,0.03704948581876599,5.305659410923064,-0.0033996982306027978,0.0034223925170634283
44.18,straight,5.3027252081147935,2.1766553063728496e-05,5.299637135395333,-0.012115742990379574,0.012524189835588343,0.0033024381472970053,-0.20024324607039415,0.03709476678933531,5.302607688041039,-0.0036194109129870844,0.0036430734698893203
44.2,straight,5.299711941187098,2.1755407610930317e-05,5.2966437103979915,-0.012691033725010096,0.013077807450246014,0.0032722971327190284,-0.2005930204146392,0.03713942566498402,5.299558480320064,-0.003843976466610503,0.0038687767008555173
44.22,straight,5.296698811044678,2.1744262150816426e-05,5.307774269167804,-0.03033754453242694,0.032316438367333944,0.0032427867127506104,-0.20094455269024916,0.03718356370540157,5.296509296987787,-0.004074131577242302,0.004100257854023766
44.24,straight,5.293685816277758,2.173311790717945e-05,5.306367952121356,-0.03321423266708394,0.035573388807036116,0.0034223779147142144,-0.20156409560476132,0.03723003447354029,5.293669569702455,-0.0045608042462615865,0.0045825661637571465
44.26,straight,5.290672955514125,2.1721974856628867e-05,5.277753347387902,0.05991206113624512,0.06126800958902875,0.003600054078242679,-0.20218704752923797,0.03727582900193092,5.290827901950943,-0.005053848640219188,0.005077935157808113
44.28,straight,5.287660227447546,2.1710830562670967e-05,5.271839655954457,0.07151743147667482,0.07322519070016034,0.003400303902938749,-0.20147182650005746,0.03732928351370404,5.287605210686747,-0.004168060055852376,0.00419013208916138
44.3,straight,5.284647630714062,2.169968540197715e-05,5.268764155113462,0.07291083345324585,0.07459966902461099,0.0032023456252214615,-0.20074547591723169,0.03738191432535772,5.284386352214281,-0.0032764063100454576,0.0033084391503628917
44.32,straight,5.281635164018809,2.1688546067092138e-05,5.286468775394298,-0.010561359907064194,0.011634634222466357,0.003006152213869526,-0.20000897061765285,0.037433913097453995,5.28116844461704,-0.0023780729062289536,0.0024447253481553587
44.34,straight,5.278622826147867,2.1677415353128616e-05,5.285781070656144,-0.020529078562197937,0.021761756263894035,0.0031183180724701403,-0.20053041673417224,0.037488894553093184,5.278258501272314,-0.0027224308502776843,0.002768187636062571
44.36,straight,5.275610615672221,2.1666288036872676e-05,5.282794554540027,-0.021285808592210236,0.02248593923830483,0.0032293188440452314,-0.20105368262587625,0.03754322709515919,5.2753492167328515,-0.003071298141931838,0.0031039907168925658
44.38,straight,5.272598531207578,2.1655155822702135e-05,5.279810274816381,-0.02204891933841003,0.023218947098966068,0.0033392041980609354,-0.20157976577941206,0.03759709899551552,5.272438701610142,-0.003425621340732184,0.0034509796788616876
44.4,straight,5.2695865715752035,2.1644017065186573e-05,5.255505768394936,0.05981560254299581,0.06142952461481475,0.0034479194873129463,-0.2021061714594055,0.03765003363939768,5.269527842002893,-0.003785545401922635,0.0038076423722188733
44.42,straight,5.266574735262694,2.1632878279415096e-05,5.274400764489475,-0.007895985203619893,0.01113262815103684,0.003246979875203111,-0.20154124112525537,0.037725659902072176,5.266301488153739,-0.002936237922239756,0.0029704652253672264
44.44,straight,5.263563020979689,2.1621741632549425e-05,5.274109093670464,-0.017064746065987305,0.020078934584693356,0.003405952073421733,-0.20211370157584818,0.03780051024707301,5.263435273001935,-0.0032283526116781234,0.0032524841034196057
44.46,straight,5.260551427490341,2.161060713183015e-05,5.271122104314534,-0.017775831794966,0.02069995566607604,0.0035631448249941254,-0.20268655099207505,0.03787443981538988,5.260567534217541,-0.003527655323327003,0.0035493024767941236
44.48,straight,5.257539953567104,2.1599474784529587e-05,5.268135430038454,-0.018489868728586562,0.02132928917473217,0.0037185830345717198,-0.20326018647993993,0.03794752228989912,5.257698689401076,-0.0038314427326991743,0.0038563105836586574
44.5,straight,5.254528598022162,2.158834657227529e-05,5.265150671653403,-0.01921023246336019,0.02197023850332221,0.0038722816333637503,-0.20383448346695437,0.03801973736172892,5.254829218735147,-0.00414092553413199,0.004173355319180409
44.52,straight,5.25151735966692,2.1577223136031313e-05,5.250104491956884,-0.010404686841524026,0.010521557751211809,0.004024249030586484,-0.20440885351025664,0.03809096967620762,5.251958178464414,-0.004455949052543017,0.004499173564291598
44.54,straight,5.248506237236384,2.1566101148594014e-05,5.2457721360693395,-0.009850453003501514,0.010243635604325849,0.003996513426249031,-0.2048317538669247,0.03815906974752066,5.248908803748858,-0.004635611415453126,0.0046745440652651606
44.56,straight,5.245495229545384,2.155498059123307e-05,5.2302324251398655,0.060166258310189416,0.062051096178282625,0.003969340079019117,-0.2052538293184314,0.03822629233851704,5.245859996228759,-0.004819846357125526,0.004855123236967991
44.58,straight,5.242484335427477,2.1543862803602747e-05,5.225776180231629,0.0691472855911284,0.0711163175335984,0.0037519897903419176,-0.2044936657981845,0.03826518301946204,5.242626110348132,-0.003969907776358019,0.003993968742478176
44.6,straight,5.239473553715314,2.153274770678391e-05,5.222706803641176,0.07048395780508063,0.07242980914661183,0.0035367442346611183,-0.20372489123624024,0.03830366155076823,5.239394352785454,-0.003113468846528247,0.003136001878689942
44.62,straight,5.236462883303972,2.1521637396284888e-05,5.242605243273453,-0.02113862879268902,0.022033623220399482,0.0033235239592546823,-0.2029465347023979,0.03834154923693495,5.236164268999006,-0.002251940591766367,0.0022929895356410793
44.64,straight,5.233452323033703,2.1510531310409875e-05,5.242174732211968,-0.032249073511824204,0.03342859578800909,0.003451238051073975,-0.20354907023542357,0.03838311915055644,5.233274996747927,-0.0027513557077575605,0.0027785305093502356
44.66,straight,5.230441871719762,2.14994270994429e-05,5.2392024453158585,-0.03327578248147167,0.0344304608193309,0.0035776270847248473,-0.2041529939931428,0.03842366753775343,5.230384529916607,-0.003259710768038885,0.0032817112040928785
44.68,straight,5.227431528281784,2.1488321053290397e-05,5.236230710881363,-0.03430768000098372,0.03543892509802575,0.0037028460381714158,-0.2047614772475879,0.03846379587865835,5.227493061191916,-0.0037742443686932282,0.0037962314143160083
44.7,straight,5.224421291686383,2.1477210117636646e-05,5.208038880818789,0.057117343498627224,0.05939967451989983,0.0038268520318928733,-0.20537298647446262,0.03850321336902146,5.224600051253883,-0.004296177690304401,0.004321353818204554
44.72,straight,5.221411160864008,2.146609380670179e-05,5.214314124137366,-0.017167007032796142,0.018596008677220353,0.0035768292315874134,-0.2045858565437453,0.03853408098939771,5.221334201266545,-0.0034637403836691137,0.0034860560767550797
44.74,straight,5.218401134525109,2.1454979023100645e-05,5.212676413897043,-0.02736307514793557,0.027976506510708515,0.003507980861111581,-0.20505138947388674,0.03856472979892838,5.218250424989638,-0.003884832310322812,0.003909193491116461
44.76,straight,5.215391211646363,2.1443869123199822e-05,5.209700821814764,-0.028272240925651268,0.028860234505312356,0.003440454848535918,-0.2055209789143488,0.038594951354704574,5.2151690700756435,-0.004312384320597562,0.004339517675440449
44.78,straight,5.212381391207899,2.143276399994424e-05,5.2067250981892705,-0.029188745210995657,0.02975278387048008,0.0033742988831166163,-0.2059960650929612,0.038625019234725666,5.21208918432677,-0.004746814869434517,0.004777192727442815
44.8,straight,5.209371672074099,2.1421658333502872e-05,5.203749579191617,-0.03011227235037035,0.03065366932341785,0.0033094306136121033,-0.2064751890995044,0.03865465211489176,5.2090106526763575,-0.005188241089598502,0.005222156733834761
44.82,straight,5.206362053202611,2.141055305287057e-05,5.194552335808254,-0.013479746844194023,0.017937409957956785,0.003245823232467643,-0.20695805244914448,0.038683792166964284,5.20593364408593,-0.005636237184848781,0.005673844578188458
44.84,straight,5.203352533553371,2.1399449390704716e-05,5.190870324265827,-0.012065121891227302,0.017374968973073474,0.0030913349120044015,-0.20717248659069692,0.03870980371834116,5.202766863526429,-0.00583189581195236,0.005882522825873259
44.86,straight,5.200343112111327,2.1388347406292704e-05,5.18614684813063,0.057488657721770704,0.05919477139372527,0.002939083237636462,-0.20738898777750445,0.03873547016249492,5.2026094424423475,-0.005914939883519862,0.006354230561963893
44.88,straight,5.197333787902963,2.1377250043368757e-05,5.183024908499885,0.06637623561516821,0.06788012417805092,0.002773363033247979,-0.20680899052274196,0.03880550499803665,5.1992722237732,-0.005093388579994094,0.005469768104695067
44.9,straight,5.194324559914591,2.1366156263178536e-05,5.179970295934571,0.06766301490580465,0.06914793952074383,0.0026109938125775953,-0.20621792873937445,0.038874614319167416,5.196088645379939,-0.004260517535534696,0.00463103935193143
44.92,straight,5.191315427150229,2.1355065426861565e-05,5.19584126853459,-0.004533762417631575,0.006421240964241645,0.002449941492036877,-0.20561595257870052,0.03894281969410424,5.190053271183172,-0.003528370491815898,0.0037674380176615377
44.94,straight,5.188306388717052,2.1343982005346863e-05,5.19481244066999,-0.013095278159637428,0.014641532994224339,0.0025696448904050785,-0.2061020531446265,0.03901347955126874,5.187150456814551,-0.003764310317816133,0.0039582012380597695
44.96,straight,5.185297443628997,2.1332903303112497e-05,5.191813410857126,-0.013675521893713856,0.015167783630069934,0.0026860177696168257,-0.20658784994450108,0.03908323469450728,5.184246523855768,-0.0040073218603596025,0.004163471096878988
44.98,straight,5.182288590856572,2.132182175030108e-05,5.188830189408738,-0.014253604785574914,0.015702421509506594,0.002801177133017834,-0.2070739575446635,0.039152229786769334,5.181343432479348,-0.004251642756814362,0.004376248467318206
45.0,straight,5.179279829604354,2.1310732538514542e-05,5.165951034127867,0.05607300108708155,0.057614657687567586,0.0029150573662967924,-0.20755905425180343,0.03922021553484183,5.178436113722532,-0.0045028201842039674,0.004602131793100215
45.02,straight,5.176271158713263,2.129964266173826e-05,5.1716109466282765,-0.002535612922691974,0.005315578853136929,0.0027382292600575077,-0.20707341103326815,0.039301460482012704,5.17523554828151,-0.0037148570316839643,0.003877029231462366
45.04,straight,5.173262577237267,2.1288554078585995e-05,5.169829680364159,-0.010391181473226185,0.010963772754436182,0.0027237979224825045,-0.20757030023804765,0.039381688803939136,5.172197743836311,-0.003913621976970176,0.004076443432595312
45.06,straight,5.170254084274333,2.1277468063064513e-05,5.166842553930961,-0.010926736161693647,0.011467237754624725,0.0027097784155490764,-0.20806525727786324,0.03946074776025798,5.169162728333206,-0.004119969863445943,0.004282637884641147
45.08,straight,5.167245678924786,2.126638517394382e-05,5.163856638780467,-0.011464056936991344,0.01197490062232174,0.0026961948311204098,-0.20855953979882894,0.03953887674839451,5.1661290106597,-0.0043313222103549,0.004493548207839441
45.1,straight,5.164237360287345,2.125530253132169e-05,5.160872589425191,-0.012001848338130009,0.012485059235297385,0.0026830171893767922,-0.20905240910707074,0.039615941116007435,5.163095113051724,-0.004544487804453412,0.004706457145907372
45.12,straight,5.161229127476176,2.124421984885473e-05,5.16213266670769,-0.018151729001426076,0.018195420820746638,0.0026703046928802567,-0.2095445112424401,0.03969206762700962,5.160059598452427,-0.004764346717660639,0.0049264265709096705
45.14,straight,5.158220979600259,2.1233138395038283e-05,5.159624931236316,-0.01945249572050083,0.01952427196763507,0.002720694599082684,-0.21012184267984077,0.03976793464256979,5.157088171834883,-0.005070625197861174,0.005216346877825243
45.16,straight,5.155212915788837,2.1222058129565615e-05,5.14312768707367,0.054691725242478284,0.05599032658886528,0.002770760780128512,-0.21069868663026883,0.039842758171003544,5.1541176320477184,-0.005381788647975404,0.005512909500784892
45.18,straight,5.152204935186887,2.1210978009144077e-05,5.138567070609161,0.06403536134267183,0.06545076620750928,0.002620374636817086,-0.21014774727164404,0.039911509132399055,5.150946713046427,-0.004596955535533203,0.004786500276982058
45.2,straight,5.149197036932776,2.119989876217508e-05,5.135498621557551,0.06526241827172662,0.06666380696135665,0.0024712130723142517,-0.20958720275751996,0.03997955296157817,5.147776508207744,-0.003807341873348917,0.004083581021535031
45.22,straight,5.146189220183459,2.1188822226660965e-05,5.149158485379041,-0.010640142188794744,0.011067091520732186,0.0023232405255301856,-0.20901681277215234,0.04004685153372346,5.144610640095564,-0.003011530261014415,0.0034189618499994253
45.24,straight,5.143181484135027,2.117775134885146e-05,5.148028435295752,-0.019737146142674227,0.020344146545273816,0.0024233807519861666,-0.2095895173091329,0.04011685965747705,5.14169094989179,-0.003345206498842412,0.0036816076991173026
45.26,straight,5.140173828188395,2.1166689495615808e-05,5.145050449419119,-0.02046340573935066,0.02105704495461312,0.002522524696779482,-0.2101623542515783,0.040185934096667764,5.138770686850077,-0.003683725801270962,0.003961695846911362
45.28,straight,5.13716625125366,2.115562711443292e-05,5.14207380843756,-0.021196612403895455,0.021777919958779233,0.0026207551690536003,-0.21073645243243422,0.04025429327146487,5.135850781881165,-0.004028700602925876,0.00425814456705852
45.3,straight,5.134158752565952,2.1144558094599102e-05,5.120635595504735,0.05353520161373688,0.0551962868267139,0.002718071237121498,-0.21131157120158808,0.040321888070274835,5.132927973465992,-0.004378369834390104,0.004568429060692395
45.32,straight,5.1311513313521,2.113348385751434e-05,5.128626755568214,-0.035019651265785295,0.03513161081930896,0.0025451037809574107,-0.21082691452842986,0.04039843756428518,5.129734422979769,-0.00362352773171744,0.003910394444541432
45.34,straight,5.128143986638975,2.1122410897142156e-05,5.12712046515937,-0.046998314299842046,0.04703057542508299,0.0025664291776322495,-0.2117733353075508,0.040474163868337784,5.1267347499194145,-0.004303868999947026,0.004548790920193248
45.36,straight,5.125136717694275,2.1111342716951615e-05,5.124170483146056,-0.04835794215125924,0.048388701430966116,0.002588122116554637,-0.21272173834409924,0.040548588132316335,5.123735362757789,-0.004992473849016054,0.005205749910702402
45.38,straight,5.122129523826857,2.1100278355651928e-05,5.121223305185971,-0.049730521951379746,0.04975987486635582,0.0026102247804572366,-0.21367309576532387,0.040621894699239915,5.120739590524229,-0.005692229654430489,0.005879970536203704
45.4,straight,5.119122404172984,2.108921124665191e-05,5.118278108323939,-0.05110877849106232,0.051136838059625205,0.002632748816147311,-0.21462796270433493,0.040694185962791944,5.1177430044662495,-0.006398704271638775,0.006566314941718616
45.42,straight,5.116115358059034,2.1078144821562563e-05,5.121414229339192,-0.02046645069176011,0.02116168411713608,0.0026557397444031622,-0.2155863999851445,0.040765476170460765,5.114746405292084,-0.007115027202246224,0.007266225375157972
45.44,straight,5.113108384691671,2.1067084368495565e-05,5.1191126822359845,-0.01759703058545511,0.01861313929739133,0.0027676935208820726,-0.21605539482533742,0.0408315302317604,5.111841000020022,-0.007369961445247034,0.007498904362073215
45.46,straight,5.11010148320095,2.1056024501538673e-05,5.09868868178753,0.05373032293095733,0.054908445504594915,0.0028784264568515712,-0.21652379803276786,0.04089658214246242,5.108934918820962,-0.007629246939038542,0.007738734256104552
45.48,straight,5.107094652887113,2.104496814264801e-05,5.093695807647638,0.06277504433769887,0.06416847739058232,0.0027273195184999107,-0.2158459633231772,0.04094360900340616,5.1057702778862755,-0.006835685746470354,0.0069834608351133105
45.5,straight,5.10408789305184,2.103391744819034e-05,5.0906333445072605,0.06402108715219333,0.06539901903384077,0.002577405298033553,-0.2151583824599698,0.040989901998606186,5.102607322947548,-0.006035768463846899,0.00623513776269513
45.52,straight,5.101081202930914,2.102286863479854e-05,5.102774325995769,-0.0241030951713854,0.024183459986560525,0.0024287238118102876,-0.21446243236035215,0.041035742560474556,5.099444176941587,-0.005229534821544304,0.005499837283741248
45.54,straight,5.098074581813279,2.1011818364678126e-05,5.101489546346051,-0.0348187332270843,0.03500671103648525,0.0025059299201695834,-0.21509378753230904,0.04108512508360594,5.096506906130776,-0.005732570646329117,0.005963331134822346
45.56,straight,5.095068029013191,2.1000765074019514e-05,5.098525919957286,-0.03583719384930222,0.03602453512238197,0.0025826587582239795,-0.21572892984885575,0.04113395877535054,5.093570471377844,-0.00624273622320663,0.00644027017519779
45.58,straight,5.092061543972207,2.0989703551620657e-05,5.095563146539074,-0.036862268284074705,0.037049101747789887,0.002658966249591378,-0.21636918953407624,0.04118250211146463,5.09063271500402,-0.006759283322595625,0.006929188590984575
45.6,straight,5.089055125892045,2.0978638343842007e-05,5.0742273084715475,0.05005262125505133,0.052182654516434494,0.002734861924383543,-0.21701406414480606,0.041230655577916,5.0876954174637055,-0.007281750668811534,0.007428234133607027
45.62,straight,5.086048773975136,2.096757518997032e-05,5.084419630976844,-0.0004157004935660215,0.001686649314812368,0.0025464908577615356,-0.21651210881093919,0.04130650901737592,5.08448823509169,-0.00651794616826803,0.006722549706111007
45.64,straight,5.08304248755239,2.095651411008154e-05,5.083121522239584,-0.0074581768606818465,0.007479550957090027,0.0025848744426226616,-0.21690167280584138,0.04138170102647943,5.0815075545990895,-0.006649695191138109,0.006844969930091672
45.66,straight,5.08003626595908,2.0945455113577592e-05,5.080132888703669,-0.007861478387595277,0.007883016021224163,0.002622955067450255,-0.21729017841816398,0.041456027693738566,5.078527545976769,-0.006785479274200148,0.006971632060058757
45.68,straight,5.0770301085353395,2.0934398209877897e-05,5.077144056641403,-0.008267931664401203,0.008289649255232772,0.0026606912499712015,-0.21767673060634538,0.04152931475137974,5.075546881350988,-0.006925703255708038,0.007103220225730722
45.7,straight,5.074024014645289,2.0923345494792483e-05,5.0741540441733415,-0.008676757327945947,0.008698652583895398,0.0026980767211855433,-0.2180610549055239,0.041601510235379516,5.072564989966548,-0.0070698943854967805,0.007239368004689418
45.72,straight,5.071017983691249,2.0912299687442836e-05,5.077642059035971,-0.020438502455019433,0.021505023280100653,0.002735102471229821,-0.21844295582742318,0.041672578549983234,5.069583439661553,-0.007217642116033301,0.00737933510571825
45.74,straight,5.068012014941317,2.0901255046219687e-05,5.075383140213736,-0.022374619857324262,0.023577380127493552,0.0028675696585019404,-0.21899951477325344,0.04174450353406113,5.066696767911475,-0.007535608499594249,0.007670118279497678
45.76,straight,5.065006107760567,2.0890211594621837e-05,5.052257086560422,0.05015175781132322,0.051726602709469216,0.0029986079518066924,-0.21955580131816724,0.04181540705713159,5.063809162295552,-0.007858331947260636,0.007969618577749846
45.78,straight,5.0620002615314945,2.087916786103847e-05,5.046961802915561,0.059276772716254034,0.06113441058652338,0.0028306063156526475,-0.21901052986735778,0.041880638155269566,5.060623711616412,-0.007108221762455839,0.007260782997952739
45.8,straight,5.058994475629717,2.0868123670659207e-05,5.046599105511871,0.060586678606024284,0.061821214803194975,0.0026640016175029113,-0.2184549862490309,0.04194499278554144,5.0574400918802995,-0.006353056109116914,0.006560717869697664
45.82,straight,5.055988749449696,2.0857084235350287e-05,5.053678717924843,-0.019963524194991936,0.020117448664265226,0.002538525775377649,-0.2178869364168347,0.04200840410306147,5.05429800862581,-0.005590755314289269,0.005860784780627262
45.84,straight,5.052983082408701,2.0846051869177973e-05,5.051794595060402,-0.029716167788481924,0.02976075426326256,0.002559735270941996,-0.2185327470748877,0.042075100117960486,5.051301967172917,-0.006025976959423161,0.006276162598744545
45.86,straight,5.049977473893534,2.0835025579530698e-05,5.048826582667686,-0.03059684733270752,0.030639305207636445,0.00258110135290834,-0.2191794075975207,0.04214084946894126,5.0483060968064235,-0.006466803193554281,0.006699473936786745
45.88,straight,5.046971923293071,2.0823995526111248e-05,5.045858292751705,-0.03148469544115927,0.031525195129578895,0.002602640880473116,-0.21982726239445147,0.042205718361827606,5.045310117733011,-0.006914120905695565,0.0071312732735767095
45.9,straight,5.043966430159969,2.0812957265357656e-05,5.0298596438283765,0.04908160898769505,0.05104863492537911,0.0026244013534697658,-0.22047739969509533,0.04226991972893595,5.042315317776844,-0.007367089481587065,0.007570156837722048
45.92,straight,5.040960993691542,2.0801916344384913e-05,5.040387931272332,0.0049435020217889125,0.004955943589716677,0.0024488089083929323,-0.21980569953716228,0.04230858245084466,5.03912931230966,-0.006627138708063863,0.006895663219037721
45.94,straight,5.0379556132566705,2.079087721164814e-05,5.03905303031882,-0.0011697085837121437,0.0016191396402896827,0.002495992067239082,-0.21992398813530337,0.04234701771390226,5.036165716175599,-0.006679269777745624,0.006935023023821467
45.96,straight,5.034950288299868,2.0779841458482505e-05,5.036055578745872,-0.0014073163114952589,0.0018058586855313745,0.002542664298635177,-0.22004346746129466,0.042385226647309954,5.033202287855117,-0.006734046857734112,0.00697733396728111
45.98,straight,5.031945018306317,2.0768813998603312e-05,5.033058072044546,-0.001645425627297817,0.0020037695826598694,0.002588735306194295,-0.22016186441205107,0.04242276164234856,5.030238435968649,-0.006790426456943248,0.0070217379824470075
46.0,straight,5.028939802664041,2.075778856909348e-05,5.0300602589084935,-0.0018874515891867947,0.002212845504116251,0.002634288513011891,-0.22028092192519783,0.042459971297375596,5.027274099379324,-0.006850811533068221,0.007070575109196288
46.02,straight,5.025934640808671,2.0746763245875973e-05,5.0338708145375,-0.022126682861734248,0.02352639990409915,0.0026792878884720228,-0.22039980078940052,0.04249668817087123,5.0243085792437245,-0.006913685336264763,0.0071225293790703895
46.04,straight,5.022929532188925,2.0735738915848753e-05,5.03165161966721,-0.025046790929492573,0.02654158441484266,0.0028246045090110704,-0.22082727957792375,0.04253580483227797,5.024445541158342,-0.0071447349154669226,0.007324087171393645
46.06,straight,5.019924476262318,2.0724715573657274e-05,5.007620047006899,0.04774975962317428,0.049289550135019206,0.0029683638816296403,-0.22125720821554204,0.04257440369239609,5.021429504031376,-0.007515165487171493,0.007684708825548704
46.08,straight,5.016919472518495,2.0713690443668408e-05,5.002227177103549,0.056867223457270716,0.05871447195734631,0.0028047972631228386,-0.22069620904799098,0.042630234646282135,5.01825154505078,-0.0068015768884265694,0.006951119764024288
46.1,straight,5.013914520421338,2.0702663758339e-05,4.999163340914068,0.058009342317177054,0.059835437875140056,0.0026425988948534872,-0.220125672709521,0.04268530786044815,5.01222177715783,-0.0062030665714283215,0.006449859165052153
46.12,straight,5.010909619447787,2.0691642512313186e-05,5.016371361211263,-0.022612179087863452,0.02328255700280356,0.0024817473767471646,-0.2195457455217481,0.042739659554389034,5.009048709622245,-0.005475202314428422,0.005802399138695612
46.14,straight,5.007904769196074,2.068063203142809e-05,5.0156470018988495,-0.03242378539049635,0.03335544247511773,0.0026213912403973013,-0.22017867111994152,0.04279705261156512,5.006173048332992,-0.005948821250726937,0.006215610177278474
46.16,straight,5.0048999689674645,2.06696239752971e-05,5.012681822690916,-0.033360905750893184,0.03427662208971622,0.0027596640259274275,-0.22081385186139266,0.04285371249193574,5.003296369145484,-0.0064291229425954225,0.006646153514691612
46.18,straight,5.0018952182460055,2.065861404428838e-05,5.009718341067408,-0.034306222298413756,0.0352070448043688,0.0028965649241179,-0.22145045583736578,0.04290948018406372,5.000421105618057,-0.006917903904382268,0.007093423564259487
46.2,straight,4.998890516610658,2.0647596158426526e-05,4.985388826926791,0.046908067058943674,0.04879268109254289,0.003032094467120742,-0.2220885055932159,0.042964359008209205,4.997542445448931,-0.007411631002677651,0.007553546255090729
46.22,straight,4.995885863597437,2.0636571728807967e-05,5.005368986054459,-0.007544716382122823,0.012131124302851692,0.0028453919175876435,-0.2213783514082191,0.042990217902107546,4.994347645209024,-0.006699197845045156,0.006893641301903483
46.24,straight,4.9928812585378495,2.0625548449603498e-05,5.005199794933744,-0.015088604668981135,0.019494490932063284,0.0030343135458490854,-0.22161091036791383,0.0430158833826705,4.991528983939589,-0.0069321988690578505,0.0070831076491740625
46.26,straight,4.989876700964686,2.0614530136646732e-05,5.002214176889491,-0.015634883565777514,0.01993258470009129,0.0032209418538811695,-0.2218453717465041,0.04304112022045102,4.98870781658823,-0.007169687586858213,0.007284691841058516
46.28,straight,4.986872190405762,2.0603517704507653e-05,4.999224854872314,-0.016183099539828525,0.020375188642069546,0.003405370591342179,-0.22208340157132392,0.04306626706347204,4.985880604141961,-0.007409821565726431,0.007496296434842911
46.3,straight,4.983867726364181,2.0592506485579973e-05,4.9962383327128945,-0.016742534996146176,0.020833490948573962,0.0035875876092253843,-0.22232399901036684,0.04309112450745355,4.983058151901174,-0.00765976068194993,0.0077229033342561615
46.32,straight,4.980863308363055,2.0581494586895732e-05,4.981809157216943,-0.010246187192765053,0.010310245842558291,0.0037676161261470677,-0.22256842825131082,0.043115941696945444,4.980230433893814,-0.007912104249407666,0.007957891253767682
46.34,straight,4.977858935921489,2.0570483993891292e-05,4.977543601229042,-0.009854955401768829,0.009880559067615051,0.003776800466636817,-0.22270522698975295,0.04313919368253254,4.9772318978182915,-0.008065686719552354,0.008110532186285019
46.36,straight,4.974854608575981,2.0559474748893963e-05,4.962640749342306,0.04778447684073797,0.049300812970224636,0.0037859334348900224,-0.22284270067078216,0.04316200804790814,4.9742326819114355,-0.008218050614252806,0.008262051136048094
46.38,straight,4.971850325868246,2.0548468285126107e-05,4.958260702205115,0.0551909974998631,0.05681950648898215,0.0036240006487715344,-0.2222197841953629,0.04320303007546353,4.971061190422098,-0.007519676916026059,0.00758140709885557
46.4,straight,4.968846087340438,2.0537463714022926e-05,4.955198084521034,0.056308000316907476,0.057918446590081274,0.003463393102985045,-0.22158900425643543,0.043243589843481686,4.967891410574648,-0.00681631711563817,0.006903186819603587
46.42,straight,4.965841892566729,2.0526464025390913e-05,4.967432555001844,-0.012609870416404836,0.012730166233779804,0.00330403243854598,-0.2209488046706505,0.04328338259959791,4.964723277871358,-0.006108002213426834,0.006229780300063098
46.44,straight,4.962837741113091,2.051546886754328e-05,4.966149375749644,-0.02086789652663118,0.021149295015666918,0.0033718235695377845,-0.22134737769635426,0.04332592440304387,4.961781984244454,-0.006425754962428749,0.006532153170209602
46.46,straight,4.959833632487886,2.0504472767779913e-05,4.963174153609175,-0.021523523731929905,0.021801473176062822,0.0034390055031506025,-0.22174641658553929,0.04336768969361585,4.958836412970935,-0.006747076295972876,0.006840657587280388
46.48,straight,4.956829566266862,2.049347389703849e-05,4.960198464458129,-0.02218571996804129,0.022460306998170032,0.0035056346680698196,-0.22214617337201567,0.04340873059699894,4.955893331394963,-0.007073774691500045,0.007155779240441002
46.5,straight,4.953825542053437,2.0482469336884377e-05,4.941691276094059,0.046313153996825,0.047856575802336945,0.003571708473488287,-0.2225476584775045,0.0434492464806044,4.9529485613209925,-0.007406352737728794,0.007478434087293216
46.52,straight,4.95082155937105,2.047146411260518e-05,4.951264134194874,-0.016318713502556766,0.016345177816399457,0.0034021953142731763,-0.2217903241362024,0.0434604120594795,4.949776631974942,-0.006724330020267887,0.006825263388825345
46.54,straight,4.947817617762851,2.0460461006441443e-05,4.949875084322733,-0.024796458071290096,0.024902060438519464,0.0034453803520801615,-0.22207625379443546,0.043471661948072324,4.946815839960931,-0.007083134956411567,0.007173885043599616
46.56,straight,4.944813716825152,2.0449462678834217e-05,4.946900980108247,-0.02555299746769408,0.025658485066612127,0.003488369289660618,-0.22236711945543228,0.043482877125554514,4.943855008478989,-0.007449894993019704,0.007531611247255676
46.58,straight,4.94180985615516,2.0438467855974323e-05,4.943926053995254,-0.026312580004732612,0.026417913528061006,0.0035311009326515685,-0.22266128183404774,0.04349371942422461,4.940893812246265,-0.007821676917143713,0.007895436033220269
46.6,straight,4.938806035309042,2.0427473649652678e-05,4.940953065788415,-0.027077040422301354,0.027182393313530194,0.0035736676553552228,-0.22296097634873177,0.043504647729344696,4.937934583347083,-0.008198147967940085,0.008264648256949897
46.62,straight,4.93580225387764,2.0416480638673585e-05,4.943992630919647,-0.020899894721841745,0.022466457150580467,0.0036160071247844424,-0.22326479284611905,0.04351537509491911,4.934973388390789,-0.008580374995027769,0.008640638402524919
46.64,straight,4.932798511456312,2.0405489212355178e-05,4.94168226385522,-0.020752424210584423,0.022592731362583312,0.0037465162006860005,-0.22346787984441602,0.0435253719695887,4.932100783934981,-0.00886407218983022,0.008911832994588056
46.66,straight,4.929794807645322,2.039449945391252e-05,4.919428569262035,0.0450385710904855,0.04619626740117052,0.003875517989742575,-0.22367306544185653,0.04353492815552821,4.929227101553962,-0.009153118609030623,0.009191062667488762
46.68,straight,4.926791142049794,2.0383512672822165e-05,4.914238739864796,0.05333972020621122,0.05477695196022543,0.0037214023757307967,-0.22294868204638552,0.04355329570626339,4.926068273052493,-0.008468862622188704,0.008519967108241646
46.7,straight,4.923787514276341,2.0372528162354588e-05,4.911181912996804,0.054440701559942115,0.05586119758424301,0.0035685840969690813,-0.22221732565909919,0.04357135987608724,4.922909927276869,-0.007779392183364244,0.007848980092777543
46.72,straight,4.9207839239452795,2.0361547429005013e-05,4.941052871470003,-0.02296640689788732,0.030646725066776338,0.0034170205263684772,-0.22147847757491773,0.04358902229074155,4.919752374520961,-0.00708422092843854,0.007179079771893922
46.74,straight,4.917780370706396,2.03505750554146e-05,4.941733210778865,-0.03239205902768587,0.040302640655336064,0.00375205466855519,-0.22190471161295822,0.043609765478807114,4.917081480782563,-0.007538509346102092,0.007591100739241759
46.76,straight,4.914776854194571,2.033960883810047e-05,4.9387648382068745,-0.033301682537835935,0.041058257840755605,0.004083050885663976,-0.2223350480896408,0.04363014700339159,4.914407171672021,-0.007999263465757708,0.008028119246843884
46.78,straight,4.91177337398905,2.032863856347324e-05,4.935798913839987,-0.03421699384410446,0.04182607817990079,0.004410074475839735,-0.22276954635727755,0.043650175896092776,4.911729693456968,-0.008465723507390058,0.008486164564320298
46.8,straight,4.908769929824004,2.0317659724694723e-05,4.897462904015034,0.04298638063672682,0.044428947774940795,0.004733211665509312,-0.2232084383605214,0.043669899331735235,4.909048790759887,-0.008939028064992409,0.008963684467704578
46.82,straight,4.905766521197407,2.0306677671466812e-05,4.915074221872965,-0.012660612654256278,0.015730194117322432,0.004531266008440097,-0.22248611791796238,0.04368608020105591,4.905843384743439,-0.00826937849201665,0.008290041508777608
46.84,straight,4.902763147699673,2.0295697457002117e-05,4.914820677938792,-0.02035808276011713,0.023678309568619677,0.004693114167919969,-0.2227170801109273,0.04370208630666657,4.903001187684459,-0.008554064403311256,0.008577663677948875
46.86,straight,4.899759808984143,2.0284721059243578e-05,4.9118412936120945,-0.020984157285706066,0.024231154632641663,0.004853122168372997,-0.22295147331257778,0.043717889377564566,4.900156657246659,-0.008842982928725809,0.008872147540206257
46.88,straight,4.896756504716777,2.0273750546198244e-05,4.9088623208839355,-0.021614435156865345,0.02479135765910119,0.005011256918587013,-0.22318840820494334,0.04373330794405491,4.897311371963544,-0.009135897502351768,0.009172968422159204
46.9,straight,4.893753234521441,2.0262780473607628e-05,4.905884133078126,-0.022249544230110763,0.0253594756270956,0.005167602355292193,-0.22342939227815078,0.043748648995566276,4.89446429193155,-0.009433304359358114,0.009480270792956165
46.92,straight,4.890749998051874,2.0251810872761426e-05,4.895529408758878,-0.047949231224545,0.048206991913948144,0.00532218791415763,-0.22367428072325907,0.043763881894007706,4.891615234999557,-0.009735360643984284,0.00979390674577817
46.94,straight,4.887746794961487,2.0240842849150417e-05,4.891756950110372,-0.051932903435655105,0.05210768220465393,0.0053672059217200405,-0.22430794045719463,0.043782296155913225,4.888656018270006,-0.010411610466107219,0.010471399560561591
46.96,straight,4.884743624910087,2.0229876400575384e-05,4.874033888966227,0.04103429420674605,0.04238929012004002,0.005412233854842172,-0.22494683508924232,0.04380020725719809,4.8856964796773585,-0.011093696195539597,0.011154697886543783
46.98,straight,4.881740487566773,2.0218910216543652e-05,4.869346119511805,0.05241033613631186,0.05383627719712822,0.00523201719239742,-0.2240252753879421,0.04378095585343303,4.882519812142179,-0.010397255405924417,0.01044658403121744
47.0,straight,4.878737382598217,2.0207943966563893e-05,4.866290951429432,0.053565017193994105,0.054972358931204085,0.005053455158153102,-0.22309870075699276,0.0437618860199056,4.8793448961773365,-0.009695057546966097,0.009734241434653311
47.02,straight,4.875734309665887,2.0196981422613456e-05,4.887112993032914,-0.010467096242001147,0.015474422584417115,0.004876547805780725,-0.22216771253025136,0.04374313108980987,4.876171323070067,-0.008987081219050818,0.009017873435359177
47.04,straight,4.872731268480138,2.0186028832802183e-05,4.8867737561503635,-0.018043957926419257,0.022880226327650587,0.005053257007898726,-0.22220561642554537,0.04372754369544656,4.873350795031426,-0.00923165936815015,0.009272564715192114
47.06,straight,4.869728258710296,2.017508493763038e-05,4.883788947246707,-0.018547331325593663,0.02329066887023799,0.0052278118713270615,-0.22224751682617191,0.043712074651708996,4.870528161662335,-0.009479894830198834,0.009533686229636566
47.08,straight,4.866725279996132,2.0164140968048445e-05,4.8808046513356365,-0.019054177981261765,0.02370778827118919,0.005400302374094943,-0.22229472484028515,0.043696991265149025,4.86770367595183,-0.009731823563038087,0.009800944996540578
47.1,straight,4.863722332087676,2.0153188440200413e-05,4.851689160543617,0.042839028839665935,0.04447755984138379,0.005570706991454117,-0.22234600328834203,0.04368204051871857,4.864877319386469,-0.009986271084570059,0.010072860685617725
47.12,straight,4.860719414591699,2.0142233985348127e-05,4.851731287145077,-0.0009898625211809124,0.009044697043140178,0.0053623928183814664,-0.22166324530542517,0.0437043143616765,4.8616639885421895,-0.00932636942879758,0.009394120512878369
47.14,straight,4.8577165271741904,2.013128106056568e-05,4.849397150792437,-0.006851290503677802,0.010790202070631258,0.00524441109295921,-0.22173553882583732,0.04372660814413843,4.858541446361539,-0.009421291807412573,0.009477392130813667
47.16,straight,4.854713669534519,2.0120331271071647e-05,4.846402720580589,-0.007105221218018628,0.01094725375191676,0.005128048649463884,-0.221808105417157,0.04374854286940487,4.85542067978356,-0.009518564544274067,0.009564850895189247
47.18,straight,4.851710841418765,2.010938766193769e-05,4.843409040668352,-0.007360468004238769,0.011108232007722622,0.005013256527112269,-0.22188043641800792,0.043770014303060205,4.852302411669823,-0.00961792778933277,0.009656175018456784
47.2,straight,4.848708042478208,2.0098442695102577e-05,4.840413457517544,-0.00761801063030489,0.011275675140794042,0.004900051350718553,-0.22195339279589954,0.04379120172272779,4.849184559122464,-0.009720155657431574,0.009751903303831909
47.22,straight,4.845705272400551,2.0087498078310586e-05,4.856826053814574,-0.017067990503257684,0.020388089391559693,0.00478840244361797,-0.22202698974502713,0.04381210941546961,4.849068471849257,-0.009692469840911025,0.010278369549443939
47.24,straight,4.842702530890506,2.0076554726742984e-05,4.85613337224694,-0.018568883892991724,0.02293331528733988,0.004964249752774576,-0.22224395480441753,0.043834280218112844,4.846089414361844,-0.0099402312126307,0.01052039497684863
47.26,straight,4.839699817657021,2.0065612662236006e-05,4.829146369739617,0.04208456766977836,0.04336816339503523,0.0051399856613194555,-0.22246298738634918,0.04385617248324268,4.84326022767823,-0.010184976133968845,0.010808302205694018
47.28,straight,4.836697132416816,2.0054670344871278e-05,4.823431107253243,0.049790615456913094,0.0515082143415013,0.004955084005967086,-0.22167088797642368,0.04385438903842637,4.83722581117752,-0.009663618371784467,0.00969809387554491
47.3,straight,4.833694474880389,2.0043728448110413e-05,4.82024448875003,0.05087108917058905,0.05259972385351004,0.0047719319987822705,-0.220873303629813,0.043852624373691196,4.8340449746963845,-0.009005065977449362,0.009031913159707517
47.32,straight,4.830691844768268,2.0032790410747152e-05,4.832899824998065,-0.022997231064387526,0.023122923951277838,0.004588549722308714,-0.22007117754662686,0.043851077189286644,4.830861665002995,-0.008343160438246625,0.008364917207718408
47.34,straight,4.827689241813218,2.0021859311055157e-05,4.831668236637195,-0.03194728608348988,0.03221399039111888,0.004639044645176512,-0.22038375669206983,0.04385310706866995,4.827909861385351,-0.008776416062540785,0.00879920411790755
47.36,straight,4.824686665737232,2.001093470650697e-05,4.828699015976629,-0.0327643488131726,0.03302897513580984,0.004689299120341811,-0.22070141551434116,0.043855151868134795,4.8249610909780305,-0.00921255135589176,0.009236639846966228
47.38,straight,4.8216841162442705,2.0000008521270974e-05,4.825729890747383,-0.03359054538590056,0.033853169025078414,0.004739277771895798,-0.2210240946878757,0.043857190503055206,4.82201208324457,-0.009655103519987083,0.009680660651042389
47.4,straight,4.818681593125717,1.998907380843661e-05,4.806465038682049,0.038693624155978615,0.04055729592741577,0.004788983876203643,-0.221351715878333,0.04385919936774826,4.819062608141918,-0.01010328273494892,0.010130439504609455
47.42,straight,4.81567909606899,1.997813429030503e-05,4.821593856202762,-0.022593574926870214,0.023374284363162374,0.0046079879478698755,-0.22081448299290854,0.04390401628745306,4.815872878646402,-0.009483692107082114,0.00950564567738856
47.44,straight,4.812676624753649,1.996719604852762e-05,4.820838446855927,-0.03102681268798867,0.03210168034849699,0.004722824519776018,-0.2213031489510924,0.04394833089809507,4.812975886066582,-0.009892177834711594,0.009916661557411369
47.46,straight,4.809674178922506,1.9956261640563466e-05,4.817871095859013,-0.03184497276694352,0.03290232741404013,0.004836616289925916,-0.22179453192384888,0.043992128172115695,4.810081401859612,-0.010306934432706975,0.010334916638923917
47.48,straight,4.806671758360693,1.994533404279529e-05,4.814902922343517,-0.032666228827671694,0.0337066468495766,0.004949313420122719,-0.22228844065001413,0.044035364694387354,4.807186515713071,-0.010725229661460424,0.01075749788825519
47.5,straight,4.803669362777157,1.993440392073961e-05,4.811936376561206,-0.033493113099561114,0.03451764577540443,0.005060984017793183,-0.2227863488597449,0.04407834836429188,4.804290117211764,-0.011147417814194763,0.011184591706071945
47.52,straight,4.800666991905601,1.992347323122325e-05,4.800172980470576,-0.022883799352242443,0.022909049883486198,0.005171558705511418,-0.2232858371158691,0.0441205691814487,4.801392476333991,-0.011576546959171537,0.011619141712941957
47.54,straight,4.797664645478818,1.9912544422385644e-05,4.796219187511057,-0.02218625605542321,0.022253163204841962,0.005151139574402866,-0.22360892535249896,0.04416002964407456,4.798365194957103,-0.011842732041316702,0.011883312086244753
47.56,straight,4.794662323248872,1.990161759950748e-05,4.780892073770818,0.03996052287255872,0.042247757300476356,0.00513127843316149,-0.22393340368271528,0.04419903427568707,4.795337027004005,-0.012112651824217672,0.012151299443917137
47.58,straight,4.791660024970312,1.9890694084898562e-05,4.776474784071124,0.04783526651142959,0.050168732351139736,0.004918341582015366,-0.22307361776887,0.044182675874355065,4.792130429191998,-0.01146455051945892,0.011494071085525933
47.6,straight,4.7886577503993095,1.9879774448769116e-05,4.77342403955788,0.048913947699749404,0.05121226244059327,0.004707606085346201,-0.22221066897866362,0.044166812348213035,4.788922058091444,-0.010810297497781654,0.010833401972790351
47.62,straight,4.785655499302038,1.9868860304879338e-05,4.783556596342732,-0.012685310988073807,0.01287738283240169,0.004499001466065748,-0.2213430104976959,0.04415113214430411,4.785717053564977,-0.010149397404827155,0.010169452556477089
47.64,straight,4.7826532714421575,1.985795245221013e-05,4.782030616120865,-0.019992733399698412,0.02002227540209422,0.004487158842802022,-0.22140864379275985,0.04413887691163532,4.782708531326701,-0.01040314204414189,0.01042314648193339
47.66,straight,4.779651066587093,1.9847045451709855e-05,4.779048107403649,-0.02050180549443822,0.020530508584661745,0.004475680081824411,-0.2214784896494038,0.04412680931088777,4.779701302153333,-0.010662882074549677,0.010682847235800066
47.68,straight,4.776648884498002,1.9836134951038725e-05,4.776065144815914,-0.021012133372909386,0.02104006875929864,0.004464573730445737,-0.2215526463444784,0.04411494378523191,4.776692718359336,-0.010926044704951147,0.010945968608064672
47.7,straight,4.7736467249407895,1.98252204630596e-05,4.758915427992909,0.03910145424451066,0.04176583336819609,0.00445390782019919,-0.22163235951263943,0.044103548973085625,4.773684792060161,-0.011192121589160208,0.011212011432717977
47.72,straight,4.770644587660271,1.9814306253902697e-05,4.785768334329338,-0.003793704757285994,0.015597135665181318,0.004237513415662209,-0.22087869722624415,0.044103796492933105,4.770469250328414,-0.01057016625966538,0.01059143198847497
47.74,straight,4.7676424724210165,1.980339435021866e-05,4.786266118057539,-0.00957751786896433,0.020951103842662855,0.004486449285393011,-0.2208630014237187,0.04410406283147989,4.767717826040955,-0.010684468147694581,0.010704536767832038
47.76,straight,4.764640379001165,1.9792486240397724e-05,4.783272575532257,-0.009886923123208002,0.021102174336776938,0.0047321749565583755,-0.2208496366285769,0.04410428655629826,4.764963262950672,-0.01080173106023022,0.010826339451156486
47.78,straight,4.761638307206709,1.9781581380585752e-05,4.780280153262671,-0.01019868016750127,0.021258771951539027,0.004974709442944629,-0.22083825006702368,0.044104390358943174,4.7622071239695245,-0.010922081430660114,0.010956638110475484
47.8,straight,4.758636256806355,1.9770679783299257e-05,4.777288737758364,-0.010511420315208221,0.02142010806317413,0.005214135755736127,-0.2208298985969413,0.044104598862010055,4.759447467181708,-0.011044609934837616,0.01109407863043524
47.82,straight,4.755634227563888,1.9759783091822485e-05,4.762572219194441,0.000723698285712698,0.006973611494848928,0.005450486016176644,-0.22082387411907595,0.04410476668448232,4.756683872826855,-0.01117018244976052,0.011239064122632314
47.84,straight,4.752632219247545,1.974888786243375e-05,4.758265654670611,0.0019614543500772776,0.005958675588404716,0.0055108280165530816,-0.22064040983179634,0.0441028353829165,4.75374504237002,-0.0111274912428451,0.011202648697231012
47.86,straight,4.749630231644446,1.9737994072866416e-05,4.738394273380248,0.04060591374866888,0.04211275840523574,0.005570299194368101,-0.22045790231673038,0.04410094127046462,4.75080432837661,-0.01108535045432702,0.0111669822505126
47.88,straight,4.746628264544228,1.9727103722577134e-05,4.73347338848652,0.04578941432395311,0.04762263151413807,0.005378931370839081,-0.21966658050375507,0.0440904819797754,4.747615157006445,-0.01047607461192527,0.010542097058279123
47.9,straight,4.743626317736542,1.9716215960301602e-05,4.730421984860125,0.04678688950610204,0.048595502922198226,0.005189418160883265,-0.2188709318960921,0.04408016210523325,4.744428196610922,-0.009860436706052451,0.00991263998597421
47.92,straight,4.740624391018514,1.9705327752393112e-05,4.744992070985709,0.00674183285063788,0.008016459737924789,0.005001703877882061,-0.21807029498232924,0.04406985273711921,4.7412429751720815,-0.009241606094732223,0.009281946758050753
47.94,straight,4.737622484181188,1.969444050026509e-05,4.743940273215831,0.0022421375630415977,0.0066972913718299325,0.00507547539869276,-0.21787754966522088,0.04406141723684997,4.738319364178751,-0.009220665294607968,0.009266600766473827
47.96,straight,4.73462059701626,1.9683555480953946e-05,4.740935210841796,0.0021976656975829082,0.006679667205554778,0.00514824445795833,-0.21768744037357826,0.04405335269974523,4.735394188318948,-0.009200352243713253,0.009252432309507468
47.98,straight,4.7316187293343575,1.9672669416528832e-05,4.737931271515768,0.0021520341919479664,0.006662968891932259,0.005219998675187355,-0.21749915832759867,0.0440454876199288,4.7324689802659545,-0.009181562995505902,0.009240436375416598
48.0,straight,4.728616880953027,1.9661779320397203e-05,4.71394771266927,0.039069355893089984,0.04171406367780695,0.005290755779701552,-0.21731277241439032,0.04403783805573709,4.729541509899288,-0.00916363311996575,0.009229726100785436
48.02,straight,4.7256150516375754,1.965089092589721e-05,4.737445672879736,-0.027452179489165344,0.02991095223171549,0.005056258070988641,-0.216685088802538,0.04405173755134081,4.726305739401855,-0.008602848156161776,0.008650117883864572
48.04,straight,4.722613241192008,1.96400049031501e-05,4.737683254533376,-0.03616143922222334,0.03919407858527397,0.005249190762475207,-0.21710487994380664,0.04406579806060468,4.723496503840465,-0.009088087648414615,0.009150456595884683
48.06,straight,4.719611449428157,1.9629123692354517e-05,4.734721785094991,-0.0371268266122477,0.04010213732092773,0.005440082086185774,-0.21753046443865023,0.0440797680094255,4.7206856054427995,-0.00957982382113665,0.009659363746322947
48.08,straight,4.716609676221083,1.961824744833001e-05,4.73176175050153,-0.038099593788909654,0.04102023502215715,0.005628950515429705,-0.21796167810591882,0.04409360800091357,4.71787356983299,-0.010078361966078484,0.010176769205155346
48.1,straight,4.713607921323842,1.9607369316574624e-05,4.728801809232787,-0.0390792414857542,0.04194727895324403,0.005815785442098117,-0.21839751957451442,0.04410710403490881,4.715058848564406,-0.01058361456349227,0.010702032760826827
48.12,straight,4.710606184522732,1.9596491791332315e-05,4.713994387948969,-0.02803871087770925,0.028262139602283128,0.006000614089157878,-0.21883777306468863,0.044120209463952474,4.71224231613635,-0.01109523238131697,0.011234604912303896
48.14,straight,4.707604465627895,1.9585616676172136e-05,4.709704078968174,-0.027413947886349134,0.027513762676891124,0.006008631903155937,-0.21909492699321542,0.044130687749804984,4.7092481332847225,-0.01143612753376012,0.011573029298812775
48.16,straight,4.704602764457931,1.9574743982318724e-05,4.690736910654151,0.03401678990651666,0.036716107371499045,0.00601689255925666,-0.21935641481993587,0.04414113637281855,4.706254890884699,-0.011781042332118076,0.011915707495015831
48.18,straight,4.701601080839623,1.9563876910660048e-05,4.685920321139962,0.04166722076971274,0.044501837595981135,0.005792085111450333,-0.21875331702443784,0.044161172268836625,4.70302712936843,-0.011216251763437775,0.011325951064277626
48.2,straight,4.6985994146156,1.9553020463890745e-05,4.682873852485613,0.04258249647610394,0.04537507531577346,0.005569575839162165,-0.21814346669308027,0.04418075189971889,4.699801981582421,-0.01064627939498971,0.010733412710980054
48.22,straight,4.695597765583798,1.954216998389669e-05,4.702661745711544,0.009875716047321846,0.012126169170249307,0.005349402630846082,-0.21752832134416428,0.04420019230539419,4.696579606071813,-0.010072453533142227,0.010139644373242138
48.24,straight,4.692596133558908,1.9531321696937433e-05,4.702187856120882,0.0062789016877726825,0.011453421282987514,0.005467829458592068,-0.21740842472474325,0.04422070520880796,4.693695369999509,-0.009989395809949004,0.010069108355705783
48.26,straight,4.68959451836615,1.9520473627575388e-05,4.6991799509896195,0.006332925452050532,0.011477787286783836,0.005584574274349906,-0.2172876819320177,0.044240965247177626,4.690808883980825,-0.009906474363988676,0.010000002868124119
48.28,straight,4.686592919833885,1.950962576328001e-05,4.696173213742878,0.00638753696077326,0.011503643054360505,0.005699710493332841,-0.21716727503428881,0.04426122855819824,4.687921493386962,-0.009823761255933613,0.009932526835422981
48.3,straight,4.683591337805666,1.949877486277211e-05,4.671512740804016,0.03669698200447813,0.0386151561124253,0.005813248768875393,-0.21704680525273562,0.04428141203341833,4.685032782998717,-0.009741647779908498,0.009867002904037943
48.32,straight,4.6805897721112615,1.9487921117718055e-05,4.679058989555201,-0.02193835505990503,0.022011137263058207,0.005609624670212261,-0.21654766557685637,0.044315759746192646,4.681825008360142,-0.009214662677128038,0.00931640198046598
48.34,straight,4.67758822256738,1.947706752281918e-05,4.677525722806961,-0.02953169101911711,0.029551234179047387,0.005599316604593363,-0.21696657279791184,0.04434983303760319,4.678809523227466,-0.009607283224274238,0.009703921321715658
48.36,straight,4.674586689008521,1.9466216681669338e-05,4.674556874292728,-0.030318970492228037,0.030338451358924004,0.0055895217797337455,-0.21738843154102133,0.044383454929098724,4.6787927539497,-0.00987201991811319,0.010748603641601575
48.38,straight,4.671585171289095,1.9455366572518555e-05,4.67172396553028,-0.03110576895025278,0.03112553377235608,0.005580251591707671,-0.21781327750711593,0.04441663151236374,4.675627788387177,-0.01028151062098731,0.01106583269702601
48.4,straight,4.668583669271058,1.944450896149324e-05,4.66877121618794,-0.03190377427314152,0.03192376969056202,0.00557349881662711,-0.21824105760336215,0.04444936899494707,4.672615298163634,-0.010689511411969093,0.011442716829664419
48.42,straight,4.665582182749375,1.9433650314887375e-05,4.658831157005697,-0.018462916243248705,0.019676727527206415,0.005567250870147785,-0.21867193724898132,0.04448168084353604,4.666755134059867,-0.011227002122360736,0.011307437037883656
48.44,straight,4.662580711553531,1.942279369892226e-05,4.654935450384349,-0.017373118286729872,0.01899869741796521,0.0054583736364131165,-0.21888569407122127,0.04451128829653197,4.663638145116509,-0.01143701207905192,0.011505132147598027
48.46,straight,4.659579255528286,1.941193913674554e-05,4.645928137209751,0.032600946178016545,0.03532576120490447,0.0053491550105274396,-0.2191011705491417,0.044540578812447315,4.660521469855169,-0.011649053566461337,0.01170644502370882
48.48,straight,4.6565778145197925,1.94010893546684e-05,4.642213165291444,0.03890942513678693,0.04145813693189027,0.005155627352834343,-0.21862749807707166,0.04458058176597833,4.657319008136459,-0.0111226323215574,0.01116665914708906
48.5,straight,4.653576388374475,1.9390242812712603e-05,4.639160138525749,0.03975013082073495,0.04226535231807561,0.004963956027083492,-0.21814737813372698,0.044620101645874335,4.6541229997033,-0.01059216613961013,0.010625625289936522
48.52,straight,4.650574976940774,1.9379399173393218e-05,4.652631281286758,-0.02383566895509002,0.023943511011285633,0.00477405710563396,-0.21766053154391354,0.0446590859163023,4.65092570613783,-0.010059784917902784,0.010085264711463404
48.54,straight,4.647573580081698,1.9368565170836002e-05,4.651489952877333,-0.031622819692564065,0.03188363300523218,0.004829887306738085,-0.21813089466146085,0.04470092906314941,4.647976206454407,-0.01047026282147764,0.010497355601472308
48.56,straight,4.644572197653176,1.935773475760558e-05,4.648519728968703,-0.032421872235491075,0.032680520275381576,0.00488531627283209,-0.21860322325659548,0.04474213422372748,4.6450232444639745,-0.010886911480845652,0.010915592124513769
48.58,straight,4.6415708294978515,1.9346900886500897e-05,4.6455520994864035,-0.03322395665587545,0.033480856352380926,0.004940434939969759,-0.21907868301992217,0.04478294738087728,4.642072133008099,-0.011306874973744647,0.011337310402505525
48.6,straight,4.638569475516547,1.9336058386887528e-05,4.624524318968582,0.02972788756639629,0.03286129113654689,0.004995170295011298,-0.219555598220601,0.04482300798567741,4.6391212777783375,-0.011730913956063465,0.011763199443102508
48.62,straight,4.635568135499895,1.9325215131247603e-05,4.63916157487389,-0.006915980164146652,0.007810970953628056,0.004787423275682934,-0.2191718943389678,0.04487876498349131,4.635904562379411,-0.01122196906237392,0.011246327404034218
48.64,straight,4.632566809293095,1.9314374291187144e-05,4.638356432704897,-0.012087352540365326,0.01341980339024819,0.00487144634647407,-0.21943395470841107,0.04493384387307366,4.632977952581715,-0.011364628268683046,0.011391364663739998
48.66,straight,4.629565496758147,1.930353813135049e-05,4.635369691865285,-0.012444176783980526,0.013748709851524024,0.004954470052178528,-0.21969420007837231,0.04498795231101236,4.6300508974063606,-0.01150980401224241,0.011539321240756382
48.68,straight,4.626564197757645,1.9292705186892415e-05,4.632382109283658,-0.012802329044217945,0.014079846547790553,0.0050365815098252645,-0.2199545220966725,0.0450415062776737,4.6271238492665585,-0.011656617142064108,0.011689314803381846
48.7,straight,4.623562912152778,1.9281875345142566e-05,4.6293939878635255,-0.013163121244338955,0.014414478691729632,0.005117770576959778,-0.22021495717476164,0.04509451303803238,4.624195030467053,-0.011805504490275388,0.0118416699057104
48.72,straight,4.620561639806894,1.9271048849959162e-05,4.640503244962402,-0.006569542478460027,0.021001906577162267,0.005198017593624657,-0.2204747231739689,0.04514680071726457,4.621266290043607,-0.011961097174732146,0.012001073065718572
48.74,straight,4.61756038058509,1.926022403024278e-05,4.639073965069093,-0.006020132599707281,0.022345213872991924,0.005484600394660632,-0.2206276621274535,0.04519756352580215,4.618542786055294,-0.012014938542908088,0.012074231257933892
48.76,straight,4.614559134353215,1.9249400882501916e-05,4.605558638528398,0.031874602514171825,0.033102453792202266,0.005767422676000929,-0.22077939797546284,0.04524765493261813,4.615816033982648,-0.012071668985939617,0.012156072725813379
48.78,straight,4.611557900977559,1.9238580650370827e-05,4.5991259779066604,0.036806438244818454,0.03883105420114293,0.005595219900770107,-0.22032448898235893,0.04528738519428295,4.612637000890206,-0.01156853284618435,0.011637908027735984
48.8,straight,4.6085566803266005,1.9227762786197627e-05,4.596080172831424,0.03760862586706596,0.03960588452640891,0.00542470338791719,-0.21986411133396386,0.04532680345950232,4.609460604987178,-0.011062461053994483,0.011118493909876563
48.82,straight,4.605555472274148,1.9216949723481963e-05,4.610552617581958,-0.001892831492175621,0.005350457033893665,0.005255836787636269,-0.21939800510396026,0.045365856488962915,4.606285404914683,-0.010551885327906855,0.010596273166724233
48.84,straight,4.602554276718124,1.9206145258229594e-05,4.60950108177232,-0.0064933137697888695,0.00952213295984144,0.005346713715014781,-0.21952560195227122,0.04540589923097731,4.603370311778046,-0.010631899535911114,0.010682320227855955
48.86,straight,4.599553093495146,1.919534153631196e-05,4.606508328708177,-0.006718147609051306,0.009683340689163905,0.005436450211026821,-0.21965265574948672,0.045445432812793785,4.60045379319715,-0.010713820766496527,0.01077074253375698
48.88,straight,4.596551922483499,1.918453597180279e-05,4.6035149157762225,-0.006942540213149417,0.009846262594357152,0.005525064898756016,-0.21977912420329004,0.04548445282581379,4.597535431851056,-0.01079595198510224,0.010859763747224957
48.9,straight,4.59355076358564,1.917372350910452e-05,4.579310115319767,0.029765983202279973,0.032979823183252585,0.00561253359979944,-0.21990418848315244,0.04552278175227095,4.594616565225266,-0.01088131298124083,0.010952467463337211
48.92,straight,4.590549616639564,1.9162910769300324e-05,4.601513118503461,-0.03351051048347596,0.035276583891363976,0.005390596299717679,-0.21956371968894667,0.04557773256633956,4.591384573904315,-0.01042484179189342,0.010477327324427823
48.94,straight,4.587548481519363,1.9152099532035665e-05,4.601615642545546,-0.04194542733337578,0.04425958592573366,0.005577164932353437,-0.22021732483041356,0.04563201379917554,4.5885602052116825,-0.010967286748493198,0.011032924516690877
48.96,straight,4.584547358107287,1.9141292616419226e-05,4.598660772967441,-0.0430058188865141,0.04528063247604421,0.0057618495948533405,-0.22087437950146185,0.045685598358314386,4.585735396315529,-0.01151515143947287,0.011595315589227077
48.98,straight,4.581546246300476,1.913048901433264e-05,4.595706362705652,-0.04407485440444711,0.046311860256233836,0.005944665008778143,-0.22153504376692454,0.045738522121888045,4.5829090460908,-0.012069796768106232,0.0121654998046303
49.0,straight,4.5785451459896365,1.911967928829741e-05,4.592752590910915,-0.04515267518921032,0.047353379423573094,0.006125605144728432,-0.22219865408453857,0.045790633025159816,4.580079847947806,-0.012632387000530891,0.012744250914428757
49.02,straight,4.575544057042336,1.910886643363463e-05,4.5960231225653905,-0.03230682094713901,0.038266929103464555,0.006304699507356106,-0.22286485301756973,0.04584184981664141,4.577249731648575,-0.01320339628519466,0.013332065419401616
49.04,straight,4.572542979317916,1.9098055987222385e-05,4.593745427233356,-0.03154470687713296,0.03802390799829796,0.006573266094406757,-0.22332277210843898,0.04589089432287533,4.574509215929749,-0.013575068809403953,0.013735627367463442
49.06,straight,4.569541912706029,1.9087251185942636e-05,4.5571311304735325,0.025092289229335416,0.02797665049750473,0.0068386312448258,-0.22378249939348274,0.04593926227546812,4.571765661983114,-0.013952077838606185,0.01414703201429759
49.08,straight,4.5665408571040444,1.9076456418364114e-05,4.550355567857845,0.03205449241631976,0.03589194148701137,0.006610837707218436,-0.22350100605702994,0.046009217552045206,4.568526030397498,-0.013490065048236865,0.013654223419800937
49.1,straight,4.563539812386551,1.906566545498258e-05,4.547311672302374,0.032796508919375265,0.03657476338755507,0.006385417074314212,-0.22321127332829102,0.046078204945867104,4.5652877449948255,-0.013023446991781911,0.013159118694549894
49.12,straight,4.560538778442009,1.9054877709975054e-05,4.580256371602069,-0.022164363511140497,0.029679749517818682,0.006162403297611918,-0.2229141310460848,0.04614641446379523,4.5620527843644325,-0.012553835498703335,0.012663719293732011
49.14,straight,4.557537755161462,1.90440926958883e-05,4.581278451578851,-0.028909105532552333,0.03742270042532157,0.0064718010743222585,-0.22343770421609704,0.046215672954176,4.559349733790352,-0.01289990925515656,0.013045406170585177
49.16,straight,4.554536742435687,1.9033307919379507e-05,4.578308837527299,-0.02961375553237272,0.0379896654301928,0.006777412628881278,-0.22396043169769259,0.046283762417191496,4.556642525308041,-0.01325096263280601,0.013436037874774215
49.18,straight,4.551535740162464,1.9022521371187883e-05,4.575339331655918,-0.030323861829515224,0.03856554937659406,0.0070793128754280815,-0.22448283831663393,0.046350795274625003,4.553932214552031,-0.01360758500379604,0.013835733523915301
49.2,straight,4.548534748246723,1.9011729364951354e-05,4.538763544331273,0.0247155072533408,0.026559241651882202,0.007377602612151963,-0.22500608130971395,0.04641702522362147,4.55121833722476,-0.013968251847752572,0.014242373123141965
49.22,straight,4.545533766603825,1.900093024668309e-05,4.544037687157755,-0.012054202650872368,0.012165545545519034,0.007182184088252287,-0.2247946343262089,0.04650115624687212,4.548007431644238,-0.01351290681575812,0.013756145753027877
49.24,straight,4.542532795081783,1.8990131951060717e-05,4.542387387163758,-0.01718909977359871,0.017208704241171338,0.00716594133621958,-0.2252142088422146,0.04658396876595816,4.544976653151202,-0.013695504218462853,0.013930534718775069
49.26,straight,4.539531833573932,1.8979337983606982e-05,4.539403915656318,-0.01760190695913457,0.017621350597772405,0.007150116138076577,-0.22563200779988293,0.046665780965821635,4.541945624823523,-0.013882252444557305,0.014109239287379298
49.28,straight,4.536530881992235,1.896855133508839e-05,4.536421030184856,-0.018016120069156157,0.01803542317131919,0.00713469916318453,-0.22604802043611735,0.04674659249142309,4.538915613993306,-0.014071893364440388,0.014291232845573053
49.3,straight,4.533529940227979,1.8957762878078662e-05,4.533437996951102,-0.018432940341571082,0.01845212717339487,0.007119694152460898,-0.22646241406515494,0.04682644339565574,4.535885972182792,-0.014264562020050229,0.014476526653911415
49.32,straight,4.530529008174042,1.8946975528878704e-05,4.539028546585791,-0.024312926741499485,0.025773673230531282,0.007105107121526071,-0.22687544565688536,0.04690539004327047,4.532856383613686,-0.014460204921957886,0.014665009925245626
49.34,straight,4.527528085730708,1.893618998876043e-05,4.53700525214439,-0.025474850462405805,0.0271983426169765,0.007217268725553524,-0.22737046614417836,0.046984093350990325,4.529954123605877,-0.014739969449346302,0.014956970129091949
49.36,straight,4.524527172800333,1.892540630168544e-05,4.513871738478487,0.02381537289766133,0.0260731508221812,0.0073282235956589285,-0.22786423984832926,0.047061722693977785,4.527050992730406,-0.015024404799306054,0.015253571736297863
49.38,straight,4.52152626928806,1.8914623495125235e-05,4.508595905463015,0.02994744635592768,0.032602320781000324,0.007140399615944092,-0.22760543890408605,0.04713440465375577,4.523850360909248,-0.014578498343200746,0.01478126744172961
49.4,straight,4.51852537509636,1.890384213032211e-05,4.505551937576934,0.030673893781120547,0.03328721209759139,0.006954405461011177,-0.22733756912283137,0.04720593361750073,4.520650990354825,-0.014128595435830508,0.014306291484760173
49.42,straight,4.515524490129451,1.8893066158974048e-05,4.543241048607668,-0.0010207828434925174,0.027736051266781813,0.0067702628425550075,-0.22706165855392887,0.0472765417386434,4.517453047960293,-0.013675393258850962,0.013829418399132246
49.44,straight,4.512523614295148,1.888229738478006e-05,4.544763909875836,-0.0046723456113463655,0.03257981397156485,0.007187729571174269,-0.22726111637765048,0.04734760993928127,4.514856536105639,-0.013696252096812678,0.013912132677083083
49.46,straight,4.50952274751215,1.887153152418444e-05,4.541765853612824,-0.00480811571503456,0.0326024185743592,0.007599687475486391,-0.22745814267734682,0.047417849697606505,4.512255144231044,-0.013719157329086101,0.014007120646456206
49.48,straight,4.506521889690134,1.8860760894504273e-05,4.538768387510138,-0.004944023689091809,0.03262616808206898,0.008006204749727562,-0.2276526880118235,0.047487253586601975,4.509649336202975,-0.013743760831400144,0.014113492650062788
49.5,straight,4.503521040736942,1.884998576263324e-05,4.4928101367801,0.02387205137526414,0.02614763239952742,0.00840734427842921,-0.22784468423104245,0.04755580991994715,4.50703792350389,-0.013769834659577972,0.014230119066441659
49.52,straight,4.500520200534893,1.883921276312122e-05,4.508644139439609,-0.025342541709193044,0.02663077215546157,0.008178830847285433,-0.22775448839297568,0.047656081727587514,4.503790771044992,-0.013371885535212248,0.013784344044515328
49.54,straight,4.497519368994119,1.882844226335517e-05,4.508299336816314,-0.03183973151586895,0.0336329533174453,0.008300733704363905,-0.22843486315667955,0.04775506465109138,4.503891431662179,-0.013607272537082632,0.015042400424965966
49.56,straight,4.494518546026384,1.8817675131870453e-05,4.505469966423573,-0.03258457399077229,0.03439352783353732,0.008421443683153791,-0.22911393689446488,0.04785273546658309,4.500843912457587,-0.013998011438020045,0.015377963417705668
49.58,straight,4.4915177315462245,1.8806910573679933e-05,4.502522036439586,-0.03334152916311699,0.03512843220435059,0.008542967688094266,-0.22979168708294453,0.047949111121372,4.497947026179708,-0.014386152398699998,0.015774621459355903
49.6,straight,4.488516925468261,1.879614741709906e-05,4.4995557500991525,-0.03410406714082727,0.035863985392309596,0.00866331616723761,-0.2304682680388071,0.048044198380891044,4.492199858434893,-0.01491544917863841,0.0153816669673842
49.62,straight,4.485516127704571,1.8785386804176407e-05,4.480069573418222,-0.04617837920415466,0.04651712555434064,0.008782507922266255,-0.23114393081200407,0.048138051739727614,4.489298423903305,-0.015316082427972538,0.015794427353710346
49.64,straight,4.482515338170245,1.8774628746499784e-05,4.47527779130799,-0.04844153572317798,0.04899779346040162,0.008657707909811666,-0.23198978116957156,0.04823172924674333,4.486155251335646,-0.015888981831318844,0.01631887506675655
49.66,straight,4.479514556781069,1.8763873255659658e-05,4.465715642450999,0.015728097837651445,0.02090916570056123,0.008535097512305414,-0.2328356193235343,0.04832410480169718,4.48301539662613,-0.016467524462746453,0.016853889246063215
49.68,straight,4.4765137834535125,1.8753120343249246e-05,4.461938889122726,0.02342406398986808,0.02757237968788149,0.008329603971010482,-0.23293631300399545,0.048463136543613484,4.4797830981956945,-0.016088463723643993,0.016435657983259303
49.7,straight,4.473513018104171,1.8742371170703386e-05,4.458892181361586,0.024038193546918222,0.028119439927520803,0.008126061668786749,-0.2330243083422392,0.0486001264097238,4.476552964540501,-0.015710732588489942,0.01602053859401562
49.72,straight,4.470512260650835,1.8731627968468005e-05,4.468474142188331,-0.02658355818880924,0.026680250193036728,0.007924539671353006,-0.23310070129813326,0.048735312683770134,4.473324735179748,-0.015331486028708808,0.015605742375265241
49.74,straight,4.46751151103706,1.8720896187274663e-05,4.466902581269674,-0.032825289173024456,0.03284965438004013,0.007911453070137249,-0.23392964944643832,0.04887096167615468,4.470285785629588,-0.015699021354528213,0.015960702396031087
49.76,straight,4.46451076917856,1.871016976161328e-05,4.463935888926411,-0.03351324793782743,0.03353688569073487,0.00789885904104284,-0.23475345982050405,0.04900462719175684,4.467246126978411,-0.016072715379180806,0.01632225960124287
49.78,straight,4.461510034974438,1.869944095854626e-05,4.460970279889497,-0.034202859740790875,0.034225815525443626,0.007886819946309041,-0.23557304869896079,0.04913649988833647,4.4642080399072555,-0.016449340468222134,0.01668758727521371
49.8,straight,4.458509308344588,1.8688710476227232e-05,4.44519414551344,0.016189348737673685,0.020947167038413317,0.007875331572556711,-0.23638850065670788,0.049266601874744236,4.461171277018171,-0.0168318931356373,0.01705954822882797
49.82,straight,4.455508589207426,1.867798039649223e-05,4.45469633244498,-0.018393662831518016,0.018430248376574622,0.007679092033321278,-0.2365025800960032,0.049407196671794364,4.45794756786768,-0.01646765256159927,0.016665764658278244
49.84,straight,4.452507877491172,1.8667249228872074e-05,4.453263004875294,-0.023279618507749508,0.02331051986936525,0.007690308014833016,-0.23720484519700422,0.049546069061089,4.454930980361013,-0.01670280109087694,0.016896121772968863
49.86,straight,4.44950717312436,1.865651690028612e-05,4.450287861246131,-0.023742597028764044,0.02377407503994256,0.007701544682130007,-0.23790054057077767,0.04968286751430821,4.451917597751276,-0.016937604998684228,0.017126732072025183
49.88,straight,4.446506476026428,1.8645785404367928e-05,4.447313720520434,-0.024211893405284273,0.02424398220475754,0.0077128580420358335,-0.2385906643294151,0.049817824405192564,4.4489025709870775,-0.017176617594113427,0.0173614041411239
49.9,straight,4.443505786130672,1.86350506565907e-05,4.444341311042952,-0.02468371896508416,0.024716480246953124,0.0077242956853558606,-0.23927542910507535,0.04995097707049953,4.445888618152066,-0.01741936376276359,0.017600048041383966
49.92,straight,4.440505103346851,1.8624317841863163e-05,4.443886798704357,-0.026694904383446825,0.026926724256127986,0.007735772182936556,-0.23995333615491174,0.050081990032235436,4.44287522221962,-0.017666721406764792,0.01784345585557687
49.94,straight,4.437504427602676,1.861358724071159e-05,4.44119537205453,-0.027379721850300732,0.027645828902290358,0.007784522549518784,-0.2406501741321728,0.050211582283782655,4.439897836230382,-0.017939658984357596,0.018117062637607668
49.96,straight,4.434503758826807,1.8602858908504313e-05,4.4236592114976245,0.015377620980177975,0.018801692594667192,0.007832929054659491,-0.24134182141905444,0.05033935713481735,4.436921978607599,-0.018215999182918084,0.01839425177961858
49.98,straight,4.431503096948802,1.8592132537344636e-05,4.419004896816958,0.020667971567209575,0.02413714725423653,0.007671779361919933,-0.24147658210960504,0.050484563219224114,4.433729381976889,-0.01785959675625666,0.018016269951620967
50.0,straight,4.428502441898019,1.858140835959023e-05,4.415961181077281,0.021268182230886397,0.024674455578401085,0.007512163355174494,-0.2415992054591868,0.050627835401087125,4.4305410557868035,-0.01749893014327621,0.017635735242661144
50.02,straight,4.425501793603701,1.8570689258783586e-05,4.426893227162092,-0.018197631912384955,0.01826926721495832,0.007354024466765928,-0.24171008370840952,0.05076926819378517,4.427354074672025,-0.01713623608272189,0.01725451652582789
50.04,straight,4.422501151997594,1.855997757273512e-05,4.4254593630651815,-0.022969905339912444,0.023178018689560553,0.007403574540006147,-0.24240785311556806,0.05091088999169194,4.424375652592966,-0.01736034623863127,0.01747970634060152
50.06,straight,4.419500517013205,1.8549272250157624e-05,4.422478712055814,-0.023395214562561495,0.02360241476256522,0.007452649930565913,-0.2430995162981029,0.0510506297198849,4.4213960921617055,-0.017588018462478178,0.017708315350173483
50.08,straight,4.416499888587694,1.8538565045569343e-05,4.41949879713962,-0.02382230818551015,0.024028720862465772,0.007501294124664327,-0.24378557443645582,0.05118860078794397,4.418417788376319,-0.01781855353799355,0.01793990508033716
50.1,straight,4.413499266662043,1.8527852797985086e-05,4.400505992758315,0.014678950933093574,0.01958961897614554,0.0075495990749119566,-0.24446769410262045,0.05132518211403461,4.415439838097323,-0.018051122896591408,0.018173554844892966
50.12,straight,4.410498651155791,1.8517140215577765e-05,4.4121458753523415,-0.029904796738282967,0.029968617936515604,0.007360141784643162,-0.24454422753801158,0.05145385008625197,4.4122250125838285,-0.017713254132026,0.017815612148655093
50.14,straight,4.407498041995893,1.850642993819308e-05,4.41100644832817,-0.035981023460674146,0.036170085254771625,0.007414690391495185,-0.24533590204039327,0.051580680689078846,4.409254386203331,-0.018100327695023056,0.018203760463784982
50.16,straight,4.4044974391173355,1.8495724849486092e-05,4.408045924394314,-0.03670351816094274,0.03689306237748845,0.007468971947692068,-0.2461239947278384,0.051705787091087814,4.406283467204421,-0.01849302420659734,0.018597480111569198
50.18,straight,4.401496842485329,1.8485024136631384e-05,4.405084394867387,-0.03742814060424334,0.03761808478705492,0.007523011562393202,-0.2469091111896514,0.05182930802204223,4.403312737471489,-0.01888887361105652,0.01899435929850155
50.2,straight,4.398496252024245,1.8474320701327585e-05,4.402122469769198,-0.038159290933491345,0.03834959210914838,0.007576748812592108,-0.24769054415902517,0.05195108339021717,4.400341589620746,-0.01929010042554746,0.019396554580041723
50.22,straight,4.3954956676509624,1.8463617397804453e-05,4.404592192051479,-0.0056215673245231974,0.010703116611296703,0.007630245145349882,-0.24846931604337774,0.052071339467271834,4.3973706732308875,-0.019695593063025495,0.01980302190888281
50.24,straight,4.392495089298663,1.8452916765117503e-05,4.402189156736698,-0.0019274386831881556,0.00988743837462181,0.007762249235530702,-0.24873639041940432,0.0521856592534366,4.394480084977009,-0.019616521246766022,0.019735055567329636
50.26,straight,4.389494516907035,1.8442218814946462e-05,4.378265321309854,0.014877409715289025,0.01862481540367658,0.00789229541768949,-0.24899664781895187,0.052298501367444857,4.391587841915203,-0.01953741262452592,0.019667574030460325
50.28,straight,4.386493950415073,1.8431526209108236e-05,4.372901482922565,0.017221136817782257,0.021924603574149337,0.007721929675034181,-0.24915376661586586,0.05244406153135085,4.388386111726688,-0.01921362896894639,0.01932491721375527
50.3,straight,4.383493389763359,1.842084012447763e-05,4.369858185414225,0.017758208077604372,0.022374513377360735,0.007553292667516298,-0.24930046796129857,0.05258797152049187,4.385187335115982,-0.018887178634089997,0.01898133668467773
50.32,straight,4.380492834892081,1.841015858157729e-05,4.381989095090743,-0.0395948382601313,0.03964149650132747,0.007386282582715643,-0.2494361453737562,0.052730100860679106,4.381990073778559,-0.018558726447615678,0.018637374513822937
50.34,straight,4.377492285746541,1.8399479380727417e-05,4.380717290843032,-0.04681809960945161,0.04694739933979926,0.007444889945285674,-0.25042375434144687,0.052872959015339525,4.379019452622888,-0.01908045596571192,0.01915981518649791
50.36,straight,4.374491742271658,1.838879896799496e-05,4.377770309473541,-0.04776153136159079,0.04789227258594681,0.007503312311659129,-0.25140792794728173,0.05301386658549061,4.3760487968660255,-0.01960826112581151,0.01968831649175946
50.38,straight,4.371491204420309,1.8378113732464018e-05,4.374823223020575,-0.04871098510635811,0.048843148831622565,0.007561650836063152,-0.2523899304480252,0.05315311216557617,4.3730781542595265,-0.020142102809398706,0.020222843540019998
50.4,straight,4.368490672114959,1.8367430266302176e-05,4.354864660541622,0.008832344570887694,0.01622819720215695,0.007619825441317131,-0.25336860556042673,0.05329042830776315,4.370107851085784,-0.02068111401185194,0.020762557641010343
50.42,straight,4.365490145297869,1.8356749528682936e-05,4.354611417859241,-0.028146594822096922,0.03019289995538656,0.0074307933437143,-0.2535348368150889,0.05343768631680542,4.366887207212756,-0.020365198892153477,0.02043137593486006
50.44,straight,4.362489623913405,1.8346071531303457e-05,4.352154382196282,-0.033507465500915115,0.03508272028994513,0.007312441436249772,-0.2543358868157871,0.053583254320678696,4.3637384235796075,-0.020692998001434627,0.020748958381448683
50.46,straight,4.359489107904977,1.833539980145233e-05,4.349186846763428,-0.034110565822148886,0.03564994366399931,0.00719595645909393,-0.2551310404390382,0.05372673965086232,4.360592842149527,-0.021024843015961078,0.02107210447772611
50.48,straight,4.356488597225692,1.832472987040528e-05,4.34622014977475,-0.03471713751463486,0.03622144876164133,0.007081418137885323,-0.25592198582560205,0.053868531008593686,4.357449501908212,-0.021360757202275107,0.021400665458585152
50.5,straight,4.3534880918200685,1.8314059500678047e-05,4.343252884428422,-0.03532764316950734,0.03679804563811622,0.006968829147568581,-0.25670906623183887,0.054008706645662694,4.354307871462994,-0.0217011003453822,0.021734879819175178
50.52,straight,4.350487591626589,1.8303391774529922e-05,4.355044766427268,-0.025265418587550513,0.02569113542239322,0.006858112056395951,-0.25749160046570857,0.05414710903826972,4.351169251627391,-0.0220449048694489,0.022073735957803157
50.54,straight,4.347487096592076,1.8292726838327732e-05,4.353703702957976,-0.024479112364546054,0.02527388080449722,0.006966224623139408,-0.2581093430707023,0.05428301471535274,4.348249064404531,-0.022235831038128793,0.022267164603821738
50.56,straight,4.344486606663821,1.828206470378e-05,4.332674673751678,0.010044630519365334,0.015493528405604013,0.007072993965713605,-0.25872021200659584,0.05441686574375469,4.345328510950304,-0.022429922518759277,0.022463986552894152
50.58,straight,4.341486121789089,1.8271405886636325e-05,4.327634459125785,0.01437090322486962,0.019946593660804403,0.006910972576582279,-0.25878151035389807,0.05454195877394699,4.342140953793114,-0.022112199386393906,0.022140156784482768
50.6,straight,4.338485641915938,1.826075062902184e-05,4.324593317760766,0.014914729261942091,0.020369129695225082,0.006750486122196889,-0.2588323811433824,0.05466541156805273,4.338955355140914,-0.021791538280494578,0.02181485650403683
50.62,straight,4.335485166992854,1.8250100215173057e-05,4.345592727379569,-0.034062033790629644,0.0355475530388756,0.006591530699054541,-0.2588732656883883,0.05478732816083711,4.335771958038097,-0.021469200096867657,0.021489363998865738
50.64,straight,4.3324846969706385,1.823945973155877e-05,4.345296046895525,-0.0401704340121046,0.0421812773908491,0.006788470052983848,-0.25964236331447205,0.05490987969329065,4.332943955197967,-0.02187258191380112,0.02189563834482302
50.66,straight,4.329484231798432,1.8228821574431095e-05,4.342337422080082,-0.04091005150491078,0.04289905163170455,0.0069832779267907435,-0.2604087571225179,0.05503087925709525,4.33011480579866,-0.022281993400507027,0.022309135678550595
50.68,straight,4.326483771434241,1.8218181729077286e-05,4.3393769340247745,-0.04165262683339001,0.043619868934466316,0.007175957329567918,-0.2611720656584984,0.05515023578129613,4.3272823389809565,-0.022695731979123113,0.022727983677316058
50.7,straight,4.323483315836242,1.820753699573094e-05,4.310997138339817,0.006802620997495325,0.014210309443331268,0.0073665425566303375,-0.2619325463226748,0.05526801135228435,4.32444819453643,-0.023113867350291452,0.023152189518426517
50.72,straight,4.320482864937688,1.8196896171662978e-05,4.325799305205186,-0.014439439514049067,0.015404148392170866,0.007185430560709179,-0.26203506606300925,0.05540018377771076,4.324235479587827,-0.02264579002560863,0.02297255797474603
50.74,straight,4.317482418686097,1.8186262850125676e-05,4.3252305968624,-0.017575994661445788,0.019224709814418216,0.007310127427342844,-0.2625256310085797,0.05553061717540198,4.321183985693101,-0.022749092895353387,0.02306622202648074
50.76,straight,4.314481977035413,1.8175634379860256e-05,4.3222523248655005,-0.017781513629813166,0.019421823892270516,0.007435154921331469,-0.2630096898792452,0.055659318555107425,4.318282088313865,-0.0228453917741091,0.023177220721456917
50.78,straight,4.3114815399401465,1.816501286135074e-05,4.319259812512519,-0.017991167556219656,0.01961727768559868,0.007558547855949715,-0.2634876138168548,0.05578634401230502,4.312533721268945,-0.023102360919442885,0.023144455166087305
50.8,straight,4.3084811073552345,1.8154392010672203e-05,4.316130036649834,-0.018207399467914165,0.01976554914124063,0.007680309458507805,-0.26395924478600735,0.055911655067783464,4.309627906026457,-0.02320181684872394,0.023248273303900675
50.82,straight,4.305480679234023,1.8143771816671774e-05,4.311752554159667,-0.020708230251837913,0.02165453752106804,0.007798526008425319,-0.2644255566281968,0.05603545486030772,4.306722395725548,-0.0233018749539358,0.023353054044701973
50.84,straight,4.302480255533311,1.8133150742361943e-05,4.308609555870915,-0.021222818229406033,0.022107608151095467,0.007895082787460315,-0.2649207226657956,0.05615787401260465,4.3037937521386604,-0.023438564278498282,0.023493444354100338
50.86,straight,4.299479836215355,1.812252556588431e-05,4.288336063848789,0.007647707823579839,0.013505340957469728,0.007990411680984907,-0.26541030994580783,0.05627868259166506,4.300861419570696,-0.02357630525880012,0.023634842818166114
50.88,straight,4.296479421236256,1.8111895936968766e-05,4.28338081782465,0.011305356541245738,0.01729090231935845,0.007834678021190901,-0.2655332089452112,0.05641365412437034,4.29767915407735,-0.02328964585700416,0.023338614576700674
50.9,straight,4.293479010535705,1.810126780498793e-05,4.280338839805918,0.011812392083169759,0.01765699245753262,0.007680352784610487,-0.26564498650261026,0.05654677731934063,4.294497689808695,-0.022997383819116785,0.02303801773693948
50.92,straight,4.290478604067403,1.8090644612152188e-05,4.305861561749923,-0.013923407712558015,0.020760557880394225,0.007527388140252274,-0.2657454398334386,0.05667801763454157,4.291318882013463,-0.02270397843286514,0.02273760080105825
50.94,straight,4.2874782017885735,1.8080029539428076e-05,4.306038319538874,-0.016966742008140738,0.025158739049417206,0.007796466572096743,-0.2662260205822387,0.05680859288358582,4.288559778915696,-0.02279671166900144,0.022840414386121
50.96,straight,4.284477803658575,1.806941636241574e-05,4.303048959782381,-0.017162851555835756,0.02529964199801444,0.008061998495524653,-0.266699907150585,0.0569373709895165,4.2858008249997965,-0.022891200944602088,0.022947441119678117
50.98,straight,4.281477409639606,1.8058802723857663e-05,4.300060822532822,-0.01735828048160495,0.025441705950738153,0.008324096356627108,-0.26716832867718626,0.05706464762383281,4.283038702783994,-0.02298669877935323,0.023057677846930833
51.0,straight,4.2784770197093,1.8048183064391978e-05,4.272424963874891,0.006718080734814177,0.009028721726651336,0.00858281611567504,-0.2676312097441821,0.057190407674470894,4.280270663286275,-0.023082606199380497,0.02317018321417407
51.02,straight,4.275476633800054,1.8037565248444876e-05,4.2896969190300585,-0.01587254810321971,0.021324334102372798,0.008487329312806357,-0.26790504974728274,0.057355339304320324,4.277139011386755,-0.02282437356464256,0.022902821779591583
51.04,straight,4.272476251867232,1.8026950290717078e-05,4.289266819098345,-0.018905958724306456,0.025299019383266348,0.008731614900116516,-0.2685435973513966,0.057517914939701424,4.274349174618159,-0.02294214242528385,0.023036432392755865
51.06,straight,4.269475873870974,1.801633820296446e-05,4.2862796791012965,-0.019154458458204033,0.025494149525675185,0.008972729194833986,-0.2691739679344263,0.057678273705030744,4.271555445985401,-0.023059083511831502,0.023170609781953594
51.08,straight,4.266475499771559,1.8005728996943914e-05,4.283291573524903,-0.01940960854610044,0.025694601240336103,0.009210706594497808,-0.26979622381268853,0.05783643240854144,4.268758069865664,-0.023181142316734318,0.023311168917114836
51.1,straight,4.263475129528018,1.799512418932279e-05,4.280302072490388,-0.01966391615755448,0.025894471246991534,0.009445716880271241,-0.2704123596460034,0.05799285070086685,4.265959393152434,-0.023305756169481943,0.02345568033898455
51.12,straight,4.260474763102266,1.798452298983786e-05,4.25741530108514,-0.020927162896605674,0.02116741619241297,0.00967768859225881,-0.27102141301400595,0.0581473122000633,4.263158638118067,-0.023430875496465723,0.02360195376049321
51.14,straight,4.257474400456388,1.7973924341077996e-05,4.252214393486728,-0.02128591888472455,0.021943644231098725,0.009613685987324587,-0.27163613060701985,0.058299320070855046,4.260061049053287,-0.023572835604323043,0.02373219427658447
51.16,straight,4.254474041551717,1.7963328273739708e-05,4.246248882700325,0.004636839597896923,0.009433305683837443,0.009550683830847957,-0.2722446913067507,0.0584496631820849,4.256965335605706,-0.023717388921934902,0.023865738884537524
51.18,straight,4.251473686350224,1.795273458385207e-05,4.242885190072161,0.00789999975161162,0.011657140880032845,0.009444726777495829,-0.27245996982193216,0.05859787254561274,4.25382688641665,-0.023478666024316707,0.0236141619299468
51.2,straight,4.24847333481361,1.7942143482769996e-05,4.239846317208166,0.008325613500100144,0.011976762339388734,0.009339530275423127,-0.2726632439346178,0.058743931066355864,4.250689470147638,-0.023238363381988807,0.02336165667312154
51.22,straight,4.245472986902811,1.7931556543493753e-05,4.263956086254063,-0.026756500986651735,0.03253452319672665,0.009235242729823394,-0.2728570645985443,0.05888844406974773,4.2475548384029045,-0.022996609779463776,0.023108509657163684
51.24,straight,4.2424726425792585,1.792097793506559e-05,4.263994767699854,-0.03111609522469506,0.037848762656290516,0.00953168133354767,-0.2735686548835521,0.05903250714798615,4.2448214328645975,-0.023274986869470576,0.02341103098524783
51.26,straight,4.239472301809059,1.791040170721083e-05,4.261024712845335,-0.031626797652466336,0.03828699478034891,0.009824486939296462,-0.2742750525098458,0.05917472911344621,4.242083551205783,-0.02355715623286315,0.023719240928755013
51.28,straight,4.236471964563435,1.7899823801637884e-05,4.258054873026933,-0.032138552622211464,0.03872801791541138,0.010113743720468358,-0.27497640013169605,0.05931514239420425,4.239342953362536,-0.023841208575680832,0.024031221989379112
51.3,straight,4.233471630808566,1.7889242783654144e-05,4.226709987207825,0.0021139289980771315,0.00707906821829036,0.010399457360172955,-0.27567229946795,0.05945365288999737,4.236599283732991,-0.024129708970963816,0.02434930619767724
51.32,straight,4.230471300495822,1.787866394962751e-05,4.229705540165586,-0.02855910508389821,0.02858724171738368,0.010265275304341483,-0.2758680690611349,0.059594280783598956,4.2334346571161445,-0.023909947655607118,0.024110627425226492
51.34,straight,4.227470973589163,1.7868088098005473e-05,4.227746589281062,-0.03284391032553601,0.03286293420430384,0.01026740390074874,-0.276566499242765,0.05973317561560479,4.230406070718712,-0.02419922903756152,0.024394314672757506
51.36,straight,4.224470650052098,1.7857517669586988e-05,4.22477464548692,-0.03335398137885027,0.033373223466720565,0.010269792267596264,-0.2772596509734796,0.059870245159313266,4.227379114715207,-0.024493927415022234,0.024683734873051408
51.38,straight,4.221470329854938,1.784695325447817e-05,4.221802519223771,-0.03386439073505091,0.033883866080239244,0.010272369855455089,-0.2779468348506546,0.06000531885981911,4.224352459356709,-0.024791234174555043,0.024975931952005544
51.4,straight,4.218470012969391,1.7836386465844376e-05,4.218830256504572,-0.03437850133235607,0.03439822413834603,0.010275225406169992,-0.2786293833282269,0.06013871865366829,4.22132658659851,-0.025092242265604487,0.0252720411287204
51.42,straight,4.215469699352823,1.782582155339099e-05,4.2261018441361164,-0.046645711239159365,0.04785946294840154,0.010278319073737718,-0.27930694757978114,0.060270358338878983,4.2183020770789215,-0.02539638580870878,0.02557155678426814
51.44,straight,4.212469388970007,1.7815259668484135e-05,4.2242898355885545,-0.04874884410241089,0.05017878061092177,0.010432901066263161,-0.28015981102223436,0.060401986856906294,4.215428875975415,-0.025876284034870568,0.026062673339675414
51.46,straight,4.2094690817881855,1.7804700822906002e-05,4.200800958587798,-0.0013580737398789706,0.008776639522088694,0.010586018230428313,-0.28100944040739156,0.0605318413371048,4.212554008245261,-0.026359715907114098,0.0265573034148369
51.48,straight,4.20646877777277,1.779414738662933e-05,4.195489993436827,0.004297141821063531,0.011783315408124398,0.010431364278729479,-0.28108841263563683,0.06064616567050763,4.209374653246021,-0.026140949749933178,0.026319650350101732
51.5,straight,4.203468476890322,1.778360147541791e-05,4.192450827456847,0.004726713884747533,0.011981762117971856,0.010278145975095921,-0.2811574312520838,0.060758843908445534,4.206196723581159,-0.025918799233079336,0.026079679045950373
51.52,straight,4.20046817911016,1.777306089520004e-05,4.197925286053459,-0.021992532457255316,0.022156711265441626,0.010126398320166262,-0.281217634078844,0.06087015844105289,4.203020635469659,-0.025693443418399724,0.025837602178071985
51.54,straight,4.197467884399245,1.776252800929201e-05,4.19587439562831,-0.025202086801031583,0.02527014061382758,0.01010173071983137,-0.2816735449692245,0.06098128501558223,4.1999721556238025,-0.025865676737644894,0.02600430353970196
51.56,straight,4.194467592729666,1.7751998623761713e-05,4.192884757311343,-0.0254645363858645,0.025531400064855884,0.010077263892954751,-0.2821220294516994,0.061090434200582966,4.196925248925718,-0.02603949988035046,0.026172895320584956
51.58,straight,4.191467304073882,1.774146879045573e-05,4.189895730803862,-0.025728293477126286,0.025793955842007013,0.010053223083354004,-0.28256611840263446,0.06119833118950283,4.1938787858627,-0.026215431527269354,0.026343777440963227
51.6,straight,4.188467018402079,1.7730937253733782e-05,4.176958280316554,-0.0001690981956895687,0.011510254447497457,0.010029586232683494,-0.2830054917678728,0.06130490010473349,4.190833519611267,-0.02639280435740542,0.02651634783531711
51.62,straight,4.18546673568531,1.7720403401580267e-05,4.182525790845566,-0.02943797550318034,0.02960214819724142,0.009858771191301312,-0.28304338737800194,0.06140613798474365,4.187642348708533,-0.026191426422956708,0.026299290283055603
51.64,straight,4.182466455900311,1.77098640449735e-05,4.180621951300206,-0.033406751096285686,0.03347531609572159,0.009832461830491225,-0.2835506492735192,0.06150604236366944,4.1845959684495595,-0.02646539838462644,0.02656858758399201
51.66,straight,4.179466179001025,1.7699328166090074e-05,4.177645341881534,-0.03385455902824364,0.033921163511576174,0.009806665547923308,-0.28405351068631185,0.06160442051102885,4.181550017640395,-0.026742111177309166,0.026840824163275476
51.68,straight,4.1764659049577375,1.7688795587405882e-05,4.174669181047497,-0.03430475593085367,0.03436944033308127,0.00978146022982007,-0.284553300102031,0.06170158890306804,4.178505481178324,-0.027021504615458776,0.027116007292364155
51.7,straight,4.173465633745806,1.7678261495242742e-05,4.171692868305297,-0.03475743291728471,0.03482026787380548,0.009756882944526271,-0.28505075141923786,0.06179772295026103,4.17546155513977,-0.027303750619192598,0.027394236223946194
51.72,straight,4.170465365330486,1.7667728981443087e-05,4.177262018206183,-0.04948598103876268,0.049968047106454895,0.00973286726587729,-0.2855450543809499,0.061892627777280544,4.172418137260355,-0.027588574501156114,0.0276752222805728
51.74,straight,4.16746509968128,1.765719952803894e-05,4.1752586759383,-0.05186070723112067,0.05246050444737629,0.0098358019027778,-0.28625547419316444,0.061988515604407615,4.169501820491946,-0.028085328435262583,0.02817669308577298
51.76,straight,4.164464836770335,1.7646673146831187e-05,4.155334197942086,-0.004264675610647328,0.01008498138591348,0.009937976040177984,-0.28696519869312753,0.062083257456210725,4.166584788150337,-0.028587261112218838,0.028683356555027607
51.78,straight,4.161464576570026,1.7636149849621344e-05,4.150420419575398,0.001414480200354755,0.011132141618907953,0.009788583317126752,-0.2869468840726338,0.06217331973351846,4.163417745896143,-0.028381520540588408,0.028466242659412135
51.8,straight,4.158464319052868,1.7625629648211555e-05,4.1473833356376835,0.001841806843439189,0.011230130477796954,0.009640643985397124,-0.28692116330682405,0.062262359510969936,4.16025230563588,-0.028173918007920882,0.028248186290273456
51.82,straight,4.155464064189459,1.7615114963129033e-05,4.166655623180345,-0.025045512952818295,0.02744834022647797,0.009494102857661035,-0.2868876768770403,0.06235029524011167,4.157088096247369,-0.027963224627318997,0.028027930226978824
51.84,straight,4.152463811951691,1.7604607881618847e-05,4.166141507628598,-0.02829913369529097,0.0314470511679626,0.009677580321307198,-0.2872530879380355,0.062438244289650495,4.154253280134223,-0.028151937959673065,0.02822632326112579
51.86,straight,4.149463562316242,1.7594103798817084e-05,4.163155459463526,-0.028589866339672768,0.03171521465348413,0.009858710320533585,-0.2876147542400435,0.06252502842962278,4.154411908655601,-0.028153921800182766,0.0286028047544735
51.88,straight,4.146463315261457,1.7583599521261476e-05,4.160302362779398,-0.02887236000255537,0.032033546128004804,0.010037532985530437,-0.287972735818652,0.06261066241551387,4.151424610510564,-0.028354437758325045,0.028802535417544486
51.9,straight,4.143463070763218,1.75730932069067e-05,4.138163810040155,-0.0035158037664005867,0.006369216297395156,0.01021604472043124,-0.288326964345959,0.06269516121805972,4.148586269178316,-0.028546542005966024,0.029019921319660063
51.92,straight,4.140462828787761,1.756258887219461e-05,4.136215166049883,-0.04641881882785856,0.046630249386153365,0.010119404004561603,-0.28843112079976424,0.06281021191577527,4.142618646509779,-0.028540878197736933,0.02863969431074333
51.94,straight,4.137462589307475,1.755208767771057e-05,4.133480830314439,-0.05223575239625056,0.05240479209164693,0.010070783682613143,-0.2892039929842361,0.06292375350535637,4.1395483009932095,-0.029034200378751762,0.02912652596185649
51.96,straight,4.134462352294975,1.7541591728130274e-05,4.13051563449893,-0.053046313110181806,0.05321042432819932,0.010021425824781644,-0.28997520712862485,0.06303593311383891,4.13647631333149,-0.029530050522218753,0.029616148277397197
51.98,straight,4.13146211772802,1.753110093295288e-05,4.127567088374917,-0.05386419950776497,0.054022330077939336,0.009973257526963287,-0.2907439321738657,0.06314658278745257,4.133404569209284,-0.030032168904487733,0.03011241584750123
52.0,straight,4.128461885583434,1.7520612147045068e-05,4.127312583698614,-0.054492611557625886,0.0545222468721582,0.009926323582428868,-0.29151050505436293,0.0632557743877704,4.130334601511055,-0.03054003117276331,0.03061488259054806
52.02,straight,4.125461655831245,1.7510128926443093e-05,4.129442879484433,-0.0385930351121904,0.03881525918492667,0.009920270784590506,-0.2922724734132021,0.06336360873934996,4.127307930466276,-0.031047697083712886,0.031120022962590765
52.04,straight,4.12246142845008,1.7499647903070163e-05,4.126998664311369,-0.03720018179575437,0.037493230339656354,0.009984611490024255,-0.2927785021405142,0.0634680378468863,4.124349125457236,-0.031311942524059194,0.03138626047806831
52.06,straight,4.11946120341544,1.7489169148089542e-05,4.114268660675461,-0.005946896673486435,0.007907995864081528,0.010048254795551367,-0.29327974415348024,0.06357086822275622,4.1213928848594,-0.03158035824946327,0.031656837408224836
52.08,straight,4.1164609807005235,1.747869507771909e-05,4.110156650471883,-0.0021148396000200452,0.006655175500567484,0.009968286204657208,-0.2933189817394936,0.06367428872639778,4.118292046347364,-0.031383881993907375,0.031454701628258634
52.1,straight,4.113460760282209,1.746822543066393e-05,4.107124103830055,-0.001719147870022648,0.0065703158566085915,0.009888653259739977,-0.2933472683831496,0.06377575583685981,4.115192208795846,-0.03118633971873125,0.031251808654404606
52.12,straight,4.110460542144708,1.7457754630817533e-05,4.110329090323914,-0.03364979140928017,0.03366750578593631,0.009809600076757116,-0.29336793492475843,0.0638760811210809,4.112092955061679,-0.03098544345767002,0.03104584763718299
52.14,straight,4.107460326259954,1.7447285123273327e-05,4.10804090008181,-0.037583212029054604,0.037605141228607246,0.009823280292056698,-0.2938619255613467,0.06397652231176146,4.109085447241845,-0.03126064112314867,0.031320278298275994
52.16,straight,4.104460112601885,1.743681836477969e-05,4.105064906958188,-0.03800165449093586,0.038023901433155906,0.009836952857276704,-0.29435124622382314,0.06407541939843857,4.106079399008032,-0.031533915595842614,0.03159287779912816
52.18,straight,4.101459901152424,1.742635164993963e-05,4.102088347106313,-0.03842807658987647,0.038450639016066754,0.009850562194773888,-0.2948354969139469,0.0641726816673647,4.103073028086924,-0.03181196581852972,0.03187024293019907
52.2,straight,4.098459691892501,1.741588320186974e-05,4.090118433104437,-0.007747005692298487,0.011395737824798502,0.009864293999441194,-0.29531735203642634,0.06426894787263272,4.100069399803398,-0.03209060078562183,0.032148342009563506
52.22,straight,4.095459484789274,1.7405417972284964e-05,4.110384440693153,-0.020263438486235453,0.025180685816704483,0.009746329383737031,-0.2953469980251082,0.06436617184146057,4.096932376182361,-0.0319151219818925,0.031966477991779846
52.24,straight,4.092459279821,1.7394955973009e-05,4.110084101205275,-0.022115394228588228,0.02829301479015315,0.009986835773663582,-0.2956071129010322,0.06446192831867613,4.0941549285190675,-0.03197649728131062,0.03203879468703802
52.26,straight,4.089459076963365,1.7384500008674132e-05,4.107087498910853,-0.022208105711693234,0.028367828177517002,0.010224086543328303,-0.2958620339298135,0.06455638686283674,4.091373254061685,-0.032040477805487876,0.03211495928009111
52.28,straight,4.086458876199487,1.737404732040986e-05,4.104090204136603,-0.022296127969911525,0.02843863739877759,0.010458217343550865,-0.2961129927036645,0.06464985081577683,4.088589314320174,-0.0321024886058811,0.032190438696088126
52.3,straight,4.083458677508915,1.7363595873692934e-05,4.101091830998266,-0.02238659294791104,0.028510793934838203,0.010689166839120447,-0.296358854038964,0.06474204967305959,4.085801802016629,-0.03216590678148884,0.03226845401690436
52.32,straight,4.080458480867648,1.7353147426792675e-05,4.101258434393296,-0.03562071226394384,0.04126390399531107,0.01091696526798811,-0.2965995902443383,0.06483296997864531,4.083010600831219,-0.032230396667090606,0.032348580871626585
52.34,straight,4.077458286254696,1.734270206755428e-05,4.0986291281039975,-0.03746846948786853,0.04305102391520181,0.011188857632944272,-0.2970372224181177,0.06492472538188683,4.080262971369947,-0.032488118699897,0.03262623606164704
52.36,straight,4.074458093649326,1.7332259802189117e-05,4.070495217082797,-0.009017669803724704,0.009865883283795788,0.011457245126582232,-0.2974703940015254,0.06501492246934328,4.077513195455262,-0.03274829622823505,0.0329077507171291
52.38,straight,4.071457903032396,1.7321819560661905e-05,4.064670215702321,-0.005533758712696135,0.008768534333995475,0.01135204105722921,-0.29747529046502613,0.06510382964300668,4.074390656245492,-0.032586593198160686,0.03273555125382372
52.4,straight,4.068457714382049,1.7311382345744408e-05,4.061635067544826,-0.005176054640084533,0.00857435481586856,0.011247579073695073,-0.2974715125683767,0.0651912922939807,4.071269129364734,-0.03242250556000144,0.03256141547073562
52.42,straight,4.065457527675633,1.7300950406827047e-05,4.070313670314269,-0.014169199654730886,0.014994629730218239,0.011143901296981751,-0.29745969584837023,0.06527747248888212,4.068149620358557,-0.03225642098925023,0.032385806935318985
52.44,straight,4.062457342892159,1.729052510323766e-05,4.068596454559118,-0.015074058225038024,0.01629225273428373,0.011213535128372483,-0.29757988258703366,0.06536295961557491,4.0652015438605265,-0.032225356947202806,0.03235921746547945
52.46,straight,4.059457160015867,1.7280102831900083e-05,4.068272843558401,-0.014770220634989074,0.017215877973346564,0.011281981949694654,-0.2976947357989965,0.06544744980769734,4.062253334793432,-0.0321925092373674,0.032330931361881705
52.48,straight,4.056456979029903,1.7269681531863066e-05,4.062861372781722,-0.014829228221643254,0.01616894428580035,0.011388856793474332,-0.29780117512345744,0.06553088180574872,4.059344450846198,-0.0321566631295545,0.032303242035780194
52.5,straight,4.053456799912837,1.7259262248749496e-05,4.043132170312661,-0.007432485881124059,0.012731719407921368,0.011454353720134557,-0.29790481803550894,0.06561323482184225,4.056394143269049,-0.032123185676610454,0.03227438902380839
52.52,straight,4.050456622644006,1.724884592028811e-05,4.066379894763819,-0.02496635165786438,0.029626523406135887,0.0112660938688052,-0.29773894230716047,0.06565584365439513,4.0532012860508155,-0.031981856844131636,0.032116599168962326
52.54,straight,4.047456447204382,1.7238432554401277e-05,4.0665048789936336,-0.02717469568709395,0.03320006076496023,0.011493406082317612,-0.29784288982500573,0.0656979379227983,4.050423932888179,-0.03211291369785295,0.03226689708054766
52.56,straight,4.044456273573289,1.7228023725251125e-05,4.063510806831519,-0.027362411108820733,0.033357456088818314,0.011717673387397797,-0.2979448920500491,0.06573939722014663,4.0476433796433415,-0.0322450586084566,0.03241932731934497
52.58,straight,4.041456101737907,1.7217615680741237e-05,4.060516389747001,-0.027549598469399198,0.03351453308727748,0.011938950229983588,-0.2980451700403597,0.06578027760425298,4.044860095349474,-0.03237724952297018,0.03257282108913384
52.6,straight,4.038455931679039,1.7207208213805633e-05,4.057522233375349,-0.027737869040491657,0.03367295825950216,0.012157323429845499,-0.298144530346402,0.0658207801003947,4.042074279928703,-0.032510254482440014,0.03272809508805545
52.62,straight,4.035455763374202,1.7196803936514364e-05,4.0500120854991595,-0.03207653350613803,0.035240517008428354,0.012372767764226312,-0.2982420673325972,0.0658606781975829,4.039286028435227,-0.03264361403091929,0.03288463919260702
52.64,straight,4.032455596805306,1.718640299159576e-05,4.046523176922337,-0.032813300185927846,0.035717469955391525,0.012518981014687989,-0.29840067850766244,0.06590042402253636,4.036428098774587,-0.03283964729489625,0.03309610690922114
52.66,straight,4.029455431954631,1.7176005380515508e-05,4.023855309204029,-0.011911905067764024,0.013178177039009033,0.012663369768989517,-0.29855857337198005,0.06593972786010409,4.0335679894475565,-0.03303724650980232,0.03330927764069412
52.68,straight,4.0264552688046535,1.7165611068392138e-05,4.018642005372533,-0.009338205943424575,0.012188931962330526,0.012529051076255316,-0.29858448408657934,0.06602350454381835,4.030417816237311,-0.03292422711488834,0.03317886581668787
52.7,straight,4.023455107337938,1.715522008779339e-05,4.015613750036703,-0.009057856629257897,0.011993445059339419,0.012396040300139919,-0.29860362562256054,0.06610619949218727,4.027269669585309,-0.03280871045753127,0.033046759941394575
52.72,straight,4.0204549475352,1.714483415190642e-05,4.036306466351449,-0.036778013724244066,0.04006437747075824,0.012264220345213152,-0.2986147081677008,0.06618749345387613,4.024122066401863,-0.03269130696915039,0.03291337995635189
52.74,straight,4.017454789378377,1.7134454431591182e-05,4.035961053617767,-0.04027742194810375,0.04434109935235279,0.012483161211889521,-0.2990365539561077,0.06626906099126645,4.021324989508822,-0.032983959916503436,0.0332272580681744
52.76,straight,4.014454632854125,1.7124077884678308e-05,4.032985756304162,-0.04074302505551836,0.04477490696470224,0.012699475436920888,-0.2994566955694496,0.06634970324170993,4.018525762051287,-0.03327998509953319,0.03354506778220712
52.78,straight,4.011454477948064,1.7113702823894295e-05,4.030010681863146,-0.041209715437796834,0.04521044287250517,0.012913123919052312,-0.29987410752550603,0.06642916279234701,4.015724209293755,-0.03357798610713156,0.0338653412356239
52.8,straight,4.008454324645939,1.710332749970645e-05,3.9996892280387804,-0.013083724763188875,0.01576257006945881,0.013124194351358576,-0.3002895335510366,0.06650762697566526,4.012920132180765,-0.03387909475051476,0.034189116412713896
52.82,straight,4.005454172924857,1.7092955635924728e-05,4.002332404033301,-0.04245375427194079,0.04258542362405765,0.012919726404515403,-0.30013400189519224,0.06654804478889403,4.009711044266443,-0.033761014387900704,0.03404528586060487
52.84,straight,4.002454022768646,1.7082587275754157e-05,4.000324192376038,-0.04656129675546385,0.04662704794105487,0.01284563739215247,-0.3004562230446023,0.06658796403324366,4.0066320913585125,-0.03412288444575579,0.0343946740958264
52.86,straight,3.999453874159059,1.7072224391533354e-05,3.9973552104545567,-0.047116247223019526,0.047180018985544,0.012772827598842983,-0.3007784464060987,0.06662728501782644,4.0035551990367475,-0.03448795184695159,0.034747914353473304
52.88,straight,3.9964537270804357,1.7061867178165218e-05,3.9943859653829588,-0.04767422164627675,0.047736088670923695,0.012701361726117246,-0.30110187175271197,0.06666630544900345,4.000479255566916,-0.03485605047856442,0.035104684078827025
52.9,straight,3.9934535815174854,1.7051515223836542e-05,3.9914168947244466,-0.04823505119163047,0.04829506712621648,0.012631192831326955,-0.3014260538438035,0.06670491348582638,3.9974046001493226,-0.03522689568426119,0.0354647199682898
52.92,straight,3.99045343745604,1.7041167625670294e-05,4.0043802671910385,-0.037872304483095524,0.04036779781344861,0.012562276980743402,-0.301750576471612,0.06674300359573801,3.994332456562672,-0.03559927927165342,0.035826932199994846
52.94,straight,3.9874532948825987,1.7030822456128343e-05,4.0031662578161304,-0.03700592491143752,0.04021935423927628,0.012728785577254622,-0.30191088890811424,0.06677962767145909,3.9914950520125823,-0.035813714840815816,0.036057982964717454
52.96,straight,3.9844531537816295,1.702047970373538e-05,3.9790102890794756,-0.01450890112075888,0.015512162148093296,0.012893087930977314,-0.30206911644886647,0.06681539176079201,3.988656871760786,-0.03603005103261272,0.036291357228165774
52.98,straight,3.9814530141354396,1.7010141310854502e-05,3.9736345932055337,-0.011746895958416022,0.014125055488754095,0.012748118805731474,-0.3019532387483958,0.0668663565967991,3.985505882871986,-0.035912160590247676,0.036157033263988315
53.0,straight,3.9784528759301594,1.6999806443088023e-05,3.970606190495432,-0.01145652999101723,0.013900084831567525,0.012604567021838951,-0.3018318571930999,0.06691654121113942,3.9823563073946575,-0.03579266767701811,0.0360217859423168
53.02,straight,3.975452739156708,1.698947107477902e-05,3.9754641444814767,-0.025042610723999985,0.02505960279051574,0.012462431751022717,-0.30170541783981825,0.06696606076572155,3.979208330466213,-0.03567151489059714,0.03588556547773915
53.04,straight,3.9724526038001926,1.6979134724663223e-05,3.9733348299697977,-0.02661407483541824,0.026645663035004402,0.012437936578230948,-0.3017807627397743,0.06701557072569425,3.9791706591038243,-0.035550466686022124,0.03619634607628803
53.06,straight,3.9694524698396663,1.696880117749643e-05,3.970466520083204,-0.02667083110534151,0.02670705827579696,0.01241361889884451,-0.30185316217603586,0.06706442418480536,3.9759909871332964,-0.03564034740200446,0.03625184694898734
53.08,straight,3.966452337264286,1.6958468174370764e-05,3.967478771011376,-0.026734248315306654,0.02677089147954782,0.012391458647098145,-0.30192252669107345,0.06711263152145322,3.9729633492890977,-0.03572068229042359,0.036325916981926866
53.1,straight,3.963452206057326,1.6948137160152123e-05,3.9550544057413566,-0.014718432295546409,0.016960379908583668,0.012369440666378465,-0.3019889657531772,0.06716018746335638,3.9670972970923954,-0.035991264727109035,0.03619223787405891
53.12,straight,3.9604520762028415,1.6937809579640686e-05,3.9439139094334634,-0.021769585047251155,0.027352578274871465,0.012209004830922758,-0.30187683876849725,0.06720763048476766,3.9639311318424064,-0.03589491056580861,0.036079976190126074
53.14,straight,3.9574519476870336,1.6927485525702633e-05,3.940121611620766,-0.022654739167763883,0.028536731014740576,0.011946207354695293,-0.3018867435802479,0.06725443436261996,3.960661917451994,-0.0359219565970096,0.03608195248306096
53.16,straight,3.954451820494768,1.6917166400710882e-05,3.937113779128417,-0.022600909923021616,0.028498662787371273,0.011686690871219527,-0.3018923156718588,0.06730044068249166,3.9573945365732093,-0.03594574652703392,0.03608285961291592
53.18,straight,3.951451694613823,1.6906851536116505e-05,3.934104978034472,-0.022548524052159125,0.0284623830336423,0.01143045963628047,-0.3018946190916353,0.0673459139750031,3.954133688984214,-0.03596880716978929,0.03608551935925856
53.2,straight,3.9484515700330576,1.689653890177563e-05,3.9310915273780784,-0.022494413578728015,0.028427630295098406,0.011177373337800103,-0.3018931572896422,0.06739071976459257,3.9508732889233587,-0.03599062302746749,0.03608886514849292
53.22,straight,3.945451446737451,1.6886229651131757e-05,3.9487625423232675,-0.03534390300539422,0.0355154722522975,0.010927351107815545,-0.30188768115429,0.06743479644878388,3.9476176627079074,-0.03601389632677148,0.036095841633890034
53.24,straight,3.942451324713744,1.6875923884205976e-05,3.948070175718289,-0.03704208456906558,0.03748250311050866,0.010985286454110229,-0.30207588703189203,0.06748013004061847,3.9446720306192584,-0.036225483398250706,0.036310331091213226
53.26,straight,3.9394512039488774,1.6865621607990404e-05,3.9321213927087677,-0.0173027841408809,0.018806817931561935,0.011042564397813716,-0.3022638546279907,0.06752514024031002,3.9417235147868013,-0.0364371554324655,0.03652477306644053
53.28,straight,3.936451084431326,1.685532181837584e-05,3.9276628937920712,-0.014902855548248026,0.017315601842219062,0.010909421496876858,-0.3021697113980757,0.06757314322695833,3.938585920050854,-0.03635769476056783,0.03643714336797587
53.3,straight,3.93345096614712,1.6845025246584424e-05,3.924639085836095,-0.014670784219709979,0.017128213200831396,0.010777634122854263,-0.3020710403749153,0.06762052519636452,3.935447107839508,-0.036275506737321855,0.03634720591894366
53.32,straight,3.9304508490803727,1.6834734536460212e-05,3.937128880677641,-0.03228817574563367,0.03298802522337486,0.010647203138918478,-0.30196788869594343,0.0676673092950768,3.932310149859592,-0.03619175356850879,0.03625629416097336
53.34,straight,3.9274507332207946,1.682444814153386e-05,3.9358590193071974,-0.03446406267037066,0.03549127852572198,0.010746589230397414,-0.3021255169713077,0.06771414524957374,3.9294046800350295,-0.036367791096374114,0.03643704373951142
53.36,straight,3.924450618556804,1.6814165379439745e-05,3.932870080221919,-0.034704504193297625,0.03572754236292983,0.010844662596340683,-0.3022812366601416,0.06776031405333477,3.9264990704221474,-0.036543802866159034,0.036617958337016136
53.38,straight,3.9214505050785675,1.6803884510465425e-05,3.9298807502914612,-0.03494848854596738,0.03596721714420437,0.010941417698665856,-0.3024346717111485,0.06780571610093732,3.9235889504182038,-0.036722807601427467,0.03680179344282388
53.4,straight,3.918450392774062,1.679360513116876e-05,3.9105675803523465,-0.01833229924226119,0.01997067700400213,0.011036898071071197,-0.30258562840598013,0.06785029893584107,3.9206800366943693,-0.036901186748654585,0.03698524821349552
53.42,straight,3.9154502816277983,1.678332947297335e-05,3.9302002265848177,-0.01954503060804813,0.024499498785920042,0.010887383119313036,-0.3024370626666407,0.06788154355309435,3.917528765130322,-0.03683383917646807,0.036909192252684596
53.44,straight,3.9124501716279383,1.6773057547739347e-05,3.9299057513960847,-0.01980997399881439,0.026415850618124823,0.01109945763465142,-0.30233199836718005,0.06791218506290256,3.914740248989966,-0.03681346091931095,0.036901362970955816
53.46,straight,3.909450062760385,1.676279129221301e-05,3.9268926039041903,-0.01972353917137639,0.02634239478731343,0.01130842692208205,-0.30222396805728674,0.06794230513939967,3.9119475332629423,-0.03679193376163491,0.036893325966041786
53.48,straight,3.9064499550159866,1.67525289566893e-05,3.9238795496508256,-0.019634727749414403,0.026267307556466814,0.011514315834256382,-0.3021127348570238,0.06797184844767389,3.909153073864025,-0.03676838922942505,0.03688432601649189
53.5,straight,3.9034498483838433,1.6742269965310974e-05,3.920866383035509,-0.019547104042762026,0.02619312432339219,0.011717196086054755,-0.3019989951481935,0.06800099345585699,3.906354816780365,-0.03674572248346845,0.03687706138146381
53.52,straight,3.9004497428522313,1.6732014473890167e-05,3.9085699040976327,-0.018345759265837404,0.02007780129074961,0.01191715353577522,-0.30188324112310516,0.06802986472478839,3.9035549146016626,-0.03672182364244364,0.03686954791355453
53.54,straight,3.8974496384097534,1.6721762529610863e-05,3.904523710672765,-0.018089087991485845,0.019438694535150968,0.011977525467332438,-0.30174819768760225,0.06805822985392353,3.900615245171353,-0.03667922428063787,0.03683223482456834
53.56,straight,3.894449535045098,1.671151413898296e-05,3.8896461896255916,-0.01846789663977918,0.019098504282351256,0.012036771119559602,-0.3016099871907697,0.06808612657389741,3.8976726825849224,-0.036637375960113086,0.0367955270193756
53.58,straight,3.8914494327468816,1.670126952920543e-05,3.885308321551694,-0.018382831559400726,0.019397320821044582,0.01192595584013487,-0.3015551287375904,0.06813387119646869,3.894554974438318,-0.036602170961642595,0.036750322347975865
53.6,straight,3.8884493315042903,1.669102856822312e-05,3.8822873110673393,-0.01823556598182784,0.019264355214721158,0.011816227665433816,-0.3014958116015465,0.0681808737540056,3.891439844362128,-0.03656374096534486,0.03670246820057463
53.62,straight,3.8854492313068363,1.6680790968369333e-05,3.9025733060062926,-0.05396086292419516,0.056628695551239304,0.011707480453789191,-0.30143127607669673,0.06822693964978768,3.8883252777070636,-0.0365259746132735,0.03665565859303892
53.64,straight,3.8824491321434778,1.667055686226541e-05,3.902204445202721,-0.058647793091758334,0.061901467585583465,0.011943275912448773,-0.30189733099009725,0.06827410564375558,3.885555617757497,-0.037013690724339285,0.03716043473220434
53.66,straight,3.8794490340034287,1.6660326335082864e-05,3.899253171341439,-0.05944904784930636,0.06267674452724335,0.012176486125950514,-0.30236491095129375,0.0683206495461378,3.882782670706236,-0.03750597592758814,0.03767043091219609
53.68,straight,3.8764489368785178,1.6650097875960193e-05,3.896301368442213,-0.06025573001255177,0.06345769333317344,0.012407110668342344,-0.30283333382780014,0.06836638783994173,3.880007230492008,-0.03800298582123675,0.03818578490566472
53.7,straight,3.87344884075641,1.6639872820337874e-05,3.8691083924604213,-0.024265581723031934,0.02466709908035857,0.012635176886135363,-0.3033026667158175,0.06841133462573856,3.877230179543201,-0.03850375730800533,0.0387055489818844
53.72,straight,3.8704487456257084,1.6629651800129033e-05,3.8781231045393665,-0.017856489031907976,0.019451070824444576,0.012504490996687307,-0.30323870378146855,0.06845739629132007,3.874094361392698,-0.038467348076748356,0.038656268005744406
53.74,straight,3.8674486514762805,1.661943481954169e-05,3.8740450850164265,-0.01762103381808503,0.0188308190931584,0.012591844383460686,-0.3031378089580463,0.06850295614482292,3.871176610980223,-0.0383948735890072,0.03859197427422606
53.76,straight,3.8644485582972834,1.6609221744252564e-05,3.87072531520476,-0.01746112229203049,0.018570642857562786,0.012638087583842375,-0.3030366405064159,0.06854811161044781,3.8682178479411102,-0.038324105502029686,0.03852554931404452
53.78,straight,3.8614484660778317,1.6599013629042202e-05,3.8677046825858477,-0.017278825779966797,0.018392171263505067,0.012683431511772803,-0.30293276241385736,0.06859298010911703,3.865258447319339,-0.038253405183136635,0.038459188476631975
53.8,straight,3.8584483748096545,1.6588809723361767e-05,3.8646832940173144,-0.017092441605235455,0.018209699043807162,0.012727842534674832,-0.30282560722279095,0.06863741736465451,3.862297788797872,-0.03818078464297951,0.03839084951831534
53.82,straight,3.8554482844836,1.6578609471100666e-05,3.875976965124547,-0.041176737273376826,0.04602516705327723,0.012771301211410242,-0.302714784254054,0.06868132909026427,3.8593374988231024,-0.038107779921396114,0.03832222203328895
53.84,straight,3.8524481950899343,1.656841287924954e-05,3.8745881661162036,-0.04424831776152129,0.049493014305825825,0.013025381449804205,-0.30297012715071475,0.06872800270820606,3.856586758505595,-0.038390322266519394,0.038629224154838035
53.86,straight,3.8494481066189223,1.6558219961345504e-05,3.844269129215395,-0.02304332065594917,0.023634293319621615,0.013276324552468728,-0.3032250248721113,0.06877406406819182,3.853833283727453,-0.03867472657329475,0.03893899455848894
53.88,straight,3.8464480190634447,1.654802993582732e-05,3.8382157393897587,-0.020531309991015174,0.022135602496316745,0.013110363673088857,-0.3030003310247751,0.06877768273563331,3.8506738731511274,-0.0386418164756592,0.038888648588217035
53.9,straight,3.8434479324127153,1.6537843662273656e-05,3.8351972020043967,-0.020363759072159746,0.021987065621583465,0.012946358881171216,-0.3027749469204224,0.06878158657510894,3.8475155716230214,-0.03860749569314647,0.038837631948893926
53.92,straight,3.8404478466544987,1.652766113642872e-05,3.847176640138639,-0.025643740822626243,0.026527835200238162,0.012784169370249485,-0.30254728523734065,0.06878536012586944,3.844358535084822,-0.03857105095240854,0.038785238264777706
53.94,straight,3.837447761779771,1.6517482552685362e-05,3.8458326209414637,-0.026225771787205445,0.027549294170252116,0.01284457397314382,-0.3023986521430962,0.06878929211876918,3.8414237552104313,-0.03861425565889443,0.03883484462781597
53.96,straight,3.8344476777805028,1.650730811805578e-05,3.8428237144456365,-0.026216479893537863,0.027537748777594514,0.012903929028546745,-0.3022484902223607,0.06879300279936347,3.838488931689363,-0.038656710772195096,0.03888379520884423
53.98,straight,3.831447594649404,1.64971373230125e-05,3.839815191535628,-0.026206169352395243,0.027525350415232405,0.012962299171444557,-0.3020975927122111,0.06879670395194752,3.8355532789930593,-0.038698501252832716,0.03893209144496986
54.0,straight,3.8284475123769823,1.6486970602471934e-05,3.818976229959775,-0.021326762275314205,0.023350363573182858,0.01301964127370351,-0.30194508844366524,0.06880016851409652,3.8326168374247853,-0.038738857350855214,0.03897896849365026
54.02,straight,3.8254474309532895,1.6476808013177078e-05,3.8233538347625378,-0.020710809555967623,0.020832751739134098,0.012804669835102908,-0.30158852539821634,0.06876914921270068,3.8294167161202446,-0.03870699046787496,0.03892636821748709
54.04,straight,3.8224473503696004,1.646664954954097e-05,3.821378740604119,-0.02056192287849171,0.0206061166258633,0.012730277917690217,-0.3012337709978359,0.06873875129358295,3.8263575801476715,-0.03867378672237532,0.03888734502252702
54.06,straight,3.8194472706161804,1.6456494906898225e-05,3.81836219548744,-0.020404120677485982,0.020449385323003333,0.012656533582934311,-0.30087866830364657,0.06870866581160313,3.823299508326141,-0.03863853117447724,0.03884646453789951
54.08,straight,3.8164471916847162,1.6446343979001178e-05,3.815345308655576,-0.020246053301452446,0.02029243795336127,0.012583503982621714,-0.3005243645604566,0.06867919271103376,3.8202415986684755,-0.03860283761651491,0.03880523956864154
54.1,straight,3.813447113567932,1.643619696806861e-05,3.8123277430451097,-0.020085000438538322,0.020132579198370037,0.01251113543933024,-0.30017015356601684,0.06865014703715151,3.817183706928365,-0.038565401453232055,0.03876235708013166
54.12,straight,3.810447036257429,1.642605379797206e-05,3.8250574010374017,-0.010752380646469065,0.018150205418991337,0.012439421996833308,-0.2998160722266053,0.0686215439980235,3.8141258071241055,-0.03852635452291294,0.03871794531834034
54.14,straight,3.807446959744894,1.6415914484075973e-05,3.823777158780263,-0.009386830422724582,0.018844002818217673,0.012599769101686626,-0.2993220723936742,0.06859204280798609,3.8113002076213656,-0.03835048166626184,0.03855990597977361
54.16,straight,3.8044468840220276,1.6405779024344232e-05,3.7977590028062167,-0.020617182242318673,0.021690382887153147,0.012757453644762847,-0.29882642285602756,0.0685627506682773,3.808472743663939,-0.03817203494311879,0.038400059253144526
54.18,straight,3.801446809078797,1.639564890644763e-05,3.7921883787642985,-0.02175834871261192,0.023661319149572035,0.01256958744633608,-0.2984295641652738,0.06851515937895643,3.8053043738418544,-0.03816052546803624,0.038371318870615394
54.2,straight,3.7984467349079267,1.638552367268357e-05,3.789173134402823,-0.021635723206123034,0.023554478953590887,0.012383933942198702,-0.29803376874740717,0.06846819836702445,3.802137200192664,-0.03814757775910975,0.03834198257090282
54.22,straight,3.7954466615051103,1.6375400567875722e-05,3.8045316289816147,-0.017935726303556183,0.020120004712831343,0.012200463736442463,-0.2976390172262788,0.06842185914681956,3.801965768841423,-0.03792844072807535,0.038500751051101706
54.24,straight,3.7924465888621626,1.636527986580424e-05,3.8036901763498,-0.017350236134901113,0.020688574245016106,0.012289492183454417,-0.2971917760080794,0.06837590392753536,3.798923003240318,-0.0378703637345571,0.03843628726359888
54.26,straight,3.789446516968667,1.63551632078511e-05,3.8006869657406277,-0.017162361718484707,0.020529393617358137,0.012379006770038814,-0.2967452487512717,0.06833054614865346,3.796030699096616,-0.03780055392703739,0.03838580554624171
54.28,straight,3.786446445815727,1.634505078556233e-05,3.7976649936723605,-0.016975895707047932,0.020361533880917475,0.012467014639156667,-0.2962995937237677,0.06828579594468269,3.790290316423168,-0.037927916883343786,0.03813846293405863
54.3,straight,3.783446375396693,1.633494230762322e-05,3.7748666283951895,-0.022421620838955176,0.02402236287819564,0.012553528310996482,-0.29585475763201663,0.06824164325173022,3.7873975428923674,-0.037854156226378936,0.0380760531822357
54.32,straight,3.780446305704288,1.632483768117526e-05,3.7871606584122284,-0.021505070112942413,0.02254446656958979,0.012341536533300047,-0.2954016765468278,0.06817371432187232,3.784212182688643,-0.03785864573771334,0.038061729145537966
54.34,straight,3.777446236731123,1.6314736867419722e-05,3.7860928774787728,-0.021251133345346306,0.02295797778874641,0.012389699633195026,-0.29492970971561905,0.06810668229127989,3.781283368480728,-0.03784523349536522,0.03805549125429212
54.36,straight,3.7744461684709876,1.6304639765205465e-05,3.7830790951890227,-0.0211499170274479,0.022859054297686223,0.012437002671515669,-0.2944603224378714,0.06804056695329343,3.7783516676819175,-0.03782910002135133,0.03804638718788206
54.38,straight,3.771446100915483,1.6294546580100818e-05,3.7800630201607306,-0.02104753568935187,0.022758212616268387,0.012483519979455397,-0.29399429148060274,0.06797559139523814,3.775420823084737,-0.037810318082093765,0.038034866100493975
54.4,straight,3.768446034056666,1.6284457347597272e-05,3.7770443043538964,-0.02094893069520325,0.022659887433457905,0.01252920501040019,-0.29353168931413115,0.0679117692387472,3.772488935384567,-0.03779375769785955,0.03802557480072705
54.42,straight,3.7654459678875583,1.627437213096678e-05,3.7657608104892133,-0.03851256679822255,0.03853012753410174,0.012573970812885225,-0.2930714518206474,0.06784881412293559,3.7695568456063944,-0.0377738719711356,0.03801308296185311
54.44,straight,3.7624459024011117,1.626429094057167e-05,3.7618514696811403,-0.04075487200307998,0.04077546940213163,0.012496834042775403,-0.29288366899881285,0.067789419479828,3.766503521209451,-0.03801274811597991,0.0382448696564585
54.46,straight,3.7594458375904054,1.625421378659107e-05,3.748390498315923,-0.02255259099121881,0.02513112214688018,0.012420753721289772,-0.29269980883115204,0.06773072994293028,3.763451893765143,-0.038253486861163616,0.03847884572097876
54.48,straight,3.756445773451233,1.624414189685893e-05,3.744194983669485,-0.020352570968191958,0.02376910766658186,0.012159692899352684,-0.29170196200041626,0.06752746506532631,3.7602489463182946,-0.03822247137366919,0.038427379407619575
54.5,straight,3.753445709974116,1.6234074793228605e-05,3.7411845766203116,-0.020157236335264787,0.0236072933540731,0.011901895237080549,-0.2907127149634545,0.06732689803386936,3.757048538042383,-0.03818648143008365,0.038372227483377236
54.52,straight,3.750445647148908,1.622401108497229e-05,3.7455888605435637,-0.0297549420608446,0.030164726178307354,0.011647313563137814,-0.28973173280871795,0.06712894179787882,3.753852431689437,-0.03814741285667874,0.038315393249712594
54.54,straight,3.747445584969526,1.621395038438296e-05,3.7434122245596333,-0.030878335004665514,0.031156719200391834,0.011505118358361283,-0.28890541105360107,0.06693419644810127,3.750764401002969,-0.03825001875810333,0.03840988291525986
54.56,straight,3.7444455234320486,1.6203893557234695e-05,3.7404141509833138,-0.03093959843295598,0.03121720137197727,0.01136480730981477,-0.28808919687911233,0.0667421459312116,3.747679384754459,-0.038351527858922874,0.03850377512508161
54.58,straight,3.741445462532738,1.6193841840526358e-05,3.7374135662653485,-0.031001376931965585,0.031278521132225234,0.011226324268791055,-0.28728267469963004,0.06655267803587368,3.744593942816461,-0.0384522758400779,0.03859709947347947
54.6,straight,3.738445402262869,1.6183795008582807e-05,3.725887953051393,-0.0222489095200536,0.025562157792862854,0.011089620477488219,-0.28648552799580396,0.0663657075986976,3.741512042813042,-0.03855312311839745,0.038691028934941474
54.62,straight,3.735445342614682,1.6173752677110735e-05,3.738925798885572,-0.02780720003176979,0.028040215844437166,0.01082454573414648,-0.28547824658200405,0.06615718941877653,3.73830419723122,-0.03852231087090988,0.03864437665173231
54.64,straight,3.7324452835815833,1.616371478001231e-05,3.7378116580338907,-0.028548715323505745,0.02906458823438368,0.01081289803861733,-0.2845780107829351,0.0659513229149082,3.7353500250770235,-0.03858746607554711,0.03871275960383041
54.66,straight,3.72944522515499,1.6153680276554536e-05,3.734810582538067,-0.028567541328590813,0.02908289325717251,0.010801310245226263,-0.2836875697131584,0.06574809033342179,3.7323968655427344,-0.0386527968359332,0.038781437763492514
54.68,straight,3.7264451673317325,1.61436499354652e-05,3.7318100664355844,-0.028583995660653148,0.029098970960836187,0.010789729752915199,-0.2828060942955088,0.06554726919852549,3.7294411230265663,-0.03871599828021383,0.03884783866603953
54.7,straight,3.7234451101062405,1.6133624308523023e-05,3.7288093526384034,-0.028599055971049527,0.029113642395312778,0.010778302908279387,-0.2819356286893391,0.06534941382972262,3.7264838973955263,-0.03877581454873676,0.03891078862281972
54.72,straight,3.720445053471252,1.612360307797827e-05,3.7248446057813447,-0.01045834838508563,0.011360925312669964,0.010766968732289375,-0.28107482314993854,0.06515415797954989,3.7235261779741946,-0.03883494867255646,0.038973056656736636
54.74,straight,3.717444997420543,1.6113586212968372e-05,3.72171367904745,-0.008050289138513132,0.009126253105703497,0.010741042765239649,-0.27994662175774443,0.06495884864773138,3.7205530941853335,-0.03862571452978932,0.03876662411980138
54.76,straight,3.7144449419481163,1.610357372518325e-05,3.704869164722507,-0.02074701379141808,0.022864875949657096,0.010715070722469765,-0.27882560003279844,0.06476612570869573,3.7175785743101,-0.038412659358248,0.03855631559500814
54.78,straight,3.7114448870443084,1.6093565171356e-05,3.700321342720788,-0.02204994710871028,0.024711199674210947,0.010484892228732534,-0.27788875890194564,0.06457159584238248,3.714402387972302,-0.038390443812148935,0.03852024045945954
54.8,straight,3.708444832704714,1.6083561146579468e-05,3.697310904026402,-0.021923422885936784,0.024602973620181625,0.010257565226469938,-0.2769609645712373,0.06437971942332814,3.71122704913313,-0.038367071310649,0.038483857734987956
54.82,straight,3.7054447789291913,1.6073559923593314e-05,3.719689992615067,-0.024294883802504958,0.028177096387564025,0.010033062959812423,-0.27604173127523174,0.06419037092396822,3.7080541957129016,-0.03833988026710928,0.0384446127556591
54.84,straight,3.7024447257117004,1.6063562064968043e-05,3.7195055606039498,-0.02452977647381913,0.029892647094023065,0.010185004372621225,-0.2751681800555368,0.06400363618494607,3.705256737583195,-0.03834823276424683,0.03846721517576346
54.86,straight,3.699444673043317,1.6053568382254016e-05,3.7165017961398474,-0.024494713188406216,0.029861733629109433,0.01033478060582326,-0.2743030545910276,0.06381918034603404,3.7024572120272903,-0.0383546628543392,0.03848879408247115
54.88,straight,3.6964446209190385,1.604357916679692e-05,3.7134979395421763,-0.02446122128723486,0.029832066160462998,0.010482457167848739,-0.27344687959692926,0.0636371483144664,3.6996533713481194,-0.03836122038199057,0.038511173293740035
54.9,straight,3.693444569332641,1.6033594313225827e-05,3.6864006193841483,-0.02321169395836952,0.024272300223475464,0.01062813307615153,-0.2726005701516234,0.06345778607877683,3.6968472201130558,-0.03836705880718528,0.03853361927765714
54.92,straight,3.690444518278312,1.6023613730708248e-05,3.692738543730236,-0.020824096164531642,0.02096599974116177,0.010416069690343257,-0.27172237484158596,0.0632746291316557,3.69368363714454,-0.038353771032816855,0.038506272635088726
54.94,straight,3.6874444677505807,1.6013637421355228e-05,3.6910641650074405,-0.02044960710934849,0.020783258666097936,0.010383604643869561,-0.27082091188376767,0.06309394407647308,3.6906996125699987,-0.03830642669657803,0.03846043942739509
54.96,straight,3.6844444177437197,1.6003665243705495e-05,3.6880540090786296,-0.02031140885865958,0.02064540746805441,0.010351357132755546,-0.26992721433885997,0.06291554969991114,3.687714878323709,-0.03825797472941775,0.03841345252070264
54.98,straight,3.6814443682521727,1.5993697034245885e-05,3.6850434160068475,-0.02017224651331913,0.02050654011605465,0.010319340141338743,-0.26904130880241295,0.06273945240965079,3.6847292743398867,-0.03820836112225118,0.038365243507056355
55.0,straight,3.6784443192708807,1.5983732760030495e-05,3.6820322829507104,-0.02003163257230396,0.020366158275012123,0.01028754018251066,-0.2681628939927783,0.06256557364604452,3.6817433913000635,-0.038157101972118426,0.03831538005143277
55.02,straight,3.675444270795097,1.5973772592743905e-05,3.686217954683648,-0.014855998273211714,0.018364308238036454,0.010255945727591934,-0.2672918902568998,0.06239389455967802,3.6787562858559837,-0.03810377715903235,0.03826336178190138
55.04,straight,3.672444222819607,1.5963816546925828e-05,3.6840003012900544,-0.014049440531580276,0.018203805895786136,0.010330377008727337,-0.2663520771675531,0.06222383226263885,3.675874849972645,-0.03797496930791142,0.03814551352820184
55.06,straight,3.6694441753392653,1.595386462750895e-05,3.6607149127848855,-0.023190351719280588,0.024793802523957898,0.010403485545463364,-0.2654181452082517,0.062055705946074236,3.672991345273255,-0.037843465434311864,0.03802522904853439
55.08,straight,3.6664441283475497,1.5943916216390713e-05,3.6554547639987582,-0.024160978416772092,0.026557290944029793,0.010173864873113914,-0.2645637712234941,0.06187186846893816,3.669809207386098,-0.03784790853840958,0.038013090898286105
55.1,straight,3.6634440818403817,1.5933971525810004e-05,3.652448137742685,-0.024107823200430253,0.02651162851827805,0.009947137586644082,-0.2637178520753102,0.06169039802800267,3.6666285709063726,-0.03785091707691038,0.03800051814036051
55.12,straight,3.6604440358162407,1.592403180585095e-05,3.6629633047827057,-0.011245069075795162,0.011539353616855293,0.009723287896910002,-0.26288048024615,0.06151131988145172,3.663450209331779,-0.0378530891160554,0.0379881459931702
55.14,straight,3.657443990267879,1.591409679850488e-05,3.661446309284368,-0.00949137559156792,0.01031538243247765,0.00970120594598009,-0.26186173931104706,0.0613342509419506,3.6604735974214444,-0.03766510715785145,0.037802617400099645
55.16,straight,3.654443945189243,1.5904166153162357e-05,3.658425187587991,-0.009127945380620268,0.009972977267176487,0.009679083647439564,-0.26084960287845377,0.061159474101100626,3.6574959714795616,-0.03747401648984468,0.037613947084423484
55.18,straight,3.6514439005730566,1.5894239226713018e-05,3.6554030458442033,-0.008762519308853434,0.009629920856329011,0.009656928203471641,-0.25984407435433304,0.0609869917613208,3.654517108135649,-0.03728033285930979,0.037422628989802205
55.2,straight,3.648443856414687,1.588431615312994e-05,3.6374061604707757,-0.023583964176121394,0.02605347540364911,0.00963473237183906,-0.2588450323234715,0.06081677216662045,3.6515378225313952,-0.03708406281658795,0.037228734917849705
55.22,straight,3.6454438127124433,1.587439706647827e-05,3.638001246137342,-0.018881207932411524,0.020309887192987652,0.00938928257443673,-0.25801634606628265,0.0606324477649315,3.648338007658597,-0.03710803616520032,0.03723655596079647
55.24,straight,3.6424437694617637,1.5864481791511616e-05,3.6355755665155103,-0.01802445758095207,0.019303508277990232,0.009224489310384113,-0.25710348750795065,0.06045062140863393,3.64521841226574,-0.037037877160152756,0.03715748124345369
55.26,straight,3.639443726660886,1.585457020057602e-05,3.6325646792782407,-0.01785607129461594,0.01915011819833441,0.009061663733371868,-0.2561981165676654,0.06027105967233521,3.642100544027202,-0.03696623636090145,0.037077401852803234
55.28,straight,3.6364436843030603,1.5844662642894155e-05,3.62955301292239,-0.017686358742554642,0.018996035309384377,0.008900827606815199,-0.25530109265885714,0.06009400047613198,3.638983496527051,-0.036892859237243156,0.03699598721081243
55.3,straight,3.633443642381195,1.5834758925746745e-05,3.6265414092587775,-0.01751593753443927,0.018841546163269066,0.008741889890634295,-0.25441101910525743,0.059919061990324415,3.6358676901513656,-0.03681806470794997,0.036913576872581386
55.32,straight,3.630443600891553,1.5824859261920462e-05,3.6387833435219963,-0.03329114969016149,0.03433519856907735,0.008584883093983838,-0.25352897925162465,0.05974654338845151,3.632753483126626,-0.036740913706352796,0.03682924633930015
55.34,straight,3.6274435598298425,1.5814963688221113e-05,3.637485158627091,-0.035264126081704365,0.036681166101574215,0.008654589022797846,-0.2528966593779572,0.05957837579188482,3.629865798741989,-0.036897118318544274,0.03699232197153978
55.36,straight,3.6244435191916864,1.5805072206500333e-05,3.6152511121092687,-0.027206997756179,0.028732931312381544,0.008723434551353193,-0.25227404879407594,0.05941243499095409,3.6299704375497557,-0.03687541739430477,0.03730293717135943
55.38,straight,3.621443478976886,1.579518653201552e-05,3.61024721966299,-0.026312763576375683,0.028610299354531216,0.008507652003053008,-0.25152610002152304,0.05924516036341706,3.626646323103801,-0.03691972456818446,0.03730016362645112
55.4,straight,3.618443439178918,1.578530671970026e-05,3.607258569274753,-0.026323378015961334,0.02861560482170466,0.008296627240852632,-0.2507862138561033,0.05908009110258466,3.6234771500923353,-0.03695451904737639,0.03731141446788571
55.42,straight,3.615443399788134,1.5775430815425706e-05,3.6133555633085632,-0.03365494182441414,0.0337353858974081,0.008088303157333743,-0.2500544729530786,0.05891722474958222,3.617464803664023,-0.0371576238889177,0.03722831839626648
55.44,straight,3.6124433608021747,1.5765559032027676e-05,3.611239962030698,-0.03466003814880561,0.03469667896770061,0.008016624119736191,-0.24943968851072676,0.058756864693893955,3.6144349910162705,-0.03729642373597343,0.03736530557744737
55.46,straight,3.609443322218169,1.575569175147396e-05,3.608234319580908,-0.034870087012020205,0.03490678599540789,0.007943968229164192,-0.24883433366953547,0.05859871711417581,3.6114009325835568,-0.03743645843056916,0.037503340931266727
55.48,straight,3.606443284033901,1.574582979859827e-05,3.6052436573554605,-0.03507970160884834,0.035115944171935,0.007872361132998515,-0.24823795545592076,0.058442672945527394,3.6083653487511733,-0.03757584947094722,0.037640700976900504
55.5,straight,3.6034432462443533,1.5735973251544156e-05,3.591991534537515,-0.028132464777651488,0.030388532483976237,0.0078018313243972005,-0.24765083446630068,0.05828881115630116,3.6053331840090603,-0.037717010591838615,0.0377800480161128
55.52,straight,3.600443208844098,1.5726121656438522e-05,3.601336616945112,-0.01459522585295202,0.014638240865598328,0.007580951089275588,-0.24695991667155703,0.05813499550380833,3.6021502178937475,-0.037754153615331715,0.03780843418130581
55.54,straight,3.597443171829127,1.5716275000485494e-05,3.5998232177966885,-0.012917264722688771,0.013150156512159712,0.007561414956220317,-0.24608904107461785,0.05798337759044044,3.5991692475276307,-0.03760290439025012,0.037658199081647345
55.56,straight,3.5944431351938135,1.5706432534657632e-05,3.596812534408077,-0.01262550921781284,0.012861352407703551,0.007541935902802693,-0.2452248545740119,0.05783400270713036,3.5961885901393886,-0.03744873792816356,0.03750508237856418
55.58,straight,3.591443098932757,1.5696593198973815e-05,3.5938029364583666,-0.01232974060530701,0.012568955914057866,0.007522439810544937,-0.24436517585212228,0.0576862683541591,3.5932047126590554,-0.03729004605277385,0.03734731204903825
55.6,straight,3.588443063043613,1.5686756752661337e-05,3.5907914957882108,-0.012038885431182755,0.012281198923152655,0.007503022617661043,-0.24351083192764528,0.05754040533095691,3.590218217416272,-0.037133839025307785,0.03719191362216717
55.62,straight,3.585443027525727,1.5676924279300564e-05,3.5903655093579725,-0.008429564426278803,0.00977511784368667,0.007483685997797571,-0.24266181945057658,0.05739640601729675,3.5872328060265892,-0.03697320012541986,0.0370321526849292
55.64,straight,3.5824429923752064,1.5667095806597293e-05,3.5876335203060625,-0.007692142175627682,0.009292572516037002,0.007502391396673131,-0.24176789939120552,0.057253864761447254,3.5842869080914532,-0.03676259874527033,0.036824460124291684
55.66,straight,3.579442957588114,1.5657271332974083e-05,3.570047591821846,-0.026327754685832004,0.02796870128244898,0.00752053083321393,-0.24087915856723535,0.05711327011890798,3.581337696121918,-0.036547752492138576,0.0366124701111931
55.68,straight,3.57644292315986,1.564745070180337e-05,3.5654283036488383,-0.0284785771444122,0.03054902090492221,0.007322956662199146,-0.24025744434923443,0.0569695865572931,3.5781747514698083,-0.03661207671415537,0.03666864337266926
55.7,straight,3.5734428890868344,1.5637633938064087e-05,3.562430452656922,-0.028561770269509,0.030625838741214204,0.007127942229344986,-0.2396427071772732,0.056827662217675046,3.5750149035846603,-0.03667613281185315,0.036725430535638544
55.72,straight,3.570442855368256,1.562782173127159e-05,3.578991110482244,-0.02665099911478869,0.028003243698995886,0.006935472756555158,-0.23903524821348365,0.05668758807949499,3.5718535957709303,-0.03673808438971793,0.03678077690595683
55.74,straight,3.5674428220036134,1.5618016041241196e-05,3.5781675771457704,-0.026489302704281282,0.028592502430703836,0.007033339633338928,-0.23840438748917228,0.056548983478444496,3.5689873024759216,-0.036770292464425425,0.036818319214845324
55.76,straight,3.564442788982447,1.5608215205190826e-05,3.5751676887772152,-0.026549053761829925,0.028647944805202944,0.007129854838516882,-0.2377805964948296,0.05641215405092458,3.566114251236339,-0.03680448647275503,0.03685801349634218
55.78,straight,3.5614427563006927,1.5598418973573024e-05,3.572169475194175,-0.02660774127421167,0.02870304364764334,0.007225058255718838,-0.23716354833424125,0.056277008721694353,3.563242568851301,-0.0368383449404641,0.0368978653360593
55.8,straight,3.5584427239550536,1.5588627248049345e-05,3.5487453741682446,-0.029001077148110024,0.030594206732755133,0.007318988863519472,-0.23655415183766176,0.05614380912455095,3.5603673287321382,-0.03686927657544337,0.036935042771989494
55.82,straight,3.5554426919426305,1.5578840198120884e-05,3.557211638955452,-0.03556097965622805,0.035620509372885203,0.007108113400305618,-0.2359213760364889,0.05599415226932898,3.557189695112068,-0.03693618077313235,0.036993033919852876
55.84,straight,3.552442660260141,1.55690578517888e-05,3.555744838205764,-0.03650208793030298,0.03666665584818296,0.007102100602275399,-0.23538663500019252,0.055846139138816406,3.5542180903912937,-0.03709513031301104,0.03715314468447003
55.86,straight,3.5494426289046146,1.5559280386009323e-05,3.5527525392111237,-0.03677104353137417,0.03693520884829727,0.007096220065188309,-0.23486066075295692,0.05570006362626952,3.551246007202199,-0.03725427088102544,0.03731343475940876
55.88,straight,3.5464425978739484,1.5549508410719042e-05,3.54976129321826,-0.03704364342223908,0.03720749278652728,0.007090507605602258,-0.23434412079238354,0.055556115526641366,3.548272607555566,-0.03741518032948513,0.03747543824470051
55.9,straight,3.543442567164078,1.5539742009194076e-05,3.5467710893708406,-0.037315832910042604,0.037479466967491305,0.007085014733858285,-0.23383747970323343,0.05541442190083255,3.545300548588303,-0.037574958464596186,0.03763638731857199
55.92,straight,3.5404425367702714,1.5529980704209146e-05,3.545255760922955,-0.020271753828208883,0.02085044390624245,0.00707967075366936,-0.2333394075916201,0.0552746087941781,3.54232780523855,-0.03773623469289068,0.03779880915013028
55.94,straight,3.537442506689402,1.5520224504988182e-05,3.542413949269253,-0.018240302570860793,0.01892063178809182,0.007095762898796936,-0.23258551830297672,0.05513398539933864,3.5393766678291425,-0.03764501924405374,0.03771017385769193
55.96,straight,3.5344424769183433,1.5510473424891682e-05,3.5258051576352463,-0.02900569103463009,0.030279257279023433,0.007111496262227798,-0.23183789860571688,0.05499523688113087,3.536423760133828,-0.03755347567939056,0.037621193544734866
55.98,straight,3.5314424474525055,1.5500726894261373e-05,3.5212958699591876,-0.03030061603295592,0.031969047064696395,0.0069260689900187905,-0.23124235889939382,0.05485416828841008,3.533270444516589,-0.037620355922835164,0.03768022397790756
56.0,straight,3.5284424182855645,1.5490982937202114e-05,3.5182974510844005,-0.030410592331490797,0.03207283750105698,0.006743128829810883,-0.23065513581678979,0.054715183254289805,3.5301184059840085,-0.03768744166324138,0.03774016514123401
56.02,straight,3.525442389421727,1.548124386862923e-05,3.530640530409493,-0.022889022256059606,0.023486952767588255,0.006562533609683014,-0.23007391998083046,0.05457762324018495,3.526967888721334,-0.03775581465518922,0.03780208912225998
56.04,straight,3.522442360859344,1.5471510841866842e-05,3.5293380802885097,-0.021993249846362597,0.02306371093785302,0.006610052504296723,-0.22938674224963518,0.05444159335464028,3.524045370964241,-0.0377103565729022,0.037759869517791166
56.06,straight,3.5194423325917796,1.5461782898844156e-05,3.5263297780843983,-0.02193057866313311,0.023001425970418952,0.006656792303591275,-0.2287057787599901,0.054307288455818684,3.5211213329903615,-0.03766548624861582,0.03771833621585325
56.08,straight,3.5164423046142446,1.5452059316431033e-05,3.5233220098213502,-0.021865515605418925,0.02293702442955213,0.0067027593885183425,-0.22803085187708771,0.054174653285909015,3.5181970949997967,-0.03761873458385215,0.03767507523005196
56.1,straight,3.5134422769238114,1.5442339712590766e-05,3.5036620278088377,-0.03012701668424838,0.03168944790876151,0.006747993008077728,-0.22736267822258988,0.05404389766388535,3.5152714424660565,-0.03757165741527215,0.03763158134562127
56.12,straight,3.5104422495194143,1.543262470248631e-05,3.516920010769058,-0.005627079751567605,0.008590654033526521,0.00654514172120618,-0.22677115408557022,0.05390002672337308,3.51209963049172,-0.03764713103852403,0.037699013427063985
56.14,straight,3.5074422223981117,1.542291432915832e-05,3.515908846469242,-0.002341765435516135,0.008788632435054247,0.00661142071859721,-0.22581092495310437,0.05375784813271379,3.5091969091027466,-0.03734654675619333,0.037403150978125695
56.16,straight,3.5044421955591787,1.5413209606574396e-05,3.512882786784815,-0.001826473764862692,0.008639220327379482,0.006676433697296662,-0.22485468173523965,0.05361748620060968,3.5062921236525297,-0.037042381431483064,0.03710394018984697
56.18,straight,3.501442168993563,1.540350849139147e-05,3.5098561182118417,-0.001308364285700153,0.008517446954381967,0.006740239395997017,-0.2239032291854748,0.053479173064238474,3.503385561090166,-0.03673529574452308,0.0368020470684262
56.2,straight,3.4984421426961205,1.5393809227089916e-05,3.506830183324772,-0.0007865278829342903,0.008426286488618172,0.006802857028136183,-0.22295672684751336,0.05334295748380012,3.500478009932645,-0.03642505294423109,0.03649727270627732
56.22,straight,3.4954421166712706,1.538411397256661e-05,3.495273537936801,-0.021906550677389888,0.0219225829633842,0.006864281181153824,-0.22201453642764393,0.053208662887811946,3.4975685583261202,-0.03611126772496662,0.036189179697851785
56.24,straight,3.4924420909162563,1.5374422687882253e-05,3.4913200929903843,-0.024259926089346844,0.02430121590158103,0.006799469367213624,-0.22140618793467168,0.053079437887524165,3.4945313552687436,-0.03611306310049348,0.03618879693221361
56.26,straight,3.4894420654280935,1.5364735359772777e-05,3.4804761080668163,-0.031242218811058303,0.03251807067717191,0.00673547760866598,-0.22080497458077583,0.05295215095084751,3.4914956054389497,-0.03611450485201479,0.03618818181363745
56.28,straight,3.4864420402088,1.5355052951123993e-05,3.476608705124726,-0.03216949187052901,0.033653511709233766,0.006555418255323669,-0.22027942783002247,0.05281699165457098,3.4883448113535422,-0.03621820228450281,0.03628348405756847
56.3,straight,3.4834420152538286,1.5345376582083476e-05,3.4736135454886496,-0.03233925760670111,0.03381448139674648,0.006377811791273892,-0.21976239850635623,0.052683915494305025,3.4851957716233257,-0.03632213182493802,0.03637977337442532
56.32,straight,3.4804419905574377,1.5335705892135144e-05,3.4726293938155512,-0.02176158725652966,0.02313592534485252,0.006202569511984287,-0.21925237278735762,0.052552486734901704,3.482048744530639,-0.0364267995731303,0.03647753941845544
56.34,straight,3.4774419661157197,1.532604073755784e-05,3.469846841474112,-0.02049775441020624,0.02187401170129627,0.0060591961887119785,-0.21858973967321318,0.05242229579237724,3.4789331074273435,-0.0363738913174108,0.03641975620936797
56.36,straight,3.4744419419251074,1.5316380753610637e-05,3.4668394547316543,-0.020400824518824696,0.02178569761926506,0.005917575660422409,-0.21793251644550052,0.052293715704994755,3.475818571201482,-0.03631987944321535,0.03636126460576892
56.38,straight,3.471441917980755,1.5306724934724536e-05,3.4638324092929955,-0.0203037537651149,0.021697208153755223,0.005777688361531279,-0.21728069056347957,0.05216674411033746,3.472705352335534,-0.03626506257483603,0.0363023616710619
56.4,straight,3.4684418942809288,1.5297072938402947e-05,3.457232540010942,-0.03155158828845669,0.033498027920603454,0.005639554016552578,-0.2166350607013384,0.05204161137885271,3.4695938900037273,-0.036209095570002056,0.03624270570053049
56.42,straight,3.4654418708255577,1.5287425532663076e-05,3.4639286375391216,-0.016359519354370432,0.01644457880452821,0.005447842357545969,-0.21610499417425394,0.051901698390569226,3.4664317874863952,-0.03631872829676418,0.03634749831148655
56.44,straight,3.4624418476122543,1.527778277609759e-05,3.4620398904275587,-0.01432196608629057,0.014342877373087249,0.005407197357758343,-0.21533797292982462,0.05176353471066144,3.463420645870633,-0.03618522486738373,0.03621373272882587
56.46,straight,3.4594418246418854,1.5268146084140285e-05,3.4590287990825526,-0.014085204268336924,0.014106520209552447,0.005366874569656496,-0.21457594607628813,0.05162708092713052,3.4604103097077235,-0.036049239366002996,0.036077509135362174
56.48,straight,3.4564418019054273,1.5258513441065533e-05,3.4560152051647193,-0.013848329989549305,0.013870150358212758,0.005326891421985968,-0.21381942556022204,0.05149248968290506,3.4573981702357237,-0.03591223460428154,0.035940219839438924
56.5,straight,3.453441779400734,1.5248884123059305e-05,3.4530031110644557,-0.013608612472110166,0.013630921764984132,0.005287261239573369,-0.21306903009696784,0.05135993923205963,3.454386494180185,-0.035772648590175066,0.0358003644066005
56.52,straight,3.4504417571285018,1.5239259097200713e-05,3.4559222223176382,-0.006872660712010478,0.008802196583883017,0.005247956846999407,-0.21232375349512136,0.051229143110591936,3.4513740498000995,-0.035632550611889593,0.035659978860222895
56.54,straight,3.447441735086514,1.5229638465683495e-05,3.4535634314220283,-0.005768467218912863,0.008421776259335139,0.0052961284506177295,-0.21148452226961167,0.051099094951224756,3.4514451706280194,-0.03524148323459949,0.035483281961351164
56.56,straight,3.4444417132722975,1.5220022217020607e-05,3.4366789460845,-0.03092775778427831,0.03190185621472841,0.005343378307046323,-0.21064948335714234,0.05097076798546897,3.448369435391443,-0.035009185763798106,0.035243949859637955
56.58,straight,3.441441691682215,1.5210409821230496e-05,3.4321423626703975,-0.03393810657653809,0.035203767617205735,0.005185445944300825,-0.21018940031768246,0.050842598859410774,3.4452378160641364,-0.0351424946438792,0.03536205289524368
56.6,straight,3.4384416703139493,1.5200800951695483e-05,3.4291473475915066,-0.034173543236032375,0.035429573151469496,0.005029661711604713,-0.20973677480670483,0.0507161005368718,3.43925862602011,-0.03542183322859062,0.03544644971554653
56.62,straight,3.4354416491711675,1.5191197840256431e-05,3.4357172251911567,-0.019479632595821108,0.01949677144782434,0.004876009343292581,-0.20929165660468327,0.05059128751774932,3.4361312854041643,-0.03555690420930549,0.03557877976812782
56.64,straight,3.4324416282534855,1.5181602506050984e-05,3.4337721874416105,-0.017727427740221718,0.017792430245521674,0.00486510671434013,-0.20863264998174652,0.05046767416451685,3.433147673333884,-0.03547126242074659,0.035493467132290665
56.66,straight,3.4294416075501175,1.5172012548084611e-05,3.430763747553286,-0.017601273970645127,0.01766599058266315,0.004854130110628064,-0.20797821881562514,0.05034545776050332,3.430161403179006,-0.03538716276231169,0.0354096514139664
56.68,straight,3.426441587055521,1.5162426405275797e-05,3.4277583864255488,-0.017473087511900007,0.01753775488725794,0.004843182536297411,-0.20732966270875713,0.05022501168130183,3.4271761632570295,-0.035302665774195774,0.035325466607010206
56.7,straight,3.4234415667693554,1.5152843906122819e-05,3.41342218029519,-0.03283123243709143,0.03434054646254803,0.004832284938827157,-0.2066869039666322,0.05010632434311929,3.4241876411005663,-0.035218373072625084,0.0352414241400453
56.72,straight,3.420441546692288,1.5143265901182975e-05,3.422498238283399,-0.023150768557125608,0.023257030139147126,0.004652682893471108,-0.20622763748096506,0.049974721009399675,3.421035857829672,-0.03535887727323255,0.03537901263222412
56.74,straight,3.4174415268225147,1.5133692518957424e-05,3.4209777938029657,-0.021851563402686562,0.02215079289800927,0.004671659670188229,-0.20560531460541379,0.0498448736091413,3.418081899532164,-0.03533038974209142,0.035351323936648464
56.76,straight,3.4144415071609586,1.51241249993573e-05,3.417976197497731,-0.021813134329962396,0.022112596024743022,0.004690269324583363,-0.2049882089853363,0.04971647677974714,3.415125758934379,-0.035301481016790655,0.03532323313671241
56.78,straight,3.411441487702774,1.5114563076705889e-05,3.4149765417458173,-0.021772358187372203,0.022072393978424497,0.004708605408211918,-0.2043776291497432,0.04958991780033503,3.4121708155584223,-0.03526973283654973,0.03529238409538167
56.8,straight,3.4084414684426037,1.5105005152904454e-05,3.4119736662446063,-0.021736426702514047,0.02203645962812795,0.004726636870677354,-0.20377270191457364,0.04946494158606061,3.409211434177374,-0.03524029325539502,0.035263805151210866
56.82,straight,3.4054414493808594,1.5095451999417218e-05,3.407297204594968,-0.03763892979017665,0.03769972737770292,0.004744404371528922,-0.20317407333817358,0.0493417296891216,3.406253597456815,-0.03520904837043992,0.03523350525453251
56.84,straight,3.4024414305157364,1.5085903678181095e-05,3.4041204254183324,-0.03972791400377265,0.03977844976273685,0.004737552335042712,-0.2028237769754915,0.049222475583815886,3.4032702687245795,-0.03541174856481096,0.03543652879775569
56.86,straight,3.3994414118452028,1.5076360197351115e-05,3.390558830930653,-0.03571717379702887,0.0368197493880949,0.004730905838194261,-0.20248139640519908,0.04910484285794348,3.4002861526110335,-0.03561665259447351,0.035641740912314965
56.88,straight,3.3964413933697557,1.506682270794965e-05,3.386390137466768,-0.03548071040634243,0.03689143459289314,0.004566806983907975,-0.20203033662818898,0.048973443373597075,3.3971475745703397,-0.03575799616775557,0.03578003252664437
56.9,straight,3.393441375088173,1.5057292964656952e-05,3.383397550505414,-0.035719881053570046,0.03711959362492901,0.004404914583473597,-0.20158656635158484,0.04884370186534642,3.39401257985671,-0.03589945478746722,0.03591905417550811
56.92,straight,3.390441356993506,1.5047768152836412e-05,3.4032346255568258,-0.01803521664865336,0.02212418961340388,0.004245206437772382,-0.20115020586420335,0.048715648805671634,3.390876739652898,-0.03604508951563045,0.036062765548213256
56.94,straight,3.3874413390842193,1.5038248197732822e-05,3.4027645617363773,-0.015898422525003505,0.02209161348176776,0.004423549256555633,-0.2004543588970371,0.04858838506284052,3.388079624694589,-0.035926679924879176,0.0359473853535037
56.96,straight,3.3844413213591054,1.5028734009996786e-05,3.399755891434395,-0.01571053408846637,0.021950612353066813,0.004599385134047542,-0.19976359757459686,0.04846278315865563,3.3852804157007164,-0.035806829623507175,0.03583168451943261
56.98,straight,3.3814413038132756,1.5019223970176841e-05,3.3967477505388266,-0.015520839132666171,0.021809406370637406,0.004772756041296544,-0.1990784764777625,0.04833900478503682,3.3824780349264776,-0.03568490843808913,0.035714977901118015
57.0,straight,3.3784412864440867,1.5009716637061449e-05,3.370018149051072,-0.034171647912250344,0.035209044340572065,0.004943647720144854,-0.19839734680303955,0.048216564632804125,3.379671835149341,-0.035562228042719836,0.03559851256305258
57.02,straight,3.375441269254722,1.5000213817956113e-05,3.377595609791616,-0.03245670674904597,0.03254309352583143,0.004764045295685799,-0.19802371684882827,0.048103234817215026,3.3765141840616817,-0.0357160252230266,0.03574713030372405
57.04,straight,3.372441252243533,1.4990715647205345e-05,3.3760672021783606,-0.03218924541621204,0.032407720342017665,0.004781255707042852,-0.1975977479183567,0.04799142574565727,3.373552221387619,-0.03581049586700719,0.03584270834246572
57.06,straight,3.369441235412097,1.4981223537364925e-05,3.3730709840398156,-0.03236360420514498,0.032581403736838994,0.004798265968839835,-0.1971780712376266,0.04788108489602043,3.370590563380883,-0.03590658123654002,0.035939944412214576
57.08,straight,3.3664412187580126,1.4971738374981132e-05,3.370075045643611,-0.0325390139720855,0.03275617015878632,0.004815139125534011,-0.1967664832077804,0.04777273963728667,3.3676285653506066,-0.03600364892792835,0.036038185673449186
57.1,straight,3.3634412022745153,1.4962258348309171e-05,3.367078805087747,-0.03271498272952825,0.03293146600344808,0.004831802814931359,-0.19636094598066592,0.04766578844639087,3.3646651315124236,-0.03610081819011509,0.036136513392703205
57.12,straight,3.360441185960397,1.4952783728113566e-05,3.3710223767989733,-0.005601413135460488,0.01197936416094747,0.00484830093944602,-0.19596220764698258,0.04756045420191461,3.361701898395938,-0.036198419003631924,0.03623531001736693
57.14,straight,3.357441169814109,1.4943314560147553e-05,3.3687733718796258,-0.002143773772126549,0.011535981237591069,0.004966239351467921,-0.1951555792757576,0.04745284596520637,3.358840736980086,-0.035896133065369394,0.03593833879045071
57.16,straight,3.354441153834017,1.4933851004223205e-05,3.3470021868230737,-0.03357200942171682,0.03440088645071352,0.005082310846517276,-0.19435234732015175,0.04734690463371032,3.3559760950499604,-0.035591761288373026,0.03563976407448502
57.18,straight,3.3514411380160993,1.4924392046141212e-05,3.3419224198808215,-0.0373314383220435,0.03854032696943828,0.004919078147955687,-0.1939820423906945,0.04723062444672431,3.352833493034469,-0.03575344222491634,0.035795456456687566
57.2,straight,3.348441122352085,1.4914933866370163e-05,3.3389288059932953,-0.037625639380926335,0.03882390361149378,0.004758068249227009,-0.19361868604576762,0.04711580234164506,3.34969341495284,-0.03591617879689438,0.03595290994407295
57.22,straight,3.345441106854693,1.4905481035356547e-05,3.343972704678038,-0.02040779046362989,0.020475417324212267,0.0045992757288627634,-0.1932631172031939,0.04700268349433316,3.3465558179780457,-0.036080027209786765,0.036112141266387204
57.24,straight,3.342441091527064,1.4896038876060814e-05,3.341857981689499,-0.018369596784623132,0.01839373788711687,0.004560767780130675,-0.19265285951121622,0.04688985282712944,3.343537576941558,-0.03598778688291946,0.03601937614439685
57.26,straight,3.3394410763589235,1.488660580220636e-05,3.3388493322363852,-0.018233277312162066,0.018257755817280823,0.004522621915629868,-0.19204720692979388,0.04677847111979923,3.3405200419071233,-0.03589455425440725,0.03592564696073102
57.28,straight,3.336441061342441,1.4877174335821592e-05,3.335840831241661,-0.018096699961649382,0.01812152042535682,0.00448481596812065,-0.1914456495773119,0.0466683884388431,3.337502474529565,-0.03580084927110679,0.035831450693051464
57.3,straight,3.33344104647621,1.4867744179747922e-05,3.323378562422831,-0.03605427254875696,0.03744644798637196,0.004447390794403788,-0.19084920602545616,0.046559911605171644,3.334485509920262,-0.03570561619061603,0.035735750676625835
57.32,straight,3.330441031763783,1.4858318835552423e-05,3.341921696968599,-0.025085282180878517,0.02760113632897123,0.004271930482297562,-0.19054280816372904,0.04645863542707533,3.331329430405034,-0.03587530738452408,0.03590115940133952
57.34,straight,3.3274410172035545,1.484889837290501e-05,3.341430833940911,-0.02363760190217224,0.027480054607242455,0.004431267562345384,-0.19004808999754222,0.0463586925480991,3.3285078525088774,-0.03585144708325193,0.03588215886774653
57.36,straight,3.3244410027967604,1.483948469912488e-05,3.338429374955613,-0.02363022729548005,0.027472963777024365,0.004588446951469748,-0.1895584980868154,0.04626013765794961,3.325683779309175,-0.035827572107304535,0.03586395073315833
57.38,straight,3.321440988541383,1.4830079173776727e-05,3.3354275618623945,-0.02362368731224504,0.027466411082055178,0.004743496670028495,-0.1890739147433851,0.046162935976700785,3.322857221663681,-0.03580434846551476,0.03584716540917803
57.4,straight,3.3184409744293504,1.4820675429149145e-05,3.332424965755487,-0.023615812640291285,0.027458311024378505,0.004896408573719369,-0.18859344415393686,0.0460668194264012,3.3200273492080234,-0.03578022343512325,0.03583017956715821
57.42,straight,3.3154409604625954,1.4811276766419552e-05,3.318878553700061,0.00018419992893741185,0.003441764050854507,0.005047237213958078,-0.1881176249757366,0.0459719543268464,3.3171962993848085,-0.03575663137445657,0.03581448483618843
57.44,straight,3.31244094663991,1.4801883278421119e-05,3.3146834456803664,0.003377922913899203,0.004042200516185649,0.005040418703260997,-0.18728578168980886,0.04587516423590816,3.3142074623745463,-0.03538243486916749,0.03544128873996296
57.46,straight,3.309440932959788,1.4792494973694081e-05,3.3014214280110665,-0.03446386672780898,0.03539901695560691,0.0050332977273799704,-0.18645483656097125,0.04577950284395109,3.311217287424601,-0.0350049771247135,0.03506479287548449
57.48,straight,3.3064409194175113,1.478311057329333e-05,3.2972904236399634,-0.03898983255527651,0.04006359464920213,0.004874074858089686,-0.18616001888940442,0.045675691545991805,3.3080762219417217,-0.0351899076788511,0.03524265126128668
57.5,straight,3.3034409060084897,1.4773727780752203e-05,3.2943028207493077,-0.03934257750940938,0.04040427822163925,0.004717053133463418,-0.1858716924985648,0.04557309041520546,3.304938657994893,-0.03537701661482294,0.03542346799323284
57.52,straight,3.300440892743069,1.4764350333744402e-05,3.2910186740601226,-0.022569768225347637,0.02447119360740858,0.004562224750422559,-0.18559004786088235,0.045471754827500474,3.301802809126003,-0.03556659368616951,0.03560741293545403
57.54,straight,3.2974408796264782,1.4754986467782709e-05,3.2879828034317966,-0.02063428906048568,0.02271207223829274,0.0044051059942614235,-0.18506051290792122,0.04537092724219882,3.2986639486790934,-0.03550565845450823,0.03554146407965399
57.56,straight,3.294440866639704,1.4745632390022071e-05,3.2849775530988334,-0.02055879388113773,0.02264563603186072,0.004249967378182327,-0.18453519192485074,0.04527134525240362,3.2955264326438374,-0.03544400623550396,0.035475365221209566
57.58,straight,3.291440853775839,1.4736277313503335e-05,3.2819720537585573,-0.020483298200684907,0.022579362064249892,0.004096792114482653,-0.1840143983319556,0.045173103773051615,3.2923904511210322,-0.035381904766491334,0.03540937633314045
57.6,straight,3.288440841042359,1.4726924101685265e-05,3.2777349345362388,-0.037611085344603945,0.03911928147343282,0.003945522537546022,-0.18349725286381138,0.045075936199415495,3.2892559262024883,-0.03531933209697697,0.03534345895244738
57.62,straight,3.285440828442063,1.4717575942078609e-05,3.2849616349168347,-0.0286563597773546,0.028675081569776613,0.0037775879472570738,-0.18322564275614125,0.04497640869285554,3.2861049139277134,-0.03550966187538325,0.035530586048276726
57.64,straight,3.2824408159733167,1.4708232879344198e-05,3.283114278854698,-0.027521497979818257,0.02754444054325308,0.0037644071687493136,-0.18279694717785824,0.04487838534298495,3.283109042354507,-0.03553745929272193,0.03555844684832194
57.66,straight,3.2794408036375273,1.4698900331516343e-05,3.2801151589126625,-0.02760156319871778,0.027624494336738352,0.003751361151248563,-0.18237271901546206,0.04478142555047973,3.2801131368647494,-0.03556544188060809,0.035586492521178716
57.68,straight,3.276440791423113,1.4689572400943848e-05,3.277116867849813,-0.027682065665237395,0.027705005504933333,0.003738470542820767,-0.18195361834737905,0.044685731177014285,3.2771179277348987,-0.035593215461676785,0.03561434282000213
57.7,straight,3.273440779334422,1.4680247141332596e-05,3.27411799356907,-0.027763997449113904,0.02778693134680471,0.003725736531772407,-0.1815396492242847,0.04459130306897701,3.274122729201734,-0.03562140168507838,0.03564260640162842
57.72,straight,3.2704407673718237,1.4670927266191678e-05,3.2779135273415227,-0.037064990161340725,0.03782516897530911,0.00371314707667138,-0.18113076648219467,0.04449812545512572,3.274123721863833,-0.03551724736410689,0.03572228115973314
57.74,straight,3.267440755533869,1.46616131060923e-05,3.275811754421684,-0.038379556834407476,0.039296178345676176,0.0038008467466497772,-0.18086681245559189,0.04440748262959885,3.2710788158470216,-0.03568971451916519,0.035889245712843285
57.76,straight,3.2644407438190655,1.4652304719972379e-05,3.257310979990799,-0.04017544228027418,0.04081760937386745,0.0038894571331111955,-0.1806089761646267,0.044318027291516085,3.2681837608204223,-0.035856359705948394,0.036065768797323046
57.78,straight,3.2614407322180625,1.4642997851165503e-05,3.2525975616465974,-0.04068305910613972,0.041647384339250054,0.0037482030632864575,-0.18037074925973728,0.044227221691932286,3.262212364521627,-0.036173260164059966,0.03619612895970731
57.8,straight,3.258440720722774,1.4633696912072161e-05,3.2494739489405062,-0.04103886066639354,0.04202133262562292,0.003608934469977726,-0.1801387604660821,0.044137612205541105,3.2590890321549395,-0.036366317399672846,0.03638672711862362
57.82,straight,3.2554440813789256,1.4624419341156814e-05,3.2553793899599284,-0.01940180665741792,0.019416538845484988,0.003469672329188286,-0.17991377352749416,0.044049405040127054,3.2559696774851843,-0.03656297154473846,0.03658137200513901
57.84,straight,3.2525302971482546,1.4615407469321705e-05,3.25342491388904,-0.016815626480287015,0.016854001931686173,0.0034632903747980944,-0.17936772402071455,0.04396126798786654,3.253037546943996,-0.036432870257831415,0.03645101526264505
57.86,straight,3.2497215303624785,1.4606729691661548e-05,3.250633028813178,-0.016613029675159697,0.016652601053215865,0.0034569095484562437,-0.17882483498245866,0.04387429782485297,3.2502412384234796,-0.036294996373515916,0.03631332226581769
57.88,straight,3.2469044327537944,1.4598029680453543e-05,3.2478321456140082,-0.01640916488967812,0.01644994345225247,0.0034507910898388095,-0.178285175628124,0.0437885111252397,3.2474418332501696,-0.03615504767836166,0.03617363777585541
57.9,straight,3.244060274239132,1.4589249602487803e-05,3.235279077142584,-0.038675358808050654,0.03967393984912917,0.0034447861437963355,-0.17774788160951985,0.04370364053930016,3.2446040766261737,-0.03601805763418651,0.03603675016546277
57.92,straight,3.241194463699969,1.4580402195381931e-05,3.2385533352295197,-0.040423382021240566,0.040524120774628,0.0032958108432922873,-0.17753976790451564,0.04361850800567865,3.241603319957378,-0.036208374466691506,0.03622526221951525
57.94,straight,3.2383109703808373,1.457149903727472e-05,3.2364820899211155,-0.040649548825074586,0.040705226758609256,0.0032550188857957854,-0.1773221178201969,0.043534441927059506,3.2386931266205092,-0.036391167351761386,0.03640774456985864
57.96,straight,3.235412941101629,1.4562548356010158e-05,3.2335885522606036,-0.0409861254575483,0.041041257432013006,0.0032149178436466468,-0.1771109610409858,0.04345166218119735,3.2357703926105286,-0.036573895581698566,0.0365902041524227
57.98,straight,3.232502824528865,1.4553555029568002e-05,3.2306823630090906,-0.04132839745741316,0.04138301195614232,0.0031753656224699123,-0.17690590252656038,0.04337006534039336,3.232836762010425,-0.03675976182966578,0.03677583155082468
58.0,straight,3.2295830511519625,1.4544531193500751e-05,3.2277687492350555,-0.04167327777931328,0.041727283885224065,0.0031363377503752744,-0.17670665889326312,0.04328955201715812,3.229893324526432,-0.0369481121681765,0.03696395893086111
58.02,straight,3.226655345224586,1.453548228209368e-05,3.2335886224925616,-0.02247128083024841,0.023530454073720983,0.0030978633759744896,-0.17651305009461804,0.04321006902982116,3.226939894350483,-0.03713635173978813,0.03715197692710348
58.04,straight,3.2237211108704713,1.4526412665418104e-05,3.2316183225396933,-0.020220074464371064,0.021721073288432622,0.003188360144825527,-0.1760306776994003,0.04312952811245553,3.2241112489794785,-0.03704057489081733,0.03705715504940265
58.06,straight,3.2207814916211532,1.4517325901952138e-05,3.214549897067018,-0.03961829212455039,0.04011972526853834,0.003277530485288806,-0.1755525021282201,0.04305034372189193,3.22127642962702,-0.036945484529468296,0.03696331560856823
58.08,straight,3.2178373912134077,1.4508226781810801e-05,3.210046674804996,-0.042089000848117356,0.04281822904530746,0.0031557208096093963,-0.1753148223215892,0.04295666545450815,3.2182282368377857,-0.03713503203515817,0.03715159622379092
58.1,straight,3.2148895506596773,1.4499118935710535e-05,3.207112217206306,-0.04244518348543626,0.043166092740818444,0.003035648014169465,-0.17508396121388284,0.04286436364578226,3.2151766435107825,-0.037328888686034144,0.037344491361612185
58.12,straight,3.211938617899918,1.4489997658858671e-05,3.219958220113925,-0.009817850042995829,0.012688141327474606,0.0029172907478398117,-0.17485892628699332,0.042773119776169856,3.212123080857444,-0.037522444703750754,0.03753738794003371
58.14,straight,3.208985106309285,1.4480865173460028e-05,3.218744396566282,-0.005776103447898785,0.011347890244759774,0.003032741445054841,-0.17414967545420174,0.04268148995080979,3.2093000442412345,-0.037234098837552354,0.03724991108407237
58.16,straight,3.2060294520964163,1.447172530438974e-05,3.215772434173266,-0.00531267858470778,0.011104243791239385,0.0031464302405171465,-0.17344273337398242,0.04259119882073993,3.2064754395682376,-0.03694260753131635,0.036959770183338105
58.18,straight,3.2030719670376584,1.4462582321094016e-05,3.212799568128836,-0.004845977654687589,0.010874286288608164,0.0032583270086531677,-0.17273728622690718,0.0425020040931094,3.203645809232859,-0.036648316294651734,0.03666726946265289
58.2,straight,3.200112916394829,1.4453437042685977e-05,3.192962403645607,-0.038693424036256384,0.0393627947567843,0.003368510446663908,-0.17203384976268554,0.042414069948863736,3.2008120994377616,-0.03635291589175131,0.03637408980063186
58.22,straight,3.197152555355288,1.4444286500293778e-05,3.1908068828278977,-0.023718640426648365,0.024566783872260654,0.0032282853747114958,-0.17182161098893103,0.0423224543226701,3.1977262839072043,-0.036557771954665745,0.03657671616263402
58.24,straight,3.194191062673454,1.4435131234434515e-05,3.1881394165456625,-0.021537368164195575,0.022385322113852236,0.003129349580491649,-0.17133532067313756,0.04223214854699968,3.1946805517266097,-0.036486418966482345,0.03650413605875322
58.26,straight,3.1912285792158883,1.4425969581598235e-05,3.185171162032607,-0.021423261723645292,0.022277045507980743,0.0030316229176513493,-0.17085195149791946,0.04214283593267489,3.1916348963342123,-0.03641336309690786,0.03643005503527674
58.28,straight,3.188265162158558,1.4416794653829398e-05,3.1822016305755607,-0.02130870856525032,0.02216849319128825,0.002935077533302211,-0.1703717601763944,0.042054608884489454,3.1885899016629073,-0.036339199760902656,0.036355066942781386
58.3,straight,3.1853009553057205,1.4407614620742738e-05,3.179230820972261,-0.021193361828885312,0.022059374777974906,0.002839659797466907,-0.1698939565703376,0.04196721728594626,3.1855441070970163,-0.03626388157095686,0.03627910402733242
58.32,straight,3.182336079765264,1.4398433173696011e-05,3.19136182635213,-0.012939029098401725,0.015787823987684257,0.002745378048761123,-0.16941891994743727,0.04188078052641285,3.1824977516486506,-0.03618909842643352,0.036203857842244766
58.34,straight,3.1793705982060487,1.4389250297693405e-05,3.1900609855605193,-0.01174699513137573,0.01589385240783669,0.002874378702155849,-0.16882382894363399,0.04179434586757394,3.1796758854386167,-0.03599285193696401,0.03600853535221899
58.36,straight,3.1764045622065282,1.4380066163256082e-05,3.172135842673092,-0.039700119780577255,0.039943253053950065,0.0030014488671335406,-0.16823116957335874,0.0417090565881758,3.1768516738705834,-0.03579475540751152,0.03581192667551032
58.38,straight,3.1734380139600376,1.4370882032315324e-05,3.1675167312944628,-0.04316131757127049,0.04357983090630689,0.00290370689492094,-0.16797060615397222,0.0415977484363923,3.17380438263869,-0.036010892720179384,0.03602712649681538
58.4,straight,3.170470988895545,1.4361697957284726e-05,3.164560628138661,-0.04355622810721296,0.04396963338767928,0.002807378514721849,-0.16771697457053525,0.04148778934394491,3.170757360964642,-0.03622958688182848,0.03624507990908716
58.42,straight,3.167503515800547,1.4352510572216244e-05,3.1632084993828915,-0.018747448864892432,0.01924713892713196,0.002712444961701844,-0.16747021787814828,0.04137915946826574,3.167711972207773,-0.036449238875644815,0.036464187236996175
58.44,straight,3.164535618589696,1.434331816022004e-05,3.1604115390165166,-0.015774481395194155,0.016318548285768057,0.002642376433230914,-0.16685606710239015,0.0412708051989636,3.1646910758855236,-0.03629998374488847,0.036314659808580015
58.46,straight,3.1615673197011915,1.433412465562366e-05,3.15743418713331,-0.015538267118549639,0.016092426487445348,0.002573063673579661,-0.16624497774277058,0.041163679182436054,3.161670401884676,-0.03615004152309187,0.036164522559104025
58.48,straight,3.1585986357743963,1.43249335119564e-05,3.1544568221643967,-0.015300133693326529,0.015864654519185888,0.0025045326520699174,-0.16563787276138153,0.0410580761394511,3.1586494055295526,-0.035998999040651826,0.03601335976045721
58.5,straight,3.155629581268016,1.431574524738971e-05,3.1485257797567585,-0.040652981083882135,0.04128308403329232,0.002436775167588834,-0.16503437453428121,0.04095388308428373,3.1556290658574158,-0.035846314718544874,0.035860630467496164
58.52,straight,3.1526601698543004,1.4306556469317525e-05,3.1634652083705666,-0.009425886954924235,0.014348035087444953,0.00232637653861749,-0.16481305315145772,0.04085171622915994,3.152564865681705,-0.036069042771750826,0.036083475187787546
58.54,straight,3.1496904122109157,1.4297366961277656e-05,3.1625066604231145,-0.005222214612037136,0.013844756261591646,0.0024858433986426473,-0.16409308854452384,0.0407511531124944,3.1497700222655594,-0.03578718021180156,0.035801566091212524
58.56,straight,3.146720317057458,1.4288173700955117e-05,3.159519845529447,-0.004752019713880219,0.013658170447921537,0.0026429421554164463,-0.1633748747448867,0.04065183236275667,3.1469731638821257,-0.035502472499929556,0.035517660681197626
58.58,straight,3.1437498919954265,1.427897924190711e-05,3.156532287826814,-0.004278595600422819,0.01348400590874236,0.002797710239116563,-0.16265884000261419,0.04055389346205824,3.1441721942785206,-0.03521503714518149,0.03523184715300725
58.6,straight,3.1407791441071424,1.426979067845041e-05,3.1535440935349497,-0.0038023048409172805,0.013323294480458539,0.0029501942888433314,-0.16194499501007276,0.04045734461446699,3.1413686213047374,-0.034925300527777974,0.03494454259830633
58.62,straight,3.137808081409787,1.426060158713427e-05,3.1496406634792304,-0.02222036556038962,0.025187072060741278,0.003100379164244371,-0.1612321863864922,0.04036182343911581,3.138561780879442,-0.034633460187614075,0.03465591751457468
58.64,straight,3.1348367095764047,1.4251411596732716e-05,3.146563493915401,-0.024258987167245453,0.026957514389103494,0.0032351586757886903,-0.16080804462428067,0.04027037370819586,3.135739121122182,-0.03461571894544075,0.034641726191505635
58.66,straight,3.1318650337501595,1.424222075733884e-05,3.1270240751700342,-0.04242966789898774,0.04271908690769838,0.0033681020386384392,-0.16038820336145349,0.040180196469482836,3.1329140197862975,-0.03459859473245934,0.03462872873285958
58.68,straight,3.12889305854668,1.4233027292842759e-05,3.1222229255645995,-0.044841502002469495,0.04534895411207284,0.0032554877527158103,-0.16024116347323322,0.040091577860473855,3.1298429177466924,-0.034848647420738406,0.034875817777273235
58.7,straight,3.125920788219787,1.422382948443137e-05,3.119263216566202,-0.045280937496318785,0.04578181844196622,0.0031445379998282564,-0.1601012153709401,0.04000435396953882,3.1267726553838866,-0.0351006104364649,0.0351251656677995
58.72,straight,3.1229482270492355,1.421462870809261e-05,3.1197139781786327,-0.03720252961775935,0.03735701297031071,0.0030352262539234585,-0.15996821118008095,0.03991847362522931,3.1237037010275204,-0.03535521645020431,0.03537749843866579
58.74,straight,3.119975378954692,1.4205426563454372e-05,3.117126416398694,-0.03651028749903276,0.036635436002829355,0.002977635282940963,-0.15971408106843418,0.03983308206581453,3.1206858402036453,-0.03548611247990408,0.035507426359094575
58.76,straight,3.11700224766804,1.4196224603042563e-05,3.1141597519672355,-0.03674628565304096,0.036870215753175166,0.002920870460213546,-0.15946524714610502,0.03974887116793161,3.117669001101506,-0.03561826620491829,0.03563870001742892
58.78,straight,3.114028836439303,1.4187026039445573e-05,3.1111927266553603,-0.03698381950003652,0.0371065493627491,0.002864890365655933,-0.1592206934725079,0.03966551160616865,3.114652571448693,-0.03575123136755955,0.03577085682830546
58.8,straight,3.1110551481552022,1.417783480277836e-05,3.1033614118918895,-0.04438208075052627,0.045057977696128536,0.002809740773397916,-0.15898213198364172,0.039583552155121604,3.1116367412706385,-0.03588551683452225,0.03590440541079446
58.82,straight,3.1080811867199998,1.4168645652252842e-05,3.0992288662571483,0.0023174980528798263,0.009147070784421524,0.002683846168860683,-0.15885546157389457,0.03950316873393805,3.108549910748776,-0.0361274142760151,0.03614462225973471
58.84,straight,3.10510695542051,1.4159455061929973e-05,3.0961593944756456,0.008326659950398529,0.012212964887652526,0.00255047755005052,-0.15802975819463877,0.03942383046439962,3.1054547422192864,-0.03566688329113182,0.035682737662812665
58.86,straight,3.102132457233452,1.4150261728285288e-05,3.0931555313354937,0.009143739253519243,0.012803694534643773,0.0024184590213666922,-0.15720291776536424,0.03934554288063394,3.105332293675646,-0.03508296211412407,0.03524267654960388
58.88,straight,3.099157695009211,1.41410690529198e-05,3.0902856274497807,0.009970430018221567,0.013335714169793554,0.0022877757384789465,-0.15637487325571317,0.03926829255509722,3.1020904283812833,-0.03461770866417951,0.03475580442137482
58.9,straight,3.0961826716486343,1.413187507683841e-05,3.0872959276735306,0.010800185286918474,0.013975448711298768,0.002160377902648226,-0.15554549939402718,0.03919206261199947,3.099000492312712,-0.034141586285622694,0.034271755081525135
58.92,straight,3.0932073900112442,1.4122677915204632e-05,3.105497644500785,-0.021725346212938628,0.02497308277073691,0.002034247216472768,-0.1547148823519681,0.03911686568284273,3.0930871231743224,-0.03376655359022707,0.0337808903560148
58.94,straight,3.09023185289864,1.4113479733173839e-05,3.1047412382551163,-0.025363987167815072,0.02923303364175227,0.0022218396621536012,-0.15438523125123038,0.03904633743037102,3.0903104287688974,-0.03377089881658835,0.03378510367055255
58.96,straight,3.0872560630164827,1.4104280539119602e-05,3.084267628629261,-0.0436212393207897,0.04373755767407179,0.00240493024541909,-0.15405844245895872,0.03897661511821996,3.0875290799089954,-0.033776840554770725,0.03379204774923459
58.98,straight,3.084280022930983,1.4095077791948003e-05,3.0793592657745004,-0.04605968648682586,0.04633580903207789,0.0023261204947719236,-0.15393807054094916,0.03888668179740621,3.084484678373843,-0.03405217338489214,0.03406688319793809
59.0,straight,3.081303735134213,1.4085868699308249e-05,3.0763929220324755,-0.04651376368351548,0.04678628933003485,0.0022485024245367975,-0.15382316630126963,0.03879765918662558,3.0814414703742945,-0.03432518106997131,0.03433954316646681
59.02,straight,3.0783272023836616,1.407665914473321e-05,3.0776756214118537,-0.012105589429993341,0.012137168692698704,0.0021720767088665195,-0.15371542764136267,0.038710097471680104,3.0784040744163086,-0.03459981339813969,0.03461397541755608
59.04,straight,3.075350427138261,1.406745438882944e-05,3.0751561183909106,-0.007905738493219554,0.007922189226285245,0.0021590900076890085,-0.15309543792977576,0.03862193858059162,3.0754279943973173,-0.03436377099882888,0.03437792596122128
59.06,straight,3.072373412190572,1.4058249580718981e-05,3.072163512801137,-0.007492708460752172,0.0075097006729328035,0.002146006881632787,-0.1524767911824639,0.038534893827577875,3.0724489602558434,-0.03412803653657594,0.034142178370705524
59.08,straight,3.0693961598596786,1.4049047162085454e-05,3.0691707280570317,-0.007073425392930771,0.007091058696458109,0.002132879094263112,-0.1518590621162606,0.03844882985856156,3.06947075510234,-0.03388888659362011,0.03390301770511362
59.1,straight,3.066418672565135,1.4039846961810616e-05,3.0606489796188425,-0.04234174877599289,0.04274695529001936,0.0021196910808464263,-0.1512424332865633,0.03836382137406394,3.0664932811730377,-0.03364794905639672,0.033662071584710976
59.12,straight,3.0634409529999402,1.4030644912951346e-05,3.0711501769445952,-0.007076852876918184,0.010474386041626423,0.002024714028616864,-0.15114106732337326,0.03827626063481246,3.063433666056197,-0.0339323803441252,0.03394641177114659
59.14,straight,3.060463003548165,1.4021440985481972e-05,3.06972395620786,-0.0022355807817692006,0.009530265176045317,0.0021384012141550824,-0.15046326503281815,0.03818993680344026,3.0605833838642296,-0.033632468401057804,0.03364670518953108
59.16,straight,3.0574848264846253,1.4012232815785426e-05,3.0667276469057074,-0.0016907610673563488,0.009398722324941464,0.0022503375477770232,-0.14978635399326318,0.03810486321218607,3.057727422290073,-0.03332532819761904,0.03334022305056232
59.18,straight,3.0545064240061777,1.400302193637389e-05,3.0637326936934315,-0.0011491004687182763,0.009299293632954694,0.002360560376212269,-0.14911009630127264,0.038020950966900134,3.054872671604138,-0.03301782513396219,0.033033858518553734
59.2,straight,3.051527798637423,1.3993812616900463e-05,3.060735900017703,-0.0006006923574660544,0.009228595240728818,0.002469069681419025,-0.14843464349712066,0.03793823654634442,3.0520141004232237,-0.032706546132183795,0.03272415352161414
59.22,straight,3.0485489527581677,1.398460187700985e-05,3.0509618322227703,-0.012716256090328325,0.012956890652937583,0.002575882392426815,-0.1477595741247978,0.03785660008186856,3.049152937632073,-0.032393699606769515,0.03241331197972931
59.24,straight,3.0455698886325138,1.3975389243240186e-05,3.047219777641794,-0.013846287240639304,0.013958116417062258,0.0025814550316108353,-0.14727630198899358,0.037777689802553374,3.046190829121168,-0.03226286776546671,0.03228281541508108
59.26,straight,3.0425906084991823,1.3966174710510944e-05,3.038879032824104,-0.04340955313801934,0.043581851997073914,0.0025868136679702103,-0.14679502280846923,0.037699861987755635,3.0432274293698143,-0.032130742434189556,0.03215101603950281
59.28,straight,3.0396111145764024,1.3956958273678806e-05,3.035315246548379,-0.047151122338611906,0.047360312363789375,0.00251167673358545,-0.14670568761656047,0.03760708433004899,3.0401854155210426,-0.03243652303119155,0.03245556151296258
59.3,straight,3.0366314090308038,1.3947738198541456e-05,3.0323486203707235,-0.047657129530856504,0.04786307435486284,0.002437699805489155,-0.1466234026597276,0.037515669076940365,3.037144431466487,-0.03274312684511095,0.032761091667952935
59.32,straight,3.0336514939665733,1.3938512827159479e-05,3.035387292710367,-0.02749018774646048,0.027558845377950655,0.0023648861770063905,-0.14654872315398235,0.03742579857578513,3.0341026756690397,-0.0330541219981039,0.03307113833667112
59.34,straight,3.030671371172886,1.3929277628557029e-05,3.03307272457127,-0.02524042977533999,0.02536827052284376,0.0023815193346084134,-0.14617391326404777,0.03733634241704131,3.03115144533272,-0.033062362258832835,0.03307977528647871
59.36,straight,3.027691043123113,1.3920037580878244e-05,3.030087706933008,-0.025236053862024967,0.02536346150170432,0.0023978439865192363,-0.14580207603900838,0.0372478315900738,3.0281985508498344,-0.03306850480669103,0.03308631737848111
59.38,straight,3.0247105121571707,1.3910799875974198e-05,3.027103098701996,-0.025235135434231504,0.025362153025848874,0.002413889251110132,-0.1454340790468939,0.03716054833203831,3.02524611795003,-0.03307586465080391,0.03309410994333828
59.4,straight,3.021729780363387,1.3901563888643191e-05,3.016584616249279,-0.045274842770399976,0.04558007324629549,0.0024296371023007526,-0.14506942075426527,0.03707431902060832,3.0222941877439586,-0.03308298423013375,0.033101697916478615
59.42,straight,3.0187488498283415,1.3892327940327375e-05,3.024393427826617,-0.019578156252302175,0.02038895849103627,0.0023347590139133636,-0.14502090807258425,0.036995064995540866,3.019228259719658,-0.03338381897406179,0.03340115198695656
59.44,straight,3.0157677225826944,1.3883091881752248e-05,3.0226973888810904,-0.016278113261514744,0.017704502822339003,0.002412250217040669,-0.14456095285019294,0.03691688481722245,3.016336227651465,-0.03326955280598031,0.03328829078189974
59.46,straight,3.012786400609997,1.3873854388056727e-05,3.0197074794722174,-0.01605667067028198,0.01749753508173301,0.002488599717928016,-0.1441035611426712,0.03683993987616021,3.0134412634799346,-0.033153137261107614,0.033173475424107084
59.48,straight,3.0098048857754947,1.386461754671591e-05,3.0167164328190537,-0.015833855124752758,0.017289294478543587,0.002563792242556615,-0.14364738764898158,0.03676378618046067,3.010544278035501,-0.03303472284373854,0.0330568575956696
59.5,straight,3.0068231801572978,1.3855383367881266e-05,3.0137234469119614,-0.015611047046158212,0.017080727654808097,0.002637854894877901,-0.14319300547415584,0.03668861262239703,3.007646037842161,-0.03291571805823633,0.032939852789828056
59.52,straight,3.0038412858186376,1.3846149385717319e-05,2.9930367007016967,-0.01284421858485081,0.016794906616562015,0.002710777879012859,-0.14274047960700514,0.03661444020407245,3.0047473821762636,-0.032795497487261974,0.03282185309328127
59.54,straight,3.00085920469337,1.3836915132365133e-05,2.9880761766204342,-0.012266621006220472,0.017726123475582046,0.002522160675004343,-0.1422518278689484,0.03654108436700494,3.001586569571857,-0.032637335880055685,0.0326592734849948
59.56,straight,2.9978769386958817,1.3827680619264119e-05,2.9923326674418087,-0.044459259235964756,0.044817344897135264,0.002335817824820457,-0.14176308875124827,0.03646826646300699,2.99842825944523,-0.032475756408135444,0.03249426147535784
59.58,straight,2.994894489720764,1.381844623668994e-05,2.9901662190520173,-0.048509390403970475,0.04875303416852896,0.0022565714191688834,-0.14169134374815692,0.03637556908170952,2.995378341642058,-0.03279058185373553,0.03280796841809254
59.6,straight,2.991911859648937,1.3809211911461688e-05,2.987197149609174,-0.04903487192998893,0.0492747563415473,0.0021785228384004,-0.14162577145093488,0.03628392291622939,2.992329716065611,-0.03310744537404205,0.033123890310959886
59.62,straight,2.988929050281655,1.3799974800146928e-05,2.9935228331640937,-0.014058532090239462,0.014803154086873816,0.0021016710677359213,-0.1415669567038633,0.03619351952641535,2.9892814561766055,-0.033428080855456954,0.03344373758089716
59.64,straight,2.9859460634438904,1.3790733585297654e-05,2.991563100614781,-0.00984448480662886,0.01134621977602909,0.002162644237932686,-0.1409871466192547,0.036102609854315355,2.9863714386993765,-0.03322830319547832,0.03324481542882541
59.66,straight,2.982962901061825,1.3781491913036493e-05,2.9885684668051473,-0.009483565133253002,0.011028234682906571,0.0022226520579350724,-0.14040989896165784,0.03601316850002502,2.983460387333283,-0.033024757973996066,0.033042284767108986
59.68,straight,2.9799795648242053,1.377225419899045e-05,2.985574601772152,-0.009121665091447894,0.01071263991484481,0.0022816834613534885,-0.1398341595687854,0.035924843783765904,2.980547940752091,-0.032819087021793855,0.03283777853985481
59.7,straight,2.976996056489753,1.3763020691828012e-05,2.972640923516481,-0.044437973926825886,0.044664573219344604,0.0023397690220408837,-0.13926000013463802,0.03583765641428208,2.9776341677646307,-0.032611862516110326,0.03263186521893536
59.72,straight,2.9740123780292294,1.375378725116434e-05,2.973226033137945,-0.010060803351445562,0.010105198653609627,0.0022495744457939285,-0.13917546837613046,0.03573916521103309,2.974571473243931,-0.03292607134694006,0.032944569618226886
59.74,straight,2.97102853118804,1.3744553497972903e-05,2.9707470639569094,-0.0053820759917100015,0.005403156777133967,0.002229374995543564,-0.13852749810401122,0.035642067371235514,2.9715787399990288,-0.03267264084063658,0.03269101588922532
59.76,straight,2.9680445176216637,1.3735316447747414e-05,2.967747271487488,-0.004909771182950832,0.00493247113665172,0.002209223116688536,-0.13788071658878853,0.035546236813121516,2.968586658244349,-0.03241680975961927,0.03243507623523614
59.78,straight,2.9650603390186916,1.3726080059850089e-05,2.964749309695047,-0.004433612530581849,0.004458201426345761,0.002189129082769739,-0.1372357320366278,0.0354518838759496,2.965595523796459,-0.03215803321895929,0.03217621045338277
59.8,straight,2.9620759971631685,1.3716845645635311e-05,2.961751057234187,-0.003953762454450275,0.003980763488846821,0.0021690900120948826,-0.13659197639467072,0.03535882414066261,2.962603144086198,-0.03189605419788022,0.03191412495947054
59.82,straight,2.9590914937549684,1.3707611879854707e-05,2.9559958091882272,-0.014507483806908828,0.014847500232627086,0.0021491112911202945,-0.13594921870405616,0.035266984108438856,2.959610341337694,-0.031630313320558885,0.031648274259218644
59.84,straight,2.9561068304659557,1.3698377723012068e-05,2.952697017170228,-0.015493310347972584,0.01587747292016335,0.002088759017081315,-0.13547464172927748,0.0351779724374294,2.9565767379324783,-0.031523789857377325,0.031540988843189205
59.86,straight,2.953122008936802,1.3689143126421138e-05,2.9492849521619613,-0.04582105572694902,0.04599507410580243,0.0020290648858349433,-0.13500146355548814,0.035089824148219595,2.953543496582942,-0.0314154377310824,0.031431952976405456
59.88,straight,2.950137030770776,1.367990632835337e-05,2.946265571134555,-0.04969908764227346,0.049863287667944685,0.0019639671502848857,-0.13498365522720843,0.0350040606038632,2.9505038009764135,-0.03175420132437344,0.031769998398988294
59.9,straight,2.9471518975893503,1.367066784264924e-05,2.9432942560164075,-0.05026656591128049,0.05042800401520854,0.0018999222710312166,-0.1349727819842564,0.034919558760629466,2.9474641325747495,-0.03209628983154472,0.03211147853896367
59.92,straight,2.9441666109514557,1.366142670345974e-05,2.9412473840706066,-0.006516659610859455,0.007153109703863686,0.0018369095544125212,-0.13496857318266156,0.03483621801538036,2.944425759813425,-0.03244111259767192,0.03245580864969984
59.94,straight,2.9411811724251464,1.3652182049286467e-05,2.938351136129197,-0.001158951341759742,0.0030633485698561102,0.0017883114251183443,-0.13431165320271465,0.03475161628724756,2.941402111723502,-0.03213676655541886,0.032151177881503824
59.96,straight,2.9381955836544336,1.3642937377882547e-05,2.935349127269388,-0.0006099780158474538,0.002913969293810228,0.0017401009667244263,-0.1336543559543313,0.03466788357362907,2.9383791170723104,-0.031828544762460186,0.0318427166244841
59.98,straight,2.935209846103561,1.3633696125119066e-05,2.932346507057835,-5.7557216744388555e-05,0.0028642239152784467,0.0016922719599645848,-0.1329967767560643,0.03458505752289461,2.935356118555574,-0.031516849090763355,0.03153082206991262
60.0,straight,2.9322239610938112,1.3624462262775129e-05,2.929342353769619,0.000498791423500061,0.0029221649082682255,0.0016448521712164852,-0.1323401938209466,0.03450357508050211,2.932332074267668,-0.031201516347522596,0.03121532803340515
60.02,straight,2.9292379304970524,1.3615228440776e-05,2.9195104729646895,-0.033055438843280355,0.03447007060106405,0.00159781235717448,-0.1316838184062605,0.03442317142025144,2.929308993577914,-0.030883169382973426,0.030896866334396807
60.04,straight,2.9262517558061063,1.3605994167527842e-05,2.915769570737592,-0.03704262810004711,0.038510267319973535,0.0014502644798884178,-0.13151575166765556,0.034339091122855124,2.9291699107004434,-0.030961265827190908,0.03111202841887569
60.06,straight,2.923265438493928,1.359675945087365e-05,2.9129235119498125,-0.037319968384195226,0.038739521563627366,0.0013047410177908652,-0.13135251264313116,0.03425612466862319,2.9258990118606176,-0.031148990153444273,0.0312736715430325
60.08,straight,2.920278979963257,1.3587521723148577e-05,2.9099592052533643,-0.03760352975044327,0.03900698991117952,0.0011631954186140114,-0.13119401531532152,0.034174262653126966,2.9227802945660537,-0.0313315850445005,0.03144481543829609
60.1,straight,2.9172923815201983,1.357827716458928e-05,2.906978609473837,-0.037887868092706986,0.03927968343498404,0.0010236072662807062,-0.13104024870637437,0.03409347367168066,2.916827257839264,-0.03160863636223171,0.03162563515154463
60.12,straight,2.9143056448394447,1.3569032057337096e-05,2.9129128315195802,-0.0253791049726863,0.025430843911580576,0.0008859457477649354,-0.13089127684636864,0.03401377459929762,2.9137132556274006,-0.03179504929092167,0.03181413403812057
60.14,straight,2.9113187713432183,1.355978744814499e-05,2.9109138524403644,-0.023965014343800363,0.023981992758852808,0.0008812737539658591,-0.13055570661216687,0.03393412492308492,2.910730738724574,-0.031792273395107574,0.0318112685505805
60.16,straight,2.908331762430919,1.355054335916422e-05,2.9052734210684448,-0.047679687438953434,0.04779119585370223,0.000876590986591848,-0.13022249516017528,0.03385529671040727,2.90774765368657,-0.031789870961042216,0.03180878498798477
60.18,straight,2.905344619454283,1.3541302097392757e-05,2.902003267639538,-0.050837289157001586,0.05096049048360824,0.0008316885556098821,-0.13019666008114705,0.033762050413404354,2.9047270666469953,-0.03213728716793898,0.03215675889730634
60.2,straight,2.9023573438121275,1.3532062502138537e-05,2.8990290351283283,-0.051421136700130946,0.05154224276665148,0.0007875591534568814,-0.1301787512587923,0.03367037370415046,2.901706886121308,-0.03248751245483644,0.03250755281354736
60.22,straight,2.8993699368390224,1.3522825362620165e-05,2.9084617333504745,-0.012353027981252658,0.015349017644730538,0.0007441657523847045,-0.13016774955846783,0.03357991544025231,2.8986896124342643,-0.03284048670499844,0.0328610526842456
60.24,straight,2.89638239976442,1.351359254506255e-05,2.9068454882515806,-0.007640656629335106,0.012963893800694081,0.0008839167315197481,-0.12957501509810868,0.03348893213392937,2.8958524130631353,-0.03260992354342181,0.03262774182299352
60.26,straight,2.893394734132812,1.350435884661676e-05,2.9038522950458168,-0.007237524880402155,0.012725486445619407,0.0010216753008885494,-0.12898354669565584,0.03339909121219285,2.8930145724151224,-0.03237879109334354,0.0323945261980103
60.28,straight,2.8904069412092923,1.3495127013858333e-05,2.9008575644099364,-0.006829415399208757,0.012491635191268113,0.0011574988956884601,-0.12839337635107415,0.033310394136276046,2.890172570275104,-0.032144520963616266,0.032158870139045906
60.3,straight,2.887419022262762,1.3485899124561587e-05,2.8850766415574114,-0.04648100008990915,0.04655345287680872,0.0012914213052492296,-0.12780455785273018,0.03322287249022596,2.8873282962935747,-0.03190633663964422,0.03191995147408555
60.32,straight,2.884430978680541,1.3476670805284628e-05,2.8959926233597137,-0.018551187697913567,0.02187049132531367,0.0012356525124449763,-0.12781967328709573,0.03314102644697334,2.884292239823573,-0.03225741538725961,0.03227119028938519
60.34,straight,2.8814428117369033,1.3467439164917697e-05,2.894700805662064,-0.014737808515666327,0.01983367200533427,0.001406166235228688,-0.1273574691254565,0.03306022901681288,2.8814845413095194,-0.03212787338665602,0.032141367914866575
60.36,straight,2.8784545226165505,1.3458201670843088e-05,2.891704255739735,-0.01448965843306075,0.01964423121316381,0.0015743241297620945,-0.12689795357291575,0.03298080979149774,2.8786747337685092,-0.0319945290091494,0.03200874471514743
60.38,straight,2.875466112491196,1.3448957866575986e-05,2.888710113363646,-0.014243960582896216,0.019459632214471275,0.0017401354082024875,-0.12644098118379568,0.03290272141908806,2.875862707303624,-0.03186177361157192,0.03187768971077556
60.4,straight,2.872477582833227,1.3439714197106626e-05,2.8857168918420744,-0.013993265300428834,0.01927348148100118,0.0019036483328488851,-0.12598591623863392,0.03282573593663784,2.873046384287649,-0.031725907355570376,0.03174444341155961
60.42,straight,2.8694889348624315,1.343047097023171e-05,2.869767422875029,-0.008743753767664654,0.008761611230964077,0.0020649431986101193,-0.12553315093702277,0.03275000284758992,2.870224864606785,-0.03158811461511972,0.031610113008605334
60.44,straight,2.86650016978885,1.3421227717703817e-05,2.865326544132271,-0.007814923771279767,0.007915831137986041,0.0020333512952684144,-0.1250066940295828,0.03267466786237344,2.8672128218378767,-0.03137419761354161,0.03139570813769231
60.46,straight,2.86351128881077,1.3411984456717669e-05,2.8599924517997994,-0.04721395393542532,0.04735827599945135,0.002001984811569048,-0.12448098407826579,0.03260031485695213,2.8642011437822292,-0.031159609845916987,0.031180654097029505
60.48,straight,2.8605222931099945,1.3402742215265539e-05,2.856754949838633,-0.0521527467415681,0.052302007870527335,0.001935629974934116,-0.12450795594916202,0.03251521535266701,2.8611560849761846,-0.03152746637779781,0.03154723628109827
60.5,straight,2.8575331838691085,1.3393500240955113e-05,2.853782177985033,-0.05277672411770033,0.052923213840983266,0.001870333399650221,-0.12454276918608766,0.03243160569367023,2.858112698363205,-0.0318985232233642,0.0319171782277691
60.52,straight,2.8545439622014896,1.3384255360528607e-05,2.8558003416583215,-0.01579056554050457,0.01585381085070002,0.0018060743932449654,-0.1245839342453134,0.032348957233743564,2.8550696078105906,-0.03227331364421103,0.0322909765192161
60.54,straight,2.8515546292016865,1.3375005161802751e-05,2.853363886372827,-0.011390151870926075,0.011546161125022554,0.0018161638346737513,-0.12407288202536482,0.03226551218402585,2.8521011339017366,-0.03209735131892473,0.03211537657334195
60.56,straight,2.848565186158922,1.3365755151505214e-05,2.8503700368117477,-0.011072406503336647,0.011231733278798579,0.0018260235432085077,-0.12356287344246485,0.03218299363220006,2.8491307136851987,-0.031918559257268435,0.031936932482343805
60.58,straight,2.8455756341717233,1.3356507723082424e-05,2.8473751002197587,-0.010753281085655597,0.01091597742417907,0.0018356891694021158,-0.12305467230377304,0.032101670452749434,2.8461604602655246,-0.03173759796993592,0.03175634002529834
60.6,straight,2.8425859742824287,1.334726624222373e-05,2.839490314333621,-0.04771910740446508,0.047832732928505976,0.0018451436281934188,-0.12254843347572446,0.03202159569287608,2.8431886633464254,-0.0315556386589563,0.03157473842256249
60.62,straight,2.8395962077263874,1.3338025536377835e-05,2.842073269235444,-0.008814218525956295,0.009168510696369927,0.001782219154958035,-0.12258398242764611,0.03193964315928016,2.8401437028551797,-0.03191796542970715,0.0319359967946344
60.64,straight,2.836606335600223,1.332878483263192e-05,2.839749069146409,-0.003584415055883976,0.004777084349866253,0.0018101440630465915,-0.12198492187878567,0.03185874072468464,2.8371905885600444,-0.031643517550577066,0.031662237309211146
60.66,straight,2.833616358926747,1.3319540922890548e-05,2.8367441881600297,-0.00307957367387859,0.0043987843946643,0.0018374838019116306,-0.12138633915336954,0.031778977429168825,2.834237253204697,-0.03136590983785307,0.031385371530543126
60.68,straight,2.8306262787154566,1.331029506393563e-05,2.833739997274701,-0.002571170011837892,0.004046576543567023,0.0018642389220996358,-0.12078780886538239,0.031700213404881064,2.8312822783738008,-0.031085321101472562,0.031105549509523107
60.7,straight,2.82763609593826,1.3301056561942455e-05,2.830735317768919,-0.002058286026803488,0.0037278209452170975,0.0018904442915732458,-0.12018941458878833,0.031622482401164685,2.828326370058953,-0.03080078658550757,0.030821818174384837
60.72,straight,2.8246458119143085,1.3291818349614021e-05,2.8218628672455655,-0.0017809382869770525,0.0033111995862747413,0.001916100848956448,-0.11959109371517584,0.03154576699741065,2.825370523626061,-0.03051347617650862,0.03053536918520967
60.74,straight,2.821655427696271,1.3282579918651087e-05,2.8182056261991204,-0.0012897448772465447,0.0036876836800177827,0.0018548554326336196,-0.11899641117432784,0.03147008955148195,2.82232666674881,-0.030226200138251516,0.030246931694440767
60.76,straight,2.818664944303478,1.3273341299335566e-05,2.8168897017773213,-0.04721007858986131,0.04725670802797132,0.0017941990081166146,-0.11840101654696208,0.03139516216461698,2.819283484474625,-0.029936422818331674,0.029956082721169314
60.78,straight,2.8156743627474725,1.3264102443135476e-05,2.814098764357915,-0.05291180086393419,0.05294851284012079,0.0017586406346712588,-0.1184750141496954,0.031316254456295295,2.816265785379481,-0.030326571939750933,0.03034559987538342
60.8,straight,2.8126836840316827,1.3254863328882629e-05,2.8111247246653965,-0.05357644777088757,0.05361237341071068,0.0017237147814278084,-0.11855484847104925,0.031238067674053915,2.8132495937523205,-0.03071992237388392,0.030738387025116453
60.82,straight,2.809692909085541,1.3245620351361034e-05,2.8169662180414012,-0.016124567882731,0.017701131258415718,0.0016894552704562673,-0.11864179747771289,0.031161047629457487,2.8102334729485934,-0.031116844550657254,0.031134783174853894
60.84,straight,2.8067020388670443,1.3236373339026782e-05,2.814950436482495,-0.011700956053392938,0.0143268408043462,0.0017854553274690914,-0.11816939866821247,0.031083251155080264,2.8073474484724277,-0.03095662803436271,0.03097658882107828
60.86,straight,2.803711074461404,1.3227128088143003e-05,2.8119523729127756,-0.011414884090169131,0.014089738329061935,0.0018800570328928986,-0.11769782802964579,0.031006247759546746,2.804459294837395,-0.030793799868823815,0.030816111794311596
60.88,straight,2.8007200166757826,1.3217890955280651e-05,2.808953810651908,-0.011127876434508258,0.01385349580467528,0.0019733026195522183,-0.11722787338138278,0.03093032233001384,2.801570194241894,-0.030629306772323575,0.03065431649268292
60.9,straight,2.797728866470308,1.3208659758585534e-05,2.7954368142753645,-0.04875374057348904,0.048820782877607535,0.0020651972897979586,-0.11675960755359056,0.03085549915546776,2.7986797148929194,-0.030462780234058014,0.03049081848325517
60.92,straight,2.7947376250186267,1.3199427496732988e-05,2.7978799416959417,-0.0012096082151083992,0.003371855962425679,0.0020000868494009986,-0.11681563485938645,0.0307691357494242,2.7956325454876603,-0.03085137728882869,0.03087754813005451
60.94,straight,2.7917462932534534,1.3190193933267976e-05,2.7956070232673538,0.005152352328209472,0.006427769728499136,0.002033007082365753,-0.11610857856246266,0.030683865423736575,2.7926830996052687,-0.03047416356609241,0.030501743317878627
60.96,straight,2.7887548720572966,1.3180956629769314e-05,2.7925975505297758,0.005840663885987483,0.006980382162518806,0.0020652377977148483,-0.11540036267960081,0.030599538668067902,2.7897318922082706,-0.0300922993533839,0.03012132986891565
60.98,straight,2.7857633622440545,1.317171622803811e-05,2.789587743681834,0.0065326843091247965,0.007558434879693754,0.002096794430922429,-0.11469126146676568,0.030516262554952236,2.786780246707545,-0.029706969381213574,0.02973753252816928
61.0,straight,2.7827717648309545,1.3162478972270353e-05,2.7865775802652464,0.0072304804374745,0.008159283647111028,0.0021276888499843247,-0.113981757696763,0.03043421324793014,2.783827428278607,-0.029317161803458062,0.029349315968642806
61.02,straight,2.779780080764624,1.315324101224545e-05,2.783190513545646,-0.020308356271846042,0.020605698256430383,0.0021579171552914833,-0.11327120526299853,0.03035316795916029,2.780874418607961,-0.02892271699242062,0.02895655645068014
61.04,straight,2.776788310931394,1.3144001716041146e-05,2.7801544776103566,-0.02337282963400187,0.02362699390529929,0.002182192039799833,-0.1129857928057967,0.030276933676432707,2.7779153865288837,-0.028939690859959167,0.028974763949511158
61.06,straight,2.7737964562058295,1.3134761074423886e-05,2.7707294099434945,-0.050129747454790416,0.050236594328132926,0.002206117332604048,-0.112703185541697,0.03020172615026137,2.7749557217205623,-0.02895678042885385,0.0289931006042004
61.08,straight,2.7708045174553604,1.3125519078138363e-05,2.7670364218748262,-0.05370857645640781,0.05385368889358436,0.0021343900697812605,-0.1127906309350011,0.030117966157767344,2.771900694551244,-0.029366959304282663,0.029400527009790414
61.1,straight,2.7678124954995837,1.311627292072225e-05,2.7640598902629643,-0.05438692532852827,0.05452931846540249,0.0020637908379982414,-0.11288442854412446,0.03003515057475081,2.76884655832254,-0.02978034353166232,0.02981139938092685
61.12,straight,2.764820391056233,1.3107017479158291e-05,2.7707553205798012,-0.021396744753209775,0.022217226228595545,0.0019943167023502876,-0.11298498488564766,0.029953417198377855,2.7657934306253478,-0.030196956108745177,0.030225729438568102
61.14,straight,2.7618282050672605,1.3097755167315242e-05,2.768835773183934,-0.017582834775499257,0.0189399802675079,0.002068198414529106,-0.11259288579576536,0.029871364458605217,2.7628840788920015,-0.03012182857508032,0.030153418619838536
61.16,straight,2.7588359385024006,1.3088493038266483e-05,2.7658393307648197,-0.017425357296063537,0.01879220303000034,0.002141045934510061,-0.11220379388205694,0.029790702210978525,2.7599735732030943,-0.030045633871445283,0.030080242733351175
61.18,straight,2.755843592138916,1.3079234869916338e-05,2.762841902242849,-0.01726678695020288,0.018643232543870538,0.0022128554448658205,-0.11181706850414412,0.029711201689148314,2.7570614149174246,-0.029968215972014316,0.030006018639636176
61.2,straight,2.752851166800909,1.306998021470977e-05,2.759843919022883,-0.01710661085398401,0.018492756838902048,0.0022836275804935685,-0.11143240291437145,0.029632753286906836,2.754147227104024,-0.029888903790757756,0.02993004857512324
61.22,straight,2.7498586633419535,1.3060725996045011e-05,2.751002273050945,-0.012223675022980237,0.012290058785733048,0.0023533815696626,-0.11104975912628594,0.02955534398808661,2.75422328507342,-0.029719280078459975,0.030050990209494106
61.24,straight,2.7468660825590803,1.3051471921808368e-05,2.747487194205962,-0.011426093351660538,0.011455994674090196,0.0023363659495352503,-0.1106092081892312,0.029482449880718044,2.7510709122067847,-0.029572258636485996,0.029882623154215745
61.26,straight,2.7438734252421426,1.3042218009204803e-05,2.7445014451934346,-0.011141983798287748,0.011172690565995402,0.002321449555173025,-0.11016974150690806,0.029410516980627955,2.748069684381624,-0.029418910631562125,0.029729588616478876
61.28,straight,2.7408806921697817,1.3032965317307696e-05,2.7414993424055916,-0.010858173932281086,0.01088879550384975,0.002306627767509437,-0.10973138992337976,0.029339540739589467,2.74222365698576,-0.02934854365904712,0.029392273412673944
61.3,straight,2.737887884122955,1.30237129465419e-05,2.738364402211417,-0.010569507636732584,0.010593254422299732,0.0022919018850804493,-0.10929410334182733,0.02926950325122622,2.7392236532709004,-0.02918745868240034,0.02923101865035781
61.32,straight,2.7348950018720473,1.3014460630346782e-05,2.7421542927665294,-0.022015427893153677,0.0231937400352918,0.002275275288268049,-0.108858165773248,0.029200499339295704,2.736222965877466,-0.02902731709335394,0.029070678443493946
61.34,straight,2.7319020461791723,1.300520834300352e-05,2.739914769869517,-0.0232982466324279,0.024649912846127043,0.00235895459027173,-0.10859907405405678,0.02913356342178954,2.73331983057548,-0.029040680467403462,0.029088258179882278
61.36,straight,2.728909017799225,1.2995956069951886e-05,2.727746363039884,-0.05163869972954333,0.05166477942746509,0.002441498264376638,-0.10834265365133945,0.029067556291480168,2.730414968252441,-0.02905247327917417,0.029104456508109954
61.38,straight,2.7259159174718945,1.2986702117843819e-05,2.7237500172104787,-0.055442168488501524,0.055497435626865495,0.0023895104906483974,-0.10856938097865623,0.029025756824765298,2.7273751787196727,-0.029479538216951023,0.029528604259110608
61.4,straight,2.722922745940693,1.2977446641442779e-05,2.720775016006227,-0.05617501803039315,0.05622902790906722,0.0023384331284599406,-0.10880180985736812,0.028984546378573645,2.724335566381542,-0.02990993580076676,0.02995624807631955
61.42,straight,2.7199295039264086,1.2968189251897907e-05,2.7242522351009675,-0.01247768581441073,0.013217505144569305,0.002288260823689702,-0.10903994626303529,0.028943912277112165,2.721296071597489,-0.030347378011178018,0.030391086334805494
61.44,straight,2.7169361921482533,1.2958929800786193e-05,2.721969226707051,-0.0072724159387972925,0.008854836184032547,0.002333791228311004,-0.10862382295808579,0.02890164833456799,2.71835398985947,-0.03013081054676824,0.030177093773365016
61.46,straight,2.713942811359445,1.2949671295191028e-05,2.7189662546673956,-0.0068967148652053925,0.00854274233927077,0.002378565528511114,-0.10820725703677916,0.0288599685280314,2.715410358759158,-0.02991439840970799,0.029963308537808857
61.48,straight,2.710949362234487,1.2940416399452235e-05,2.7159653658803093,-0.006515995500571927,0.008233304123061452,0.002422613264155739,-0.1077906622720035,0.028819009114091732,2.7124674232874204,-0.02969508216562289,0.029746783273059667
61.5,straight,2.7079558454480406,1.2931167148184061e-05,2.704825078082487,-0.05045138568448049,0.05056133878368716,0.00246595320490307,-0.10737403122231333,0.028778782381157022,2.709521214667942,-0.02947322691037884,0.029527680216493938
61.52,straight,2.704962261765786,1.2921919355276907e-05,2.70502011660105,-0.007443562834976099,0.00745670919867066,0.002389188772853905,-0.10762271086772474,0.028744139147874038,2.706455208953215,-0.029903355890133095,0.0299535067943461
61.54,straight,2.7019686118882476,1.2912671527637697e-05,2.702470106504379,-0.0016553504256890436,0.0017420099343987234,0.002373653133147411,-0.10716170465472279,0.028709769658287084,2.7034500921554687,-0.029621356136972078,0.029671276878432195
61.56,straight,2.698974896485467,1.2903422458330796e-05,2.6994641572703344,-0.0011339886373188546,0.0012468911389488092,0.0023581436789195543,-0.10669893036855256,0.028675866345960234,2.700445833008854,-0.029335065400211115,0.02938480778007935
61.58,straight,2.6959811160696603,1.289417034498413e-05,2.696457899803158,-0.0006096174958001881,0.0007841195718860273,0.0023426455321693385,-0.10623424878189439,0.028642373576170648,2.697439965869813,-0.029045170234566507,0.029094661876354403
61.6,straight,2.692987271452637,1.288492124032524e-05,2.693452790914217,-8.379872359858541e-05,0.00047545356901509674,0.002327199568252145,-0.10576845729602666,0.028609585389189333,2.6944357431459425,-0.028753835984154718,0.0288031647895713
61.62,straight,2.6899933633272326,1.2875675249282028e-05,2.678751820408046,-0.015277471624568204,0.01897806649142502,0.002311769545706863,-0.10530053505621868,0.028577124576493477,2.6914310125688012,-0.028459956850828697,0.028509104289680287
61.64,straight,2.686999392375938,1.286642917028607e-05,2.6744572676100042,-0.016834543914447497,0.021003336138111273,0.0021244486754545184,-0.10506973195275335,0.028547920699362576,2.6882543895786513,-0.02839285541482129,0.02843343193244597
61.66,straight,2.6840053592387534,1.2857182985835969e-05,2.6803439080158507,-0.05195412616687283,0.05209581157388935,0.0019395926533942174,-0.10483941994353785,0.02851928615325486,2.6850782627430996,-0.02832503864165839,0.028358199197022843
61.68,straight,2.681011264539123,1.2847934567476393e-05,2.67835361779172,-0.056532714993742565,0.05660798329841341,0.0018867154127870434,-0.10508325403427203,0.028474292240202214,2.6820345395090017,-0.028775110595374975,0.02880613906766519
61.7,straight,2.678017108907895,1.283868373190406e-05,2.6753750643446312,-0.05728726080680471,0.0573609780347203,0.0018348107895457422,-0.10533322939092508,0.02843005671625812,2.6789914820247542,-0.029228091155138795,0.029257159479563585
61.72,straight,2.675022892954331,1.282943002379154e-05,2.6740813900905978,-0.0046306989415182175,0.004738014708686939,0.001783823119895575,-0.10558968776766232,0.02838669840849438,2.6759517807085507,-0.02968506525734744,0.029712417964920513
61.74,straight,2.672028617267742,1.282017534532355e-05,2.6712608716085975,0.0017528883359032475,0.0019019123535332784,0.001758313537062778,-0.10505889554373297,0.028341359674601094,2.67293718975823,-0.029360712828183186,0.029387581477213306
61.76,straight,2.669034282404212,1.2810928250774603e-05,2.6682508770586466,0.002339599674391379,0.002455131321258982,0.0017329192862862081,-0.10452710265269682,0.028296876873424907,2.6699214426178215,-0.02903343322896707,0.029059789278061247
61.78,straight,2.6660398890760035,1.2801684799765655e-05,2.665238170324384,0.0029312846099641657,0.003026598014466846,0.001707659416784293,-0.10399385310216216,0.028253088577410775,2.6669037268486355,-0.028702368818043864,0.02872816096976635
61.8,straight,2.663045437851949,1.2792446400396727e-05,2.662224559035266,0.003527233397114186,0.003609035498264455,0.0016825159777913935,-0.1034589901585715,0.028209943222440397,2.6638885230420644,-0.028367324758388032,0.02839263716521099
61.82,straight,2.6600509294153056,1.2783207736285382e-05,2.661494058682909,-0.011911426397299078,0.012011219621163834,0.0016574402946990126,-0.10292251964622544,0.02816744542639366,2.6608728052057957,-0.02802834808834267,0.02805317315704112
61.84,straight,2.657056364350254,1.2773967890800003e-05,2.6587432307276986,-0.013452042572794495,0.013570070104817656,0.0016668909754716384,-0.10265376382516289,0.028138114823049464,2.657890504044495,-0.0279209078414018,0.02794613333633677
61.86,straight,2.6540617432125373,1.2764724432335663e-05,2.655739986953242,-0.013251505297791498,0.013370017250388272,0.0016760885717480515,-0.10238466785999757,0.028109093579927365,2.654907601424251,-0.027813661152129424,0.027839278962970813
61.88,straight,2.6510670665346225,1.2755473686957908e-05,2.6527376036345185,-0.013046975029588466,0.013166140475489061,0.0016850402573356175,-0.10211512659513965,0.02808033760404372,2.6519256287723807,-0.027703644694886315,0.027729694686753997
61.9,straight,2.6480723349424977,1.27462206248001e-05,2.64973597153155,-0.012843381539688064,0.012963321630273653,0.0016937299529365933,-0.10184458697290003,0.028051646191672622,2.648942679042951,-0.02759334546850124,0.027619808058739797
61.92,straight,2.64507754901328,1.2736967546705911e-05,2.647532369700806,-0.02585345183431528,0.025982414586436662,0.0017022129735565488,-0.10157421269393414,0.028023451430578272,2.6459585127340945,-0.02748210716800189,0.027508954017110548
61.94,straight,2.642082709301036,1.2727714647410057e-05,2.6446243469784703,-0.02741156314369958,0.027541816410080293,0.0017223120761965956,-0.10150092156707087,0.02799668002332469,2.642985252055859,-0.027563587133018357,0.02759108051530196
61.96,straight,2.6390878163553992,1.2718461934518713e-05,2.6394281808128093,-0.05394644442263704,0.053960236352036055,0.001742133951825335,-0.10142906471879552,0.027970215249164838,2.6400120895488297,-0.02764553000415781,0.027673687668039345
61.98,straight,2.6360928707148616,1.2709207743248056e-05,2.63620213005616,-0.057607778144528034,0.05762059094036537,0.001728089111126542,-0.1016996455388558,0.027925983963932387,2.63700693074223,-0.02811673058680171,0.02814428696713708
62.0,straight,2.633097872919876,1.26999517848078e-05,2.633223097630907,-0.058407242671159265,0.05842007683405021,0.0017143998943977801,-0.10197506637208206,0.027881915788310917,2.634001688518771,-0.028591936758420155,0.028618911998180695
62.02,straight,2.6301028235022557,1.2690693869097498e-05,2.621825540245244,-0.02670114202516372,0.027966806693959085,0.0017011145927987997,-0.10225681405662317,0.027838566366500752,2.6309980304799967,-0.029072182963450658,0.02909864723995342
62.04,straight,2.627107722998815,1.2681435601037958e-05,2.6178952119116343,-0.023153937409393473,0.024931156997634183,0.0015642198790490934,-0.10206247763622509,0.027794429048372225,2.6278705312105206,-0.029077075670509253,0.02909975678352552
62.06,straight,2.6241125719435416,1.267217837914861e-05,2.6148995018521077,-0.023137382112213462,0.024915972270153526,0.001429094576994874,-0.10186912039318888,0.02775072447956363,2.624745031779796,-0.02908092637846866,0.02910047220289547
62.08,straight,2.6211173708413753,1.2662924175505809e-05,2.611903882084466,-0.02312100725767744,0.024900905026854794,0.0012957346354154204,-0.10167713472751745,0.02770759530935047,2.6216211859553122,-0.0290838652929255,0.029100889745119245
62.1,straight,2.618122120207161,1.2653673383656723e-05,2.6149961802806296,-0.054062001686952965,0.054164931946449134,0.0011641040452712512,-0.10148595181800163,0.027664820539703566,2.618498939018909,-0.029087255447309692,0.029102348758296107
62.12,straight,2.615126820569202,1.2644423470245503e-05,2.620629938221036,-0.013956573164994374,0.015014104832583168,0.0011243707222234143,-0.10177522311450704,0.02763159887872187,2.6154680810225615,-0.02954580517496672,0.029560419505825105
62.14,straight,2.6121314724317557,1.2635174069041252e-05,2.618510525480845,-0.00879565115361386,0.01087557933323753,0.0012021760667270817,-0.1014187669572679,0.027598781382050082,2.612554604429807,-0.029357676243318503,0.029373359246809002
62.16,straight,2.6091360762776077,1.2625922506540338e-05,2.615507073985814,-0.008434340326880806,0.010580210329490542,0.0012788138600131477,-0.10106112904211136,0.02756633848810568,2.609640324783346,-0.02916710369207458,0.02918408619325954
62.18,straight,2.606140632584058,1.2616671669129689e-05,2.6125025997281752,-0.008071325131124359,0.010287115291167881,0.0013543115459612716,-0.10070273938723318,0.027534438590799487,2.606724364249125,-0.028975009988103418,0.028993503445136775
62.2,straight,2.603145141798933,1.2607427803799662e-05,2.6094976672451375,-0.007705085696503307,0.009995867481397119,0.0014286711261479786,-0.10034336493550278,0.027502994244728077,2.6038072610697136,-0.028780675162326328,0.028800894504230762
62.22,straight,2.6001496045024055,1.2598184552454738e-05,2.598460729682149,-0.002632793929283392,0.0031385343067172095,0.0015018953625068278,-0.0999827381657646,0.02747190917066911,2.6008884840054196,-0.028583134225764695,0.02860527669858198
62.24,straight,2.597154021171349,1.2588941486617141e-05,2.5945593844630186,-0.001628557063291203,0.003070097695060065,0.0014557683965456122,-0.09955019915708009,0.027440625577008874,2.597849891536002,-0.028314092084114773,0.028335227076742624
62.26,straight,2.5941583922766682,1.2579698602970031e-05,2.593102311144445,-0.05224635036960342,0.05226959995285524,0.0014100632071866867,-0.09911591749895121,0.02740978299476681,2.594811507740852,-0.02804223374851699,0.028062414674476233
62.28,straight,2.5911627182829022,1.2570456582406008e-05,2.5902939272004275,-0.05859479620580969,0.05861380575466037,0.0013862263477458813,-0.09937488418066512,0.02735731508504688,2.5917969875292823,-0.028519274153868505,0.028538893712823213
62.3,straight,2.588166999653666,1.2561215288224916e-05,2.5873159215313706,-0.05940068719760401,0.05941934382793445,0.0013629266907472742,-0.09963970810447684,0.027305400525191398,2.5887825894242185,-0.02900138111195626,0.029020472086688703
62.32,straight,2.585171236849476,1.255197394528308e-05,2.5998963987668806,-0.027515322503925715,0.031218812705854252,0.0013401644725530865,-0.09991090262611788,0.027254227293182057,2.585769415162594,-0.029488104503877923,0.029506720419538616
62.34,straight,2.582175430323133,1.2542731627290845e-05,2.595934857250624,-0.024026243692603175,0.027698106110756585,0.0015468006616109224,-0.09970352312556577,0.02720233741750841,2.5829850911280263,-0.029496853953491015,0.0295205020847995
62.36,straight,2.579179580524695,1.2533488296303441e-05,2.592638094515139,-0.024032297020159927,0.027555135147760812,0.001711009903483376,-0.09949888013885348,0.02715113410845492,2.583152891799696,-0.02942438924134343,0.02970386544338685
62.38,straight,2.5761836878869246,1.252424677449105e-05,2.5897766732335077,-0.024028984021451167,0.027618171019160264,0.0018730206816426453,-0.09929600772929091,0.02710060884289436,2.5801734641964726,-0.02943724060926776,0.029718798176851156
62.4,straight,2.5731877528216813,1.2515010265725855e-05,2.5728225006840626,-0.05482858451488082,0.05484231583595885,0.002034853464206515,-0.09909485703775557,0.027050757525200607,2.577344148198961,-0.029445962666034085,0.029750252596193662
62.42,straight,2.5701917758030817,1.2505775531304757e-05,2.5721346404431857,-0.011598317086828397,0.011772252569107642,0.0019888068295236196,-0.09934472753834164,0.027000015261340746,2.57145793765637,-0.029981321321385934,0.030020540131025113
62.44,straight,2.567195757280672,1.2496539780643228e-05,2.569421653521048,-0.006022563048941961,0.006432461295052921,0.0020002246261417523,-0.0989038130847563,0.026949933429306232,2.568476669955511,-0.02975151805957056,0.029791564281704905
62.46,straight,2.5641996976712136,1.2487301235941044e-05,2.5663947089367602,-0.005573229446884973,0.0060015253099620644,0.0020093407357654465,-0.09846181539129681,0.026900436265537224,2.5654953300089764,-0.029515396985929886,0.029556295668282103
62.48,straight,2.5612035973308167,1.2478054591646873e-05,2.5633823789998242,-0.005126542048100298,0.005581811281033709,0.0020181037853492546,-0.09801932262607209,0.02685179531716085,2.562512798533,-0.02927996188461277,0.029321682171725694
62.5,straight,2.5582074567602717,1.2468807960964033e-05,2.5603726603178183,-0.004669969818705759,0.005158811678876528,0.002026517859254909,-0.09757565933637272,0.026803733089431462,2.5595298673058657,-0.029038001946368134,0.029080553995741356
62.52,straight,2.555211276377335,1.2459562085768733e-05,2.551060791998471,-0.01274548658211202,0.013416098926194872,0.002034624766646903,-0.09713077774187974,0.02675625327805558,2.5565472037663,-0.028796911865799062,0.028840329125348296
62.54,straight,2.5522150565910238,1.2450316309942497e-05,2.547355249261599,-0.013421084496643525,0.014285572611903377,0.0019497428520389966,-0.09681334440353179,0.02671057503405448,2.5534685422557777,-0.028677664636209813,0.028717484609563932
62.56,straight,2.549218797804869,1.2441070614688306e-05,2.5482364263752824,-0.054108140538226775,0.0541294966474374,0.0018659118391837065,-0.09649685054058928,0.026665899686175276,2.5503939536416986,-0.02855484733618376,0.028591449039145178
62.58,straight,2.546222500416121,1.2431823313467588e-05,2.5456870282194473,-0.05934394945877444,0.05935879656275055,0.0018401138965952967,-0.09677770728190828,0.026619830233846613,2.5473769413242873,-0.029032275395075087,0.029067640964005995
62.6,straight,2.543226164823409,1.2422575440929831e-05,2.542711430378805,-0.06013880833042436,0.0601534332439902,0.0018148658143718448,-0.09706416455703726,0.02657427289947157,2.544360457621833,-0.029511364987869403,0.02954556907957663
62.62,straight,2.5402297913990566,1.2413324230972084e-05,2.5311223770128466,-0.023896616461042935,0.025584892066906586,0.0017902216910974204,-0.09735709739069602,0.026529560478846758,2.5413425325453454,-0.02999684072841499,0.03002987715017982
62.64,straight,2.5372333805264446,1.2404069809105645e-05,2.5271699656860487,-0.019742887899363806,0.022170788868174484,0.0016392959994214634,-0.09710516609707366,0.026483258941044623,2.538199776144235,-0.029943182611573853,0.02997117104678983
62.66,straight,2.534236932626726,1.2394816289279926e-05,2.5241702323063486,-0.01960727566943269,0.022051528865559316,0.0014903343871945987,-0.09685383216137425,0.026437543246046878,2.5350579194852876,-0.029886577845861424,0.029910242153382276
62.68,straight,2.531240448058867,1.23855668109236e-05,2.5211707616573156,-0.019474144151429444,0.02193452585959978,0.0013433040267296084,-0.09660339591195635,0.026392542336904322,2.531918733346631,-0.029830746972748647,0.029850839698496202
62.7,straight,2.5282439272061623,1.2376320609587874e-05,2.5181715133397966,-0.019335207619593796,0.021812439694325163,0.001198170400601719,-0.09635373660629337,0.02634819931089237,2.5287818845150865,-0.029770538680725166,0.029787773062834953
62.72,straight,2.525247370459553,1.2367075458956843e-05,2.519424315301977,-0.0002484563378734891,0.005828893567489213,0.001054886534497796,-0.09610400816563323,0.026304190523063636,2.525646539639299,-0.029711415540163967,0.029726462773341646
62.74,straight,2.5222507781887202,1.2357830797840575e-05,2.5168875961504065,0.0024207152092102667,0.005879107656629953,0.0009754405676315113,-0.09555028767256776,0.02625058953263217,2.522574138325819,-0.02937133500484377,0.029385472030198877
62.76,straight,2.51925415075803,1.2348586638612316e-05,2.513874716534751,0.003033139819031453,0.0061695617536651854,0.0008968549475991552,-0.09499417786067131,0.026197398751686595,2.5195014000670053,-0.029028850688624003,0.02904225176473585
62.78,straight,2.51625748851437,1.2339345193824491e-05,2.5108594052825706,0.0036520685767401358,0.006510524668289406,0.0008191156668557407,-0.09443667334469906,0.0261450122026239,2.516430543943037,-0.028681460975566887,0.028694322174065704
62.8,straight,2.513260791811277,1.2330107384432278e-05,2.507843896454267,0.004272907784860775,0.00689168175807642,0.0007421695500676476,-0.09387804968122589,0.02609355095681328,2.513361521089961,-0.028331882479404148,0.02834439157139642
62.82,straight,2.5102640610278115,1.2320869586889833e-05,2.513067060337156,-0.005241621609354824,0.00595489015013832,0.0006659725863332208,-0.09331739086857256,0.02604265004608526,2.5102939084833986,-0.027977234025479362,0.027989570809402065
62.84,straight,2.5072672965137173,1.231163172364576e-05,2.5109752524642404,-0.005969242774082041,0.007037608289797963,0.0007117976278926786,-0.09290603802987124,0.025993151548102937,2.507347517044274,-0.027768302410653537,0.027780729866312855
62.86,straight,2.50427049861554,1.2302393741602272e-05,2.5027842169537666,-0.053446934222384036,0.053479893537263436,0.0007568929187161491,-0.09249501751967895,0.025944598098879026,2.5044002309568345,-0.027556342676022805,0.02756895031485644
62.88,straight,2.501273667674809,1.2293153853020551e-05,2.4992236318534875,-0.059475208519134126,0.05952281497175978,0.0007234094964826058,-0.0927155830364662,0.02586783977251936,2.501374456683009,-0.02804586959704527,0.02805834377471468
62.9,straight,2.4982768040327414,1.228391288291581e-05,2.496243280515597,-0.060314569704220194,0.06036111732923907,0.0006905815859854194,-0.09294318127715398,0.0257919838294986,2.4983519850273708,-0.02854002324889625,0.028552406141033704
62.92,straight,2.495279908025722,1.2274672262616802e-05,2.4914748816493613,-0.012708519648505123,0.013277681796009392,0.0006583748619162482,-0.09317790165072705,0.02571705415477047,2.4953284128996325,-0.02904097408674728,0.02905328924882178
62.94,straight,2.4922829799875927,1.226543098354549e-05,2.4882743601016055,-0.007071060669275908,0.008138952145881494,0.0006003803229634396,-0.09270095291564685,0.025640751869355542,2.492279712191527,-0.02883232241595194,0.02884458803203938
62.96,straight,2.489286020248869,1.2256189097728642e-05,2.485269989014243,-0.006693475718594777,0.007816351277631856,0.0005430465206996757,-0.09222468516604312,0.025565520663905574,2.4892318426097786,-0.028621059446880138,0.028633366891200763
62.98,straight,2.4862890291189075,1.224694973208624e-05,2.4822661111229802,-0.006312232318332699,0.0074955258130525145,0.00048636755302023955,-0.09174944299777742,0.025491496994897583,2.4861843549946947,-0.028406006206054015,0.028418445930392226
63.0,straight,2.483292006882891,1.223771692447759e-05,2.4812329454810564,-0.05431858118345292,0.05436982266149239,0.00043033522843429845,-0.09127469577420176,0.02541847005253745,2.4831372434270538,-0.028188063577086486,0.02820072596229145
63.02,straight,2.4802949539278103,1.2228483898277048e-05,2.482894261675454,-0.0012837769810510118,0.002904484624187167,0.00040445487406555713,-0.09153767094841284,0.02535654678657903,2.48011823085451,-0.02868202290327876,0.02869479558587494
63.04,straight,2.4772978705622677,1.221924746876644e-05,2.48037628891459,0.005813115492371006,0.006567119368188515,0.00044426520534443265,-0.09093719581970995,0.025295413870155617,2.4771653271272527,-0.028309106294247776,0.028321635690793906
63.06,straight,2.474300757085871,1.221000562729395e-05,2.477362570450109,0.006495465595145227,0.0071698887101854175,0.0004833423645504612,-0.09033522178477645,0.025235237046160583,2.4742115351423655,-0.027931741415626588,0.02794409385878525
63.08,straight,2.4713036137400053,1.220076118161378e-05,2.474348328441957,0.007181660229431858,0.007789187164471339,0.0005216708014943789,-0.08973097056338405,0.025175701800023115,2.4712566477713604,-0.02755093117790863,0.027563171952696364
63.1,straight,2.468306440897763,1.2191519755985717e-05,2.471333619208531,0.007873534642332761,0.008424044409668728,0.0005592546645557194,-0.08912424328426378,0.02511673177730162,2.468301169115234,-0.027165721815596285,0.027177913846644114
63.12,straight,2.4653092389071247,1.2182278920227106e-05,2.472536391007033,-0.004547117246202353,0.008545112031740075,0.0005961133031530061,-0.08851592284726814,0.025058693438393485,2.465344533255146,-0.02677579222985232,0.026787997759699214
63.14,straight,2.46231200806551,1.217303788193273e-05,2.469996581693589,-0.005599870571415875,0.00951565580073326,0.0006944114314219465,-0.08810297520842954,0.025003181052893713,2.4624497866804362,-0.026574888566049358,0.026587418597486454
63.16,straight,2.4593147486659177,1.2163796586979683e-05,2.4587429436054995,-0.05443757272244154,0.05445273884772692,0.0007912695891283465,-0.08769012552575778,0.02494856308219094,2.459554031346012,-0.026370826736399174,0.0263840756075446
63.18,straight,2.456317460996715,1.2154553311521073e-05,2.454842956867716,-0.06065074682801656,0.06068081876859582,0.0007644837146357651,-0.08795890669687881,0.02487747364434407,2.456535318996936,-0.02688811959377821,0.02690115631895485
63.2,straight,2.45332014534641,1.2145307853043127e-05,2.451862758246872,-0.06152718564743342,0.06155658560692087,0.0007382700008292101,-0.08823530496099984,0.024807496624436126,2.4535175334532067,-0.027409734739628495,0.027422590457562006
63.22,straight,2.450322801985166,1.2136057957161508e-05,2.454821131285487,-0.01618610009150363,0.016811240907435177,0.0007126144240174645,-0.08851884297816558,0.02473842509784131,2.450499045894655,-0.02793697835749652,0.02794967009686792
63.24,straight,2.447325431196191,1.2126803749443976e-05,2.4524790211945913,-0.010889376049289799,0.01205828571258927,0.0007748123378401112,-0.08812363230995027,0.024667958432671187,2.447568395467574,-0.02778844524198679,0.027801633723710188
63.26,straight,2.444328033287192,1.211754992028897e-05,2.4494747399381755,-0.01061072155178382,0.011803952724912546,0.0008360813905175742,-0.08772852130910129,0.024598139891617004,2.444637019911385,-0.027637613688168576,0.027651457651857655
63.28,straight,2.441330608517802,1.210830004201515e-05,2.4464706796960893,-0.010331693970244714,0.011550522807416447,0.0008964461821703973,-0.08733425573250368,0.024529275356246626,2.441704962035457,-0.027485875828154566,0.027500532207045226
63.3,straight,2.4383331570137017,1.2099060919571876e-05,2.437878910723598,-0.055460581786870335,0.05547454064823638,0.0009559314029828288,-0.08694150403921319,0.024461637930249726,2.438771687648466,-0.027332248142872887,0.027347863410496612
63.32,straight,2.4353356790874017,1.20898271753599e-05,2.42974041059445,-0.012492552116500202,0.01369938318493757,0.000933142798859474,-0.08725957702813296,0.024412063251840428,2.4357550476901024,-0.027844727903000105,0.02785997422965695
63.34,straight,2.4323381751980833,1.2080592408094552e-05,2.426232052985795,-0.006807861037284597,0.009154033663026107,0.000844136181602035,-0.08686614598225985,0.02436302975711958,2.4326718001734644,-0.02764370741855371,0.02765780027644022
63.36,straight,2.429340645592106,1.2071353784183776e-05,2.42322602640602,-0.00641370345436883,0.008870126812844398,0.0007561770236159872,-0.08647179746142573,0.02431459927945885,2.4295902964609217,-0.02744007880790666,0.027453285305338655
63.38,straight,2.426343090477644,1.2062111802899786e-05,2.4202194632215703,-0.006016612855071702,0.00859323761032773,0.0006692656792747132,-0.08607693480939685,0.02426693763051612,2.4265094094114548,-0.02723371524628515,0.027246284991430437
63.4,straight,2.4233455101456656,1.2052874381303238e-05,2.417213669606257,-0.005616845975891312,0.008323699337874685,0.0005833623527418894,-0.08568041958780598,0.024219578854305063,2.423430115382729,-0.02702468215409571,0.027036867404457463
63.42,straight,2.4203479048858867,1.2043636354701126e-05,2.4132516057808053,-0.014853457090759872,0.01647241854909662,0.0004984856942300501,-0.08528365911927453,0.024173104344907322,2.420351766950366,-0.0268125508181501,0.026824594732524697
63.44,straight,2.4173502749482054,1.2034397236391168e-05,2.410143056834204,-0.015735310622735445,0.01731828132699142,0.0004006035139282991,-0.08503110154850452,0.02412858617109405,2.4172598966844734,-0.026739737224658645,0.02675192428855509
63.46,straight,2.414352620580459,1.2025157015226087e-05,2.4114802278743093,-0.05716273464816734,0.057246867151300625,0.0003039460380581065,-0.08477864415387358,0.02408456205837792,2.41416872304784,-0.026666080860567588,0.026678739831331833
63.48,straight,2.411354942026122,1.2015914202685502e-05,2.408981093670008,-0.06257307630634107,0.0626300959944322,0.000272093466073171,-0.08512546275070966,0.02403567460633421,2.411143714410014,-0.027203326939386114,0.027216162546255373
63.5,straight,2.408357239469879,1.2006662213664021e-05,2.406000546624774,-0.06347406017791983,0.06352979367191482,0.00024089220378543656,-0.08547882194995571,0.023987473520081796,2.408118603433915,-0.02774502339213883,0.027758055850435354
63.52,straight,2.4053595132077703,1.199740655851021e-05,2.4040779379030313,-0.01665777757682038,0.01671896627361278,0.00021032013337306325,-0.08583862998551327,0.023939910665427583,2.40509383819954,-0.028291380562349318,0.028304624845788984
63.54,straight,2.4023617634838814,1.1988146349735568e-05,2.401192506191798,-0.011182519317643493,0.011255405811275345,0.00019583091061430618,-0.08549705087668036,0.023890686749800345,2.405082178764221,-0.02806817930657354,0.02821163702236572
63.56,straight,2.399363990562449,1.1978887207915137e-05,2.3983236257457112,-0.01088502470257433,0.010946554078230883,0.0001814394602366455,-0.08515531599611446,0.023842114529066632,2.401922665570359,-0.02791835275926557,0.02804728585225497
63.58,straight,2.39636619466485,1.1969631599672184e-05,2.395335561851855,-0.010588064476242208,0.010650020050808973,0.00016914355161748288,-0.08481337675704419,0.02379419109927096,2.3989157843442923,-0.027762362452865258,0.02789110844465771
63.6,straight,2.393368375902483,1.196038659706957e-05,2.3915770738981164,-0.056989632194224156,0.05702973189153866,0.00015691937784125703,-0.08447122974734596,0.023746896950921057,2.3930639667705984,-0.02766760054833422,0.02768123477141417
63.62,straight,2.3903705345199597,1.1951147452903569e-05,2.393076823109924,-0.014992665344470486,0.015246721418123636,0.00013397475194445126,-0.08483201839749002,0.023706849542009446,2.39004562461493,-0.028197810356079107,0.028211632539300927
63.64,straight,2.387372670921337,1.1941907289333635e-05,2.390579300520364,-0.009435717211289352,0.00997701038418911,0.00017877444941179134,-0.08449345967484338,0.023667445741442094,2.387092908848156,-0.028024925716034894,0.028038263372495043
63.66,straight,2.384374785317789,1.1932663219584603e-05,2.3875715707979275,-0.009080981818907768,0.009638492163471778,0.00022287353407500775,-0.08415348536091177,0.023628395139265426,2.384142254029462,-0.027847568561862896,0.027860471627566236
63.68,straight,2.3813768778979636,1.1923411638212007e-05,2.3845633348034765,-0.008725084205088121,0.00929993600544782,0.00026624607350069277,-0.08381262216431265,0.023589908311559795,2.3811920224648366,-0.027667164743931674,0.027679705429338765
63.7,straight,2.3783789489224034,1.1914159839923683e-05,2.3815578091031644,-0.008368412494830254,0.00896298091528723,0.00030888538841810097,-0.0834710475549706,0.02355205084700343,2.3782415402514125,-0.027485469901736056,0.02749772738559818
63.72,straight,2.3753809986068433,1.190490825515192e-05,2.3814334000078095,-0.00842817860561882,0.010385883324955308,0.0003508300426559168,-0.08312847598520733,0.02351470221229729,2.3752896235737655,-0.027302150954834955,0.027314208703322837
63.74,straight,2.3723830271653696,1.1895656781276267e-05,2.378748787871352,-0.008123513661763953,0.01032994647353518,0.0004344972194437466,-0.08279111345842152,0.023477886453289912,2.372375568538483,-0.027123488188228725,0.027135384870075913
63.76,straight,2.3693850348108043,1.1886405418886104e-05,2.3709516870075817,-0.0568629125376805,0.05689637206293251,0.0005170040167589392,-0.08245295181214238,0.02344164616750359,2.3694619501369396,-0.026942843491439144,0.02695483963558245
63.78,straight,2.3663870217549174,1.187715408241675e-05,2.36743341798999,-0.06309028598013833,0.06311083850891684,0.0005289479048035763,-0.08288947193068211,0.02342836565200487,2.3664751426132935,-0.027481296211901055,0.027493314587690294
63.8,straight,2.3633889882078307,1.186790280306731e-05,2.36445047385771,-0.0639943081917734,0.06401497738838023,0.0005409459408225113,-0.08333097143967574,0.023415163951954907,2.3634911607018685,-0.02802402389222406,0.028036077970376088
63.82,straight,2.3603909343715657,1.1858648783299312e-05,2.3541622404844134,-0.015266345860268529,0.016499095749775504,0.0005529620111306637,-0.08377760877623097,0.02340209024345295,2.360505820569751,-0.02857352194482463,0.028585611459612862
63.84,straight,2.3573928604447474,1.1849389465607354e-05,2.3503465129951326,-0.009531939516339334,0.01186317491480496,0.0004573853931448736,-0.08349319434099405,0.023386739423021267,2.3574171275337523,-0.028395315424925172,0.028407175179583948
63.86,straight,2.3543947666521063,1.184013043412149e-05,2.3473372524349254,-0.009184790554514368,0.0115925201264025,0.00036290892348102375,-0.08320727671333134,0.02337166464807554,2.3543232014850215,-0.028212736269931375,0.02822466712918345
63.88,straight,2.351396653177858,1.18308760229209e-05,2.3443308513386603,-0.008839358215110364,0.011325595081840284,0.0002695670840018537,-0.08291949274826205,0.023356704244221895,2.3512340733712755,-0.02802997325577694,0.028042275427642035
63.9,straight,2.3483985202197317,1.1821626934156196e-05,2.347464809719062,-0.056998901911734574,0.05701836909015882,0.00017732043215920818,-0.08262958816790006,0.023341739344472888,2.3481450118186733,-0.027845993124459956,0.027858968201144824
63.92,straight,2.345400368006068,1.1812378568490173e-05,2.350187281750874,-0.02431413572611065,0.02479246446789341,0.00017590645120437945,-0.08302249455543735,0.023314459127308763,2.3451482512174113,-0.028372533050853407,0.02838546508922949
63.94,straight,2.3424021967340707,1.1803130379182311e-05,2.347745909527525,-0.019978805290234197,0.02069250326676853,0.0002486527354650793,-0.08284944487992685,0.023287494682723293,2.3422252204940692,-0.028333494994355158,0.028345850602329664
63.96,straight,2.339404006596297,1.1793880841575574e-05,2.3447439443981475,-0.01985575908592098,0.02057266624953481,0.00032038289595515113,-0.08267636934994753,0.023260948040818758,2.339300068312886,-0.028293189363755415,0.028305174079020865
63.98,straight,2.3364057977647406,1.1784627409348456e-05,2.3417414327910473,-0.019730642835014342,0.02045073209552686,0.00039112588632384047,-0.08250348470344811,0.023234918751444306,2.3363744264835757,-0.028250565256193714,0.028262367294699147
64.0,straight,2.333407570450376,1.1775376944905241e-05,2.3387387407699842,-0.019606507877281867,0.020329742123788627,0.0004608684153401605,-0.08233033921424697,0.02320921258973443,2.333448068600258,-0.028207692030592403,0.028219496467251224
64.02,straight,2.3304093248503506,1.1766127534362008e-05,2.3259995290152435,-0.024845732558207316,0.02524562417962718,0.0005296113662253029,-0.08215660412799221,0.023183681930988114,2.330521313271626,-0.028163199330696352,0.02817518802029533
64.04,straight,2.3274110611528016,1.1756878585511995e-05,2.3219184225857945,-0.025430430530013304,0.026028330306841388,0.00045411219112652103,-0.08206310649571506,0.023159132047610716,2.3274495640463653,-0.028196103805869042,0.02820788696209643
64.06,straight,2.324412779542797,1.174763011370233e-05,2.3226467966007456,-0.0592649731571977,0.0593030211966346,0.0003796094528936814,-0.0819705446406426,0.023135132346142524,2.3243797729943254,-0.02822873470875502,0.028240501627347172
64.08,straight,2.3214144802044956,1.1738381233625933e-05,2.320081082759839,-0.06380712733782094,0.06383279384777181,0.00036162898872584774,-0.08240900894176531,0.023125531192814526,2.3213658779619237,-0.02875852264130421,0.028770302074933845
64.1,straight,2.318416163319611,1.1729132268688265e-05,2.3171046370290513,-0.06468249173568859,0.06470751358940373,0.0003441327794004275,-0.08285212225060044,0.02311598248614022,2.3183523387909193,-0.02929273468156682,0.02930453331801852
64.12,straight,2.3154178290653817,1.1719881315862456e-05,2.3273664960297973,-0.007645127973395678,0.014191474951417702,0.0003271234314220932,-0.08329947055262095,0.02310629532317991,2.315339197733109,-0.029831934193400033,0.029843757662494877
64.14,straight,2.3124194776206792,1.1710629348801527e-05,2.325831349097435,-0.0007847291966165693,0.013435498238078004,0.0005053014065702399,-0.08289360402069468,0.02309426575696909,2.312521026880868,-0.029523313502347936,0.02953519870784948
64.16,straight,2.3094211091651857,1.1701378572176327e-05,2.3228202977048085,-0.00021068804008149674,0.013401033936748557,0.0006809447516975328,-0.08248412560820025,0.023082156528481716,2.30969989869818,-0.0292112640469714,0.029224295233011566
64.18,straight,2.306422723863321,1.1692131427476228e-05,2.319808860730021,0.00036709185042411974,0.013390853937456574,0.0008540703301604783,-0.08207113985418697,0.023070017927645046,2.3068763947993545,-0.028896380973856703,0.02891163274494639
64.2,straight,2.3034243218560135,1.1682892528404117e-05,2.3011225340112507,-0.05715126451234515,0.057209271829788556,0.0010247163911231956,-0.08165510954539691,0.023058055770815798,2.304049651265515,-0.028578243955231487,0.028596764747618728
64.22,straight,2.3004259033650243,1.1673654987902005e-05,2.3090849388447032,-0.024270882540982353,0.025780252730506582,0.0009609074490744928,-0.08202788040457701,0.02301884054404385,2.3009903287630697,-0.02911136233213916,0.029128504958844982
64.24,straight,2.2974274685624607,1.166441748708634e-05,2.307494585170639,-0.0197620499232701,0.022188884956944762,0.0010848942581298052,-0.08181674748424975,0.022980086511556523,2.298118628262717,-0.029058018194543466,0.029077897944924592
64.26,straight,2.294429017610028,1.1655177135892022e-05,2.304491483626134,-0.019601073063037433,0.022043419229969174,0.0012071956059831511,-0.08160622781952025,0.0229421675715496,2.2952443503131694,-0.02900281467260325,0.029025923380286
64.28,straight,2.2914305506614454,1.1645933066226757e-05,2.301489781691293,-0.01943905633139434,0.021897898243725192,0.0013278234254837495,-0.08139576099783893,0.02290483283680344,2.2953669404683366,-0.02887799515623236,0.029156586339629777
64.3,straight,2.288432067898171,1.1636690838286959e-05,2.2986182595101696,-0.019271543248669712,0.021808244499175015,0.001446806074012418,-0.08118514287262046,0.02286799158532261,2.289487981439621,-0.02888586683083125,0.02891678860440628
64.32,straight,2.2854335694836863,1.162744956166692e-05,2.2892643425671113,-0.016128484387480248,0.016588490965995503,0.0015661406276851382,-0.08097431309033494,0.022831633844516825,2.2866126933970548,-0.02882662214499587,0.028862345242219582
64.34,straight,2.2824350555788726,1.1618208814114037e-05,2.285547291981004,-0.015562454846474753,0.015881995055855757,0.0015901132932837267,-0.08071891146856666,0.022795514921480263,2.28364044053702,-0.028722374575700878,0.028759264494035434
64.36,straight,2.2794365263423657,1.1608968610996763e-05,2.2777916265829488,-0.058545814894806765,0.058580522229991244,0.0016136042534071542,-0.08046260666705203,0.02275975787455357,2.280670238283792,-0.02861693210878365,0.028655111400489975
64.38,straight,2.276437981930428,1.1599729494640344e-05,2.2742763887765474,-0.06409041526899768,0.06413845033854372,0.00156665993582661,-0.08083719928590244,0.02272245346321061,2.277625839853441,-0.029143974861438725,0.02917976244202039
64.4,straight,2.273439422499507,1.1590491159881117e-05,2.2712932419815206,-0.06495017118993068,0.06499720433623735,0.001520539343817567,-0.08121780093949638,0.022685852880704082,2.2745830497221453,-0.029676306101527508,0.029709915639773512
64.42,straight,2.2704408482020995,1.158125120173177e-05,2.270929980034206,-0.014861977098366728,0.014881598970782593,0.0014752424864699308,-0.08160420455082783,0.022649843924765316,2.2715427091398954,-0.030211703479747325,0.030243363527462666
64.44,straight,2.267442259167737,1.1572010029846848e-05,2.2682131935319734,-0.008911195005219641,0.00895600977011441,0.0014691651630406584,-0.08124039762663474,0.022611702944719047,2.268539249180225,-0.03000097878238114,0.03003259216508871
64.46,straight,2.2644436555547713,1.1562773896851078e-05,2.265204118416767,-0.008490858570517072,0.008536361782540606,0.001463025901094286,-0.08087515334155397,0.022574085622858547,2.2655377930559575,-0.029786873276418782,0.029818516527759263
64.48,straight,2.2614450375316437,1.1553540457732003e-05,2.262195037716963,-0.008070189131480542,0.008116468745298477,0.0014568265222890094,-0.08050913517525998,0.022537284619202874,2.2625358419186625,-0.029572286264092997,0.029603942841994198
64.5,straight,2.2584464052049356,1.1544314882500086e-05,2.255452374040137,-0.0584228960411991,0.058511093327199434,0.0014505678141693967,-0.08014195952661958,0.02250113171456413,2.259533794838107,-0.029354124557766363,0.029385794604747162
64.52,straight,2.2554477587768105,1.1535089340656047e-05,2.2572555078298926,-0.011874229830744255,0.012022452510799964,0.0013899141436433844,-0.08055095385469871,0.02247894426781974,2.2564757464237624,-0.029881802981690422,0.02991100833524744
64.54,straight,2.2524490983930576,1.1525860754998338e-05,2.254826876130516,-0.005624210459792576,0.006116808877469723,0.0014068526375798605,-0.0801862622283186,0.022457058300577152,2.253496608080655,-0.029633692328302538,0.029663719221001902
64.56,straight,2.249450424142296,1.1516621847077023e-05,2.251816382824232,-0.005115481793102376,0.005646580667228941,0.0014234028086601202,-0.07981884194079598,0.022435449635540273,2.250515662013549,-0.029382073159827583,0.029412885815161365
64.58,straight,2.246451736175686,1.1507380476222173e-05,2.248806023727877,-0.004603112464214662,0.005180481270057446,0.0014395720123649676,-0.07944842093539199,0.02241399369909968,2.2475349324438296,-0.029127133607759204,0.029158767340143058
64.6,straight,2.243453034675241,1.1498145304026251e-05,2.2457964727774917,-0.0040857955861116875,0.004720118437134686,0.0014553607003054783,-0.07907514399763507,0.02239275792219704,2.244554527929192,-0.028867912792858382,0.028900409400625344
64.62,straight,2.240454319798147,1.148891085288189e-05,2.255807950861108,-0.0016255200235332124,0.015440653647717963,0.0014707705311857255,-0.0786987279445519,0.0223716207581364,2.241572774066384,-0.028605372780600772,0.028638710044586957
64.64,straight,2.237455591678952,1.1479676575149773e-05,2.2542443953120506,-0.0008478863019660744,0.016810783364133396,0.0016774260511528008,-0.07828974790180157,0.022350189079026216,2.238783031818467,-0.028310729577494108,0.0283533002374553
64.66,straight,2.2344568504503854,1.1470442485138228e-05,2.234479202985534,-0.05770443155382915,0.057715906324721115,0.0018811629312261056,-0.07787737937115667,0.02232882454375146,2.235990943474702,-0.028012736516336956,0.028066164987011488
64.68,straight,2.231458096243969,1.1461208913333423e-05,2.2296335823629345,-0.0648175009647189,0.06485463119479076,0.0018346142534036154,-0.0782655513036533,0.022289094476857053,2.232949097455023,-0.02855621886408544,0.02860656269747511
64.7,straight,2.228459329191466,1.1451975699753525e-05,2.226651888801647,-0.06570033844755319,0.06573664306452122,0.0017888928140733318,-0.07865888256286882,0.02224964035317447,2.229907944830423,-0.02910338154628326,0.029150849357818316
64.72,straight,2.2254605494202764,1.144273929977282e-05,2.220386269435091,-0.02889903454180935,0.0293524107015008,0.0017440005003773542,-0.07905870199219059,0.022211045748505298,2.226866941306039,-0.029655113996476645,0.02969987418649076
64.74,straight,2.2224617570545036,1.1433496950012486e-05,2.2170224291148215,-0.024747300898632,0.025349185732610458,0.0016515023984240837,-0.07890479111257148,0.02217081008348828,2.2237782871327956,-0.02965670240976806,0.029697332197127436
64.76,straight,2.2194629522263796,1.142425611201867e-05,2.2140216008719706,-0.02468794339435374,0.02529164025710872,0.0015602054349393786,-0.07875189236647545,0.022131335061371642,2.2206903849933557,-0.02965734557188602,0.02969414915945856
64.78,straight,2.216464135033803,1.1415024579789272e-05,2.211020907084275,-0.0246287651875901,0.025234246796739027,0.0014700925213820702,-0.07859958079859886,0.02209242984387058,2.2206021804343634,-0.02959136978344168,0.029890605348957485
64.8,straight,2.2134653056218525,1.1405799416266921e-05,2.2095213788790597,-0.06093850695184242,0.061077380612945105,0.0013811492133721963,-0.07844773943033648,0.022054040613610666,2.2145173427872957,-0.02965752178710325,0.029687573938124562
64.82,straight,2.2104664641418026,1.1396574841885708e-05,2.212763642222776,-0.008995526366631893,0.009295250830900253,0.0013162170862962008,-0.07886999225066621,0.0220335153647472,2.2114568392493323,-0.030189339798260637,0.030216970733864975
64.84,straight,2.207467610719476,1.1387349371658346e-05,2.210429768527907,-0.0022440182863039467,0.0037230677489787133,0.0013414996574079572,-0.07846154201306939,0.022013027210169886,2.2084869416563184,-0.029892213013538598,0.029920968403837636
64.86,straight,2.204468745473804,1.1378120553933154e-05,2.2074203000950763,-0.0016484946102797258,0.0033862740829589664,0.001366263030040106,-0.07804971003405563,0.021992742549292784,2.205513555569878,-0.029592638379182166,0.029622447924732783
64.88,straight,2.201469868503949,1.1368887364607367e-05,2.204410616998999,-0.0010431345802231382,0.0031240965532924937,0.0013905661342571314,-0.07763451501008885,0.02197268689547959,2.2025396868996836,-0.02928540455472747,0.02931629999705153
64.9,straight,2.1984709799363316,1.1359659210474726e-05,2.201399205373423,-0.00043725400810789786,0.002962390661768706,0.0014143990913735888,-0.07721556844603379,0.0219526971320257,2.1995661389720804,-0.02897504917700037,0.02900709000457551
64.92,straight,2.1954720799091945,1.1350431478315011e-05,2.200861356741105,-0.012362676063179152,0.013496697242712784,0.0014377445130696795,-0.07679352223359273,0.021933051163519998,2.1965921854444104,-0.028663707471663646,0.02869692635385479
64.94,straight,2.19247316854144,1.1341202747907978e-05,2.1981300529351486,-0.01342197371539196,0.014575811837894416,0.0014970796634732424,-0.07655601160637712,0.02191521155872337,2.1936548264832507,-0.02853227019571971,0.028568060262435996
64.96,straight,2.1894742459469256,1.1331970943158633e-05,2.1869514578363445,-0.05985604639995034,0.059920509450893486,0.001555538282146299,-0.07631754702163702,0.021897947127756792,2.190716100357614,-0.02839564977754439,0.028434113568673994
64.98,straight,2.1864753122362544,1.1322732728464071e-05,2.183057664200958,-0.06580569363940288,0.06590568990779605,0.0014910542127093411,-0.07667167166458254,0.021838171967933903,2.1876565451994647,-0.02894666137966486,0.028982066095552934
65.0,straight,2.183476367527348,1.1313491544822638e-05,2.18007531689635,-0.06668356773750912,0.06678154181772253,0.001427619571941816,-0.07703104677510421,0.02177875275363845,2.184597627781729,-0.0295006805330706,0.029533286574084352
65.02,straight,2.1804774119322445,1.13042484117877e-05,2.195973589505387,-0.013758206810488859,0.0207299530674711,0.0013652352621868436,-0.07739632047281704,0.021719986378275283,2.1815407770520374,-0.030060465745770103,0.030090564899332987
65.04,straight,2.1774784455562326,1.1295000377231106e-05,2.1950669348610745,-0.007450203746932925,0.019105730019621063,0.0015816593381067483,-0.0769716192653656,0.0216600429942525,2.1787607697076408,-0.029830701439980494,0.029869534759945755
65.06,straight,2.174479468512743,1.1285754998918107e-05,2.1920583373697524,-0.0069854986626173,0.018920138014256908,0.0017951145425773288,-0.07654532057695579,0.021600706970306704,2.175977682889212,-0.02959826170781158,0.02964742732970747
65.08,straight,2.171480480890935,1.1276517804699302e-05,2.1890483137687973,-0.006517986601376102,0.018741932368461788,0.0020056149337024467,-0.07611749782500797,0.021542004050274236,2.173192390856847,-0.029363601959412063,0.02942471956166519
65.1,straight,2.168481482795613,1.1267288194871753e-05,2.1648607197105108,-0.05940112044356831,0.05952261537691203,0.002213174140032724,-0.0756883591638349,0.021484036914530626,2.1704046560755064,-0.02912451121326586,0.029199181227402192
65.12,straight,2.165482474368659,1.1258059849885006e-05,2.155305201410695,-0.015095384800072496,0.018215036188768522,0.0021065902827933757,-0.07606723276744155,0.021437934792293216,2.1673025717155965,-0.029667939909254277,0.029734954959468256
65.14,straight,2.1624834557208032,1.1248830492233592e-05,2.151833541984811,-0.00911503838219669,0.014025326408770772,0.001939563779522776,-0.07570202341893151,0.021392550904204027,2.1641403530980052,-0.029465266757485602,0.02952304659290567
65.16,straight,2.159484426955018,1.1239598341205083e-05,2.1488274998196877,-0.008662367764196249,0.013740508019982481,0.001774640992714792,-0.07533478511941544,0.021347673818672225,2.1609797071317307,-0.029258385047020698,0.029307794009226402
65.18,straight,2.1564853881688464,1.1230362175316533e-05,2.1458200978127655,-0.00820696306726299,0.013464290609726707,0.001611792590604773,-0.07496552958373869,0.02130330990456624,2.1578206394198647,-0.029048114041898835,0.029090005037777866
65.2,straight,2.1534863394644503,1.1221127960164366e-05,2.1428118027533074,-0.007748257118822135,0.01319678887683765,0.001450976703534116,-0.07459416965539378,0.021259415738786137,2.1546632307043256,-0.028834532560717958,0.028869751970849747
65.22,straight,2.150487280942272,1.1211895559747938e-05,2.163522645958393,-0.007634868718137216,0.015112355536270921,0.0012921681650789434,-0.07422115541796558,0.021216202053099726,2.151508500055241,-0.028617008784059587,0.028646429232239
65.24,straight,2.1474882127110817,1.1202662101558976e-05,2.163149801182855,-0.007226172930098089,0.017252969568214843,0.0014843654464413625,-0.07385006956677644,0.021172946595027352,2.1487037744055764,-0.028402277391882735,0.028439469738574346
65.26,straight,2.144489134869758,1.1193427573995355e-05,2.142943196103888,-0.060038239371444084,0.06006932916348915,0.0016738896493502086,-0.0734768987844342,0.021130085557307908,2.1458964988824194,-0.02818453519734942,0.028230830419143888
65.28,straight,2.1414900475146226,1.1184188775730624e-05,2.1380466536059535,-0.06671817880615977,0.06681814758970894,0.0016073945339461536,-0.07386963712039839,0.021080244670722077,2.1458322585153247,-0.028684143545406625,0.029022002517861398
65.3,straight,2.138490950735445,1.1174943666285128e-05,2.135200195238731,-0.06761944175962448,0.06771062979626304,0.0015419786249230342,-0.07426835237299467,0.021031063635897913,2.139775655522174,-0.029317092746315655,0.02935639201407903
65.32,straight,2.1354918446385085,1.1165695674356196e-05,2.1480952987332578,-0.009262590218948213,0.015647670877240786,0.0014796033166165883,-0.07467300313272418,0.020982529930994538,2.1367152890868844,-0.029888008331014244,0.029924194622353194
65.34,straight,2.1324927293153166,1.1156441771130546e-05,2.1468520416031818,-0.0022481977654641243,0.014535973679605583,0.0016516340236979636,-0.074205444495353,0.020931812941677494,2.1338891027950138,-0.029590744642168057,0.029634817473339053
65.36,straight,2.1294936048665107,1.1147188315318346e-05,2.143841626051192,-0.00166826456693803,0.014445972994566415,0.0018212877302984844,-0.07373592550694766,0.02088184910858391,2.131062672631912,-0.029291230719926564,0.029344357630213053
65.38,straight,2.126494471376134,1.1137938788464965e-05,2.1408296520900443,-0.0010839647618342693,0.014376948773136198,0.001988529126615762,-0.0732641543274993,0.02083250397503131,2.1282339918428477,-0.028989240667271626,0.029052502314756715
65.4,straight,2.12349532891929,1.1128697211063662e-05,2.1378187261620902,-0.0004899208111197051,0.014332158217967426,0.002153378971902583,-0.07279053117904431,0.02078398051651749,2.125403161836173,-0.028679379849813717,0.02875387116764703
65.42,straight,2.1204961776190743,1.1119456714891597e-05,2.1176084124275727,-0.013034460062387484,0.013361374659460438,0.0023158785941211693,-0.07231480678876914,0.0207361752519994,2.1225692017203652,-0.028366015870958564,0.028452754494593772
65.44,straight,2.117497017567487,1.1110216215718009e-05,2.11269244944807,-0.014187081772593379,0.014989080377568334,0.002223283357698211,-0.07204921621738039,0.020697969233785536,2.119479743983914,-0.02824387506176974,0.028324466404533944
65.46,straight,2.114497848853418,1.110097566297867e-05,2.1096896751349608,-0.013906783654668855,0.014725014332423878,0.002131848213709647,-0.0717831481063332,0.020660444594775843,2.1163930245285982,-0.028118420755116055,0.02819329146520791
65.48,straight,2.111498671566082,1.1091733002122693e-05,2.1066883775689313,-0.013625509995296981,0.014460146438929075,0.0020415411234838247,-0.07151577383011727,0.02062322138080803,2.1133066411628363,-0.02799100590894002,0.028060403176213448
65.5,straight,2.108499485792649,1.1082488745839156e-05,2.103686595328503,-0.013342915294793097,0.014194829038161338,0.0019523930640338312,-0.07124780095850619,0.020586627529987644,2.1102201061710173,-0.02786223568366478,0.02792637463808886
65.52,straight,2.1055002916192507,1.1073244591995912e-05,2.0981958313371223,-0.013924755047889334,0.015734117395351868,0.0018643834204038348,-0.07097846631869613,0.02055030352963438,2.107136065514187,-0.027731242572122967,0.02779049915186319
65.54,straight,2.1025010891318487,1.1064000727530542e-05,2.0949169217683767,-0.01375196638034905,0.015714343761913538,0.0017408537494132863,-0.0707208961128604,0.020514426758766836,2.1040157572417075,-0.027610629381304028,0.027663191514609973
65.56,straight,2.0995018784157082,1.1054757149309107e-05,2.0928035489603225,-0.06116576076234027,0.061542427435051256,0.0016189160995350414,-0.07046286801849141,0.020479205078966327,2.100895860931269,-0.02748780261105514,0.02753416684431437
65.58,straight,2.096502659555682,1.104551365460807e-05,2.089917607046308,-0.06729042681724433,0.06762285925970572,0.0015119137743118613,-0.07092075115149302,0.02045161461958634,2.0977915131446387,-0.0280649009963069,0.02810551397864814
65.6,straight,2.0935034326352735,1.1036270365339936e-05,2.086935656969289,-0.0682437779044216,0.0685700760917865,0.0014065309118796402,-0.0713840116602299,0.020424205675019933,2.094689252700128,-0.028645822280443253,0.028681382658917676
65.62,straight,2.090504197736152,1.1027023748185311e-05,2.08524972544469,-0.014840164530316308,0.015753328843049686,0.0013027572991339597,-0.07185295045319438,0.020397109206874847,2.0915883628115735,-0.029232798964188393,0.02926391587473348
65.64,straight,2.087504954936449,1.1017773444991257e-05,2.082390247380572,-0.00852989188478133,0.009955268513311294,0.0012195474414228326,-0.07152207047096858,0.020367713511873435,2.0885084089769186,-0.029024875533382483,0.029053227361806176
65.66,straight,2.0845057043237603,1.1008524305132706e-05,2.0793833615143624,-0.008119991284799163,0.009609971579179812,0.0011373419188480912,-0.07118974822566518,0.020338844975379782,2.0854287982181168,-0.028813769153832953,0.02883955461743274
65.68,straight,2.0815064459692394,1.0999279520411531e-05,2.076375500092315,-0.007707902882791137,0.009268659891444033,0.0010561277892459826,-0.07085626609971539,0.0203106437248071,2.0823499821618765,-0.028600350467837786,0.028623781854848297
65.7,straight,2.078507179945916,1.0990041011369491e-05,2.0707557844687465,-0.06155664922950587,0.062053673035429746,0.0009758644239095803,-0.07052071900511374,0.020282675627170014,2.079272468938637,-0.02838364568563057,0.02840494684541885
65.72,straight,2.075507906352456,1.098080328918397e-05,2.0781902399813137,-0.0031517350526847655,0.004147009197256367,0.0008582578014260337,-0.07099040943424555,0.02025913954546158,2.0761580856564446,-0.028962565213905195,0.028980840255896912
65.74,straight,2.0725086252670053,1.0971565755431683e-05,2.0763707761869314,0.004652079949133236,0.0060378884350860695,0.000900015538625122,-0.07050523360440651,0.020235779898830228,2.0732027421828425,-0.02858639148709644,0.02860578563629163
65.76,straight,2.0695093367658473,1.0962325564470308e-05,2.0733573817296698,0.005378416321835794,0.006604317712352188,0.0009410348837894912,-0.0700163464719891,0.020212800793438387,2.0702463203875663,-0.028205598599595556,0.028226183860060674
65.78,straight,2.0665100408868113,1.0953083080505207e-05,2.07034275695305,0.006110504739005084,0.007203765879572804,0.0009813069234392083,-0.06952326250929237,0.02018997562528468,2.070287546225525,-0.02775974688888916,0.028026439722468578
65.8,straight,2.063510737702117,1.0943848781119405e-05,2.0674606580173434,0.006850288049802062,0.007898006051952332,0.0010208486399233977,-0.06902627609132815,0.020167452357434678,2.064325219031589,-0.027429455046805815,0.027452483883703253
65.82,straight,2.0605114273403444,1.0934615692476937e-05,2.047525161273689,-0.005332204777939622,0.01404251561985075,0.0010616714696819207,-0.0685253337523603,0.020145226731609737,2.061368819895206,-0.027037466003907884,0.02706198621815348
65.84,straight,2.057512109875546,1.0925382448627177e-05,2.0426320607991824,-0.006302159795872474,0.016163876545672085,0.0008525987459169646,-0.06821614447819288,0.020125974303244473,2.058165053937936,-0.02682943567390015,0.026848301949728117
65.86,straight,2.0545127853782787,1.0916149041755329e-05,2.0473187784718747,-0.06122776016899166,0.061659786024233464,0.0006460853437009202,-0.06790439498258374,0.02010691243861062,2.054961714978456,-0.026616337824371405,0.026631038131296386
65.88,straight,2.051513453919881,1.0906914061869195e-05,2.045189391841744,-0.06821377963760306,0.06851716293193305,0.0005554422669012047,-0.06840630863559789,0.020088740453508645,2.0518705049387123,-0.027214603511015106,0.027227851610731674
65.9,straight,2.0485141155707964,1.0897676640203438e-05,2.042206734271949,-0.06919816490612864,0.06949588047096504,0.0004662478539414597,-0.06891286766735859,0.02007036798378746,2.0487815182360616,-0.027819215803186532,0.027831398105115465
65.92,straight,2.045514770399393,1.0888436389971798e-05,2.040638443413734,0.0019433418607317102,0.005245277981986758,0.00037846224970754835,-0.06942461523830602,0.02005204085041695,2.045696422393023,-0.028427662704215383,0.028439131288132132
65.94,straight,2.042515418472732,1.0879190696675756e-05,2.0377791095368387,0.01060349473045951,0.011603280842479273,0.00031272137839841234,-0.068873221350579,0.02003042020374376,2.042630905615652,-0.027979794009407793,0.027990911444167488
65.96,straight,2.0395160598625353,1.0869944844496257e-05,2.0347604926848426,0.011435566891706708,0.012374939171939004,0.0002475959890510803,-0.06831737530136636,0.02000904836860617,2.039568558174958,-0.027527647325370264,0.02753856731049609
65.98,straight,2.036516694622449,1.0860704710284713e-05,2.0317416621806386,0.012274551007450559,0.013160510425582627,0.00018306112295120975,-0.06775715172550736,0.019987970108743928,2.036505693197632,-0.027070442250731994,0.027081305190034596
66.0,straight,2.0335173227982892,1.0851473642919366e-05,2.0250496624131844,-0.06068147788707353,0.061280177183385805,0.00011911563467565166,-0.06719206283887189,0.019966959327613762,2.0334423781933073,-0.0266084420031378,0.02661939897700165
66.02,straight,2.0305179444988966,1.0842243775700334e-05,2.03100098492248,-0.028234400985115107,0.028249373322429966,2.7712267037696665e-06,-0.06776321645764218,0.019973080438394995,2.030327159572925,-0.027227287781164265,0.027238798177296922
66.04,straight,2.0275185597931795,1.0833013607177477e-05,2.0290372836285178,-0.02368394101658463,0.02374339568027026,2.5706604257140747e-05,-0.06772845193612617,0.019978829648448604,2.027350432786922,-0.02724101462996601,0.027252366258340918
66.06,straight,2.0245191687464654,1.0823781162790303e-05,2.0260347883723577,-0.02363462615233184,0.023693974031550536,4.82696665026732e-05,-0.06769246054640227,0.019984387131376714,2.0243741261928156,-0.027253174477881226,0.027264384064407624
66.08,straight,2.021519771413665,1.081454670791569e-05,2.023033965413489,-0.02358573866434412,0.0236450863164234,7.049273951402876e-05,-0.06765592046812773,0.019990084217131377,2.0213976527132846,-0.027264728735773767,0.0272758166574626
66.1,straight,2.018520367847117,1.080531844050564e-05,2.0200336300748516,-0.023536449674707135,0.02359582972226671,9.23803796061402e-05,-0.06761784277066661,0.019995424942855562,2.0184203983481717,-0.027275670472929506,0.027286658919950992
66.12,straight,2.0155209581337488,1.0796089877331863e-05,2.011683435164021,-0.0070621031235735265,0.00804689292999618,0.00011394553364255454,-0.067578082461244,0.020000335575343985,2.015442326602954,-0.027285508911421338,0.027296418256642353
66.14,straight,2.012521542336458,1.0786860315390933e-05,2.0080800531845933,-0.00481598637836339,0.006559311380301863,5.638309617482199e-05,-0.06729077799892533,0.02000275140282323,2.0123859604443552,-0.027053162659583914,0.027064289129129625
66.16,straight,2.0095221205179996,1.0777627726744706e-05,2.0019755203372718,-0.0628066579363282,0.06326911873206356,-5.679835160596873e-07,-0.06700028426983697,0.020005100163559907,2.0093302959790744,-0.026817405606742707,0.026828869009259442
66.18,straight,2.0065226927391393,1.0768390503158283e-05,1.998649482598694,-0.0701733210471685,0.0706243148505577,-0.00010249765150768313,-0.06756489649966183,0.020006399034016707,2.0062296833883377,-0.027438767237028903,0.027451099443315728
66.2,straight,2.003523259057914,1.0759150326499053e-05,1.995670103536756,-0.07120048612613547,0.07164295851975912,-0.00020281551919768223,-0.06813491472373083,0.02000776161563139,2.0031305081880033,-0.02806540965004949,0.02807891571540863
66.22,straight,2.0005238195349904,1.0749906768421112e-05,2.0030427949226772,-0.012500146075261455,0.012761965180838861,-0.0003015505724448486,-0.06871006277997271,0.02000903373552929,2.000032984565628,-0.028697160258844265,0.02871210589706086
66.24,straight,1.9975243742233886,1.0740657222217343e-05,2.0011860487139645,-0.0055487319526032605,0.0066569960022771916,-0.00024648560761220215,-0.06840592848291545,0.02000753837572331,1.9970885308587276,-0.028455128245557865,0.028469205324855505
66.26,straight,1.9945249231860345,1.0731410454594288e-05,1.998176832677659,-0.0050826336072786514,0.006267280920693287,-0.0001922838594179561,-0.06809906269561986,0.020006145639740736,1.9941436632225513,-0.02821121391713766,0.028224520496075066
66.28,straight,1.991525466471117,1.0722170671961181e-05,1.995167675350126,-0.004611602960628693,0.005884859823121099,-0.00013893367310633672,-0.0677892654741458,0.020004758793774096,1.994197068725247,-0.0279041825324663,0.028042456440004734
66.3,straight,1.9885260041195778,1.0712939903246953e-05,1.98069816725638,-0.06215849729277423,0.0626600808402901,-8.642624658516242e-05,-0.06747654078757805,0.020003390412122225,1.9882537987786797,-0.027711569996145716,0.027723619297161852
66.32,straight,1.9855265362211156,1.0703710193959723e-05,1.9792241411651679,-0.014679274022453117,0.015984856246676157,-0.00020375674083960378,-0.06799838063784788,0.01999379123251056,1.9851374978733025,-0.028313096203382924,0.028326471583668994
66.34,straight,1.9825270628438858,1.069447755571748e-05,1.9792294569983995,-0.008255674815275242,0.008899835144408251,-0.0002783331888526776,-0.06771929389433239,0.019984150111603243,1.9820646500810122,-0.028112434102564775,0.028126929919514116
66.36,straight,1.97952758404206,1.0685241578014176e-05,1.9738248956391318,-0.007871486641189413,0.009728786594965606,-0.000312292891083628,-0.06743666447950661,0.019974610380916302,1.979032741857128,-0.02790823086167155,0.02792330111516681
66.38,straight,1.9765280998579726,1.0675998298868301e-05,1.9705208520723652,-0.007442553275455437,0.009572755745595615,-0.00038561821252194563,-0.06715200792538144,0.019965161293939826,1.975962912105295,-0.02770041416666994,0.027716853272455152
66.4,straight,1.9735286103469747,1.0666756873433606e-05,1.9675144115837375,-0.007006796232208341,0.00924204379814638,-0.00045807606016688745,-0.06686421892403294,0.01995563543451965,1.9728895077664979,-0.027490620223545665,0.027508712032513285
66.42,straight,1.9705291155747773,1.0657515827225394e-05,1.9777234124830827,-0.01122186559591526,0.013338946115067788,-0.0005296439688160558,-0.06657341537832638,0.019946085410125852,1.9698211469210463,-0.027277430077079053,0.027297269901819694
66.44,straight,1.9675296155946569,1.0648274919503417e-05,1.9761851768356464,-0.011406689437052387,0.014327398257385599,-0.0004059019991397839,-0.06634868949678,0.019936815635947954,1.966945243443413,-0.02713026278061397,0.027147201397851834
66.46,straight,1.9645301104592647,1.0639034136958864e-05,1.9569091674530983,-0.06271159416250537,0.06318352086958448,-0.00028387905885974624,-0.06612205554645963,0.019927728597308944,1.9640680745940584,-0.02698176321096118,0.02699635634862446
66.48,straight,1.9615306002215647,1.0629792798419229e-05,1.9521150866008732,-0.0692989289144399,0.06994617090973274,-0.0004033392614961332,-0.06663496110316697,0.019909502486887234,1.9609493743914426,-0.02759048143350841,0.027607230291946384
66.5,straight,1.9585310849332558,1.0620550972980361e-05,1.949131822247772,-0.07028746553443943,0.07092367056422545,-0.0005210088631703456,-0.06715312597080583,0.019891411723982434,1.95783466976719,-0.028204052713369326,0.028223266669489537
66.52,straight,1.9555315646464777,1.0611306133973412e-05,1.9599247008735559,-0.004860956339661987,0.006559864117284174,-0.0006369147581161618,-0.06767757661578347,0.019873961769045406,1.9547218336412262,-0.02882183602801754,0.028843815343631056
66.54,straight,1.9525320394119632,1.0602056841441941e-05,1.9584483148366956,0.0030223210853375137,0.0066387322892174005,-0.0005484645493942213,-0.06722427942915007,0.019853794062589518,1.951812644860569,-0.028468863920951472,0.028488550522987998
66.56,straight,1.9495325092723874,1.0592811371980678e-05,1.955438194117766,0.0036991247037183065,0.006962929054197762,-0.0004613394120956155,-0.06676701602929923,0.019833713045904706,1.9489015396435532,-0.0281107009617354,0.028128371551618823
66.58,straight,1.9465329742710793,1.0583572960402032e-05,1.9524271738611214,0.0043803376702343765,0.007337325103734693,-0.00037551022591453964,-0.06630631639033627,0.01981400794190081,1.945989852533787,-0.02774812587973982,0.02776402225364596
66.6,straight,1.9435334344583026,1.0574341196584045e-05,1.9350415886834216,-0.06203017217684207,0.0626192116940152,-0.00029098424347264926,-0.06584215767133529,0.01979466633283897,1.9430749962712606,-0.027382457197607006,0.02739686738401357
66.62,straight,1.9405338898981341,1.0565111264942912e-05,1.9514058702308958,-0.02274863135354768,0.025222628334095096,-0.00041851833146720123,-0.06640075496285085,0.019795662360732155,1.939948532708559,-0.027999290196434688,0.028015971112878745
66.64,straight,1.937534340645783,1.0555878977289459e-05,1.9507295813851937,-0.017370046261710945,0.02182200057153102,-0.00023588463198327258,-0.06626421531513374,0.019796571475631405,1.9371311292261206,-0.027920037552302195,0.027933503698468955
66.66,straight,1.934534786749623,1.0546641387292981e-05,1.9477233435485581,-0.01715596881971666,0.021647800893279202,-5.575045341635779e-05,-0.06612577267876454,0.01979742466082888,1.934311720262115,-0.027839890923713632,0.02785133086991417
66.68,straight,1.9315352282503113,1.0537396304877111e-05,1.9447173186149271,-0.016938471397581915,0.02147175832287959,0.00012191468048552374,-0.0659858885294378,0.01979845131657312,1.9314895311407225,-0.027756945996731376,0.02776752099501086
66.7,straight,1.9285356651960086,1.0528152467106657e-05,1.9417123568416266,-0.016720749434701407,0.02129696815095017,0.0002971429776684548,-0.06584407523125471,0.01979940526303354,1.9286655261080667,-0.02767284179477882,0.027683674530173185
66.72,straight,1.9255360976348328,1.0518909294568779e-05,1.9411146060832913,-0.0044904148566212365,0.016215681615148192,0.00046997615883614605,-0.06570054511787515,0.019800388575942674,1.9258394752048125,-0.027586498662209382,0.027598685055485243
66.74,straight,1.9225365256132676,1.050966650243157e-05,1.9383724785147332,-0.0026662690498452037,0.01606058992047699,0.0006758089135283352,-0.06537567212721045,0.019799908712454475,1.9230467378366773,-0.027322144267115225,0.02733741552465817
66.76,straight,1.919536949176745,1.050042409876133e-05,1.90997042198195,-0.062229914889830984,0.06297132475197909,0.0008787693207409396,-0.06504777280594064,0.01979961261077439,1.9202510326497384,-0.02705421690294019,0.02707413598250043
66.78,straight,1.91653736836723,1.0491183894785443e-05,1.904160946745171,-0.06973818312674382,0.07083821977053424,0.000703625810927967,-0.06551388048527042,0.019754055596465928,1.920077618021122,-0.02760776549133017,0.027844235837790395
66.8,straight,1.9135377832306375,1.0481945525226833e-05,1.9013093348215193,-0.07072529289267691,0.0717849900219767,0.0005310001789787467,-0.0659861905942271,0.019709101384106868,1.9139056155394039,-0.02828388186816316,0.028296754658948636
66.82,straight,1.910538193816592,1.0472704495322155e-05,1.9152634965372304,-0.020803458876823576,0.021343575934540514,0.0003628529372846714,-0.06646465658915836,0.0196647268255642,1.9107400346961538,-0.028906302088513306,0.02891747921535073
66.84,straight,1.9075386001672285,1.0463461914215702e-05,1.9141368597300206,-0.014996995944406184,0.016393927750552373,0.00044611600270993876,-0.06619580883120729,0.01961874316323879,1.9078257237467893,-0.028784522823811727,0.028796417748481927
66.86,straight,1.9045390023252224,1.0454219705201183e-05,1.9111294472083782,-0.014718556370400829,0.01613622374415307,0.0005281407888462095,-0.06592605260107735,0.019573283281273873,1.904912368819865,-0.0286604692017069,0.0286733543969972
66.88,straight,1.9015394003243387,1.044498186160804e-05,1.9081222334019174,-0.014437785522438122,0.015877186653580747,0.0006089415821520377,-0.06565534870930866,0.01952832962109496,1.9019955392213803,-0.028533992281202705,0.02854808157054356
66.9,straight,1.8985397941955995,1.043575150277624e-05,1.8871094626143639,-0.06324804735251417,0.06428287613881468,0.0006885728850074222,-0.06538383523342982,0.019483955469055327,1.8990793146614358,-0.028404631446064203,0.028420188707594874
66.92,straight,1.8955401840089081,1.0426518101080635e-05,1.919665602817692,-0.02119711887808149,0.03212157864162914,0.0005019463065065741,-0.06582808547911609,0.01943704632614857,1.8958967817998913,-0.028997617460930557,0.029010235736270186
66.94,straight,1.8925405698026907,1.0417276591771332e-05,1.9208375936291733,-0.015667648828230338,0.03235001258459871,0.0008704755242878481,-0.06556696659978746,0.019390689613232946,1.8932677902478399,-0.028881305811788004,0.02890087390705444
66.96,straight,1.8895409516207593,1.0408031615524535e-05,1.9178366270263507,-0.01538696710096417,0.03221373011049752,0.0012341030813840007,-0.06530499748214749,0.01934497074739457,1.890634099326033,-0.0287637472673153,0.0287949124859329
66.98,straight,1.8865413294951452,1.039878585096856e-05,1.9148354185473462,-0.01510295879193657,0.03207754748368316,0.0015928814439109555,-0.06504158549053009,0.019299558884444807,1.8879968366298003,-0.028643452085873614,0.02869079418207282
67.0,straight,1.8835417034657098,1.0389544713364007e-05,1.9118332437757524,-0.01481782362012302,0.0319419341740069,0.0019468580123472828,-0.06477705481452498,0.019254633535251635,1.885352931539079,-0.028521596828919867,0.02858941750996254
67.02,straight,1.8805420735806848,1.038030427764399e-05,1.8766783194076386,-0.01758720109535653,0.01801675518583972,0.0022961204740489225,-0.06451196918718655,0.01921049140986619,1.8827040522880256,-0.02839688120134145,0.028489413089420136
67.04,straight,1.8775424398795764,1.0371064172324665e-05,1.8701025387271781,-0.01769447628484012,0.019204524175550134,0.0021675792641708967,-0.06429267274306878,0.0191678535778445,1.8795789381205736,-0.02831527153684627,0.028398756202450564
67.06,straight,1.8745428024011375,1.0361824381751546e-05,1.8624261967077962,-0.0642385598340705,0.06538146578199241,0.002040661109168498,-0.06407204903572171,0.019125461484032474,1.87645562066316,-0.028231673535075025,0.02830673833115242
67.08,straight,1.8715431611843485,1.0352584404806447e-05,1.858922237750177,-0.07027832999937045,0.07141279022481847,0.0018465392661661966,-0.06453618104607356,0.01908212140812302,1.8732639874108485,-0.028834956804732657,0.028896593513022817
67.1,straight,1.8685435162670387,1.0343344408104015e-05,1.8559380048853418,-0.07124644055760547,0.0723631685959947,0.0016552138392525284,-0.06500653175558531,0.019039497125596803,1.870074770792727,-0.029443165178049818,0.029493285756336852
67.12,straight,1.8655438676887854,1.0334101271769289e-05,1.8697896280014232,-0.006567827383382135,0.007829347939040276,0.0014666248994559237,-0.06548291099391314,0.018997475013156143,1.8668882196120684,-0.030056310225249905,0.03009668392283762
67.14,straight,1.862544215485599,1.0324855361131269e-05,1.8686520273621272,0.0012363106038615623,0.006229639393623557,0.001528422029288847,-0.06499395764866073,0.018953271489093204,1.863952826962587,-0.029706932048291067,0.029750622584590842
67.16,straight,1.8595445596932194,1.0315610632947607e-05,1.8656423337025252,0.0019148622916935116,0.006388281923091989,0.0015892375754291992,-0.06450171983347583,0.01890954259472625,1.861016948317616,-0.02935237081402627,0.02939957962852733
67.18,straight,1.8565449003419872,1.0306370288915579e-05,1.8626334205777308,0.0025977027767385558,0.006615489311091727,0.0016491010776456126,-0.06400651159001841,0.01886645640078692,1.8580804444471866,-0.028993436746098594,0.02904436280004105
67.2,straight,1.8535452374508594,1.029713883758004e-05,1.8399831624546958,-0.06215885798258727,0.06363123232119075,0.0017080260878411895,-0.06350805818806352,0.018823866631829413,1.8551426799643833,-0.02863090930732213,0.028685719953934465
67.22,straight,1.8505455710837992,1.0287908126405344e-05,1.8444200399119648,-0.020270782250289644,0.0211859372912248,0.0014769927800028402,-0.06397042406321139,0.018782300093018657,1.851914528935377,-0.02922695193579885,0.029269271246319176
67.24,straight,1.8475459012790054,1.0278677328691173e-05,1.8424845659108404,-0.014518613486575183,0.015385246933974939,0.0013905710054774667,-0.06370316061693103,0.018741049769750287,1.8488307853511525,-0.029092154193091,0.029130783134961234
67.26,straight,1.844546228073341,1.0269443149128573e-05,1.8394792652018073,-0.014186623706303353,0.015074013660550768,0.0013052201567715117,-0.06343475008859119,0.01870051572674816,1.8457478397005262,-0.02895524381413073,0.02899042650186855
67.28,straight,1.841546551490481,1.0260205401730892e-05,1.836473676818472,-0.013850606975189125,0.01476000326679812,0.0012209215607440363,-0.06316508931980089,0.018660640358165254,1.8456649145211461,-0.02875913090201725,0.02906266984886261
67.3,straight,1.8385468715692923,1.0250970055878835e-05,1.8336018379032986,-0.01350918233176806,0.014395431037668783,0.0011376576482961713,-0.06289392726565729,0.018621292806782305,1.839583046301523,-0.028669845658111176,0.02869880834941954
67.32,straight,1.8355471883482863,1.0241735522625091e-05,1.8428420769414546,-0.0010016463946207871,0.007364734698185807,0.0010574043026517102,-0.06262124565415671,0.01858247371209517,1.8365055466866527,-0.028525439047511723,0.028551769270151232
67.34,straight,1.832547501861427,1.0232501344605422e-05,1.841190947844544,0.0009617080264061979,0.008695657774881304,0.0011580541348308192,-0.06216397210332667,0.018541991701513612,1.8336097436621817,-0.02819977669050506,0.028230001350469557
67.36,straight,1.8295478121417261,1.0223267518185745e-05,1.8191946740318325,-0.06256781572432875,0.063428687774442,0.0012572004612839693,-0.06170346739905892,0.01850196338043402,1.8307072543578622,-0.027867811524477662,0.027902134866642184
67.38,straight,1.826548119219325,1.0214035698423292e-05,1.8140974648884542,-0.07051518942879746,0.0716159991000388,0.0010755708533369266,-0.06218630264388887,0.01846354444344581,1.827528744632697,-0.028476327886612904,0.028503415530300086
67.4,straight,1.8235484231271215,1.0204805894467414e-05,1.8111109836919967,-0.07150154632453984,0.07258526330766851,0.000896509231459589,-0.06267481667520955,0.018425483165417995,1.8243541214285737,-0.029090484803520302,0.029111840984322235
67.42,straight,1.8205487239035136,1.0195572820170991e-05,1.8054682299402238,-0.013998767780372076,0.02058330275752421,0.0007199516739884832,-0.06316906408099063,0.01838779498976491,1.8211772181471761,-0.029705807379044647,0.029722648543653633
67.44,straight,1.8175490215816978,1.0186333169180633e-05,1.8021685898399695,-0.007170207346458769,0.016973972250372185,0.0005067761473575052,-0.06280365643022524,0.01834794688235793,1.8179672669388436,-0.029470185062100127,0.02948333812141676
67.46,straight,1.8145493161840562,1.0177095404312623e-05,1.7991595842478434,-0.006683632535178336,0.01678245918925384,0.00029630498208436603,-0.06243586707909676,0.01830847823194975,1.8147579604862225,-0.029229027875985938,0.029239949381006096
67.48,straight,1.8115496077330704,1.0167865374316626e-05,1.7961519141073847,-0.0061957983349985105,0.016601294692603068,8.850817937120146e-05,-0.06206601790237872,0.018269606847418095,1.8115531269183915,-0.028985241541668216,0.02899540962060505
67.5,straight,1.8085498962614963,1.0158642455008951e-05,1.793325301609799,-0.06456786046019283,0.06634838983374382,-0.00011665061886613086,-0.06169452226507412,0.018231547542295334,1.8083491671205765,-0.028736998219821838,0.02874785765674314
67.52,straight,1.8055501818154625,1.0149420324278735e-05,1.8011306475454447,-0.027279807653718503,0.02764550669217258,-0.00031581010978928706,-0.06223111230735979,0.018218332886540713,1.8051525900034153,-0.02935182884234056,0.029364670043203436
67.54,straight,1.802550464427938,1.0140197200921035e-05,1.7993267429451982,-0.022281831635682616,0.022523862643790714,-0.0003536141217417771,-0.06211636048497401,0.018205698248656896,1.8021156466547281,-0.029314378497894932,0.029327742211000925
67.56,straight,1.7995507441308973,1.0130969883432945e-05,1.796324937401638,-0.022132040708105306,0.022375915527013908,-0.0003909441492800019,-0.06200109604272623,0.01819357359952669,1.799079912698944,-0.02927530990693779,0.029289225486296266
67.58,straight,1.7965510209502327,1.0121737908448084e-05,1.7933230016411066,-0.021980612521291038,0.022226392013073575,-0.00042782070132823375,-0.06188459556623828,0.018181557913301578,1.7960447121612506,-0.02923427211997753,0.029248776396713753
67.6,straight,1.7935512949046313,1.0112511556994597e-05,1.790320591226302,-0.021828840002096096,0.022076623227993104,-0.0004642503203669764,-0.06176700047613284,0.018169727560556355,1.793009193565112,-0.029192223400208214,0.029207367162513646
67.62,straight,1.7905515660334714,1.01032857714135e-05,1.7729780010047986,-0.008574581870481471,0.01955829765212147,-0.0005002369329120735,-0.06164816985396798,0.018157999426024092,1.7899728187889299,-0.029148695583246016,0.029164541824909174
67.64,straight,1.7875518343700207,1.0094057080548462e-05,1.7683744114628623,-0.006665919996309646,0.02030622350416412,-0.0007468543239128409,-0.06133242973785316,0.01814476972144257,1.7867266917661424,-0.028912234909083775,0.028934097068057316
67.66,straight,1.7845520999430846,1.0084824124788713e-05,1.769199798197139,-0.06458967700165248,0.06639896382358473,-0.0009903517400919723,-0.0610138578359041,0.018131785515103346,1.783484591790651,-0.028671950570974068,0.02870189415458875
67.68,straight,1.78155236277685,1.0075585588774988e-05,1.7666408438894776,-0.07192911481751516,0.07346836401732722,-0.0011741180988910959,-0.061563862759222925,0.018125640586640828,1.7803016100097504,-0.02928729509049311,0.02932405686490445
67.7,straight,1.778552622896143,1.0066348905945104e-05,1.7636577571752017,-0.07293487132896212,0.0744501239600911,-0.0013552267574143588,-0.062118897203828724,0.018119465474058655,1.7771210205915342,-0.029908364068324304,0.029952662048459224
67.72,straight,1.7755528803349137,1.0057108850036271e-05,1.7728753012379734,0.015860360386715136,0.016074873057684538,-0.00153371193054763,-0.06267950840123339,0.01811354466720148,1.7739439609571832,-0.030534685547031686,0.03058708756122552
67.74,straight,1.7725531351167803,1.0047866949084028e-05,1.771212817151703,0.026862651143970354,0.02688603271218352,-0.00153020539052004,-0.06191635872039935,0.018103541835216123,1.7709487299900988,-0.02984303361688646,0.029896163464415405
67.76,straight,1.769553387267166,1.0038627341586048e-05,1.7681908033890603,0.02811813339990489,0.028141102085175597,-0.0015270573056138965,-0.06114554111938616,0.018093366011791085,1.7679529790280468,-0.029145344782413363,0.029199275475628755
67.78,straight,1.7665536368110537,1.0029390871332654e-05,1.7651686728887264,0.029384427937577954,0.029407030027646594,-0.001524248613114404,-0.06036779279787075,0.018083437200303462,1.7679561053572446,-0.02838516529618685,0.02842980828881883
67.8,straight,1.763553883756643,1.0020163344048037e-05,1.7495218029494606,-0.06136002358701102,0.0629538049819055,-0.0015217808352699176,-0.059582863434050594,0.018073639613869517,1.7619608574811028,-0.027728477664369335,0.027784204045691527
67.82,straight,1.7605541281549506,1.0010936390030445e-05,1.7583161952700341,-0.012166617937746612,0.012380574879053427,-0.0017054158228980902,-0.06014664644603649,0.01806495226595295,1.7587783358204696,-0.028360373157770704,0.028425906002542994
67.84,straight,1.7575543700370986,1.0001708384677844e-05,1.756776719828682,-0.0051189667233158065,0.005187586820481206,-0.0016923804559168,-0.059829758227123435,0.01805638459199004,1.7557940915687587,-0.028113996176524277,0.028179031873300127
67.86,straight,1.7545546094297606,9.992477547054394e-06,1.7537706240645,-0.0046002693861241966,0.004676446033534918,-0.0016796358785445076,-0.059509907327667644,0.01804811294380502,1.7528089993541216,-0.02786259428276409,0.027927195477656624
67.88,straight,1.7515548463619837,9.983236859602589e-06,1.7507635885432762,-0.004078728977938615,0.004164571587943455,-0.0016671616142659408,-0.059186835834826854,0.01804001437664502,1.74982030617094,-0.027607603139337314,0.02767200222103639
67.9,straight,1.7485550808538193,9.973989058262222e-06,1.7477565844420289,-0.00355335774306458,0.003651702281511425,-0.0016549203729357617,-0.05886060458337887,0.01803211537568782,1.7468337437784691,-0.027348806825453705,0.027412878159425055
67.92,straight,1.7455553129258732,9.964741974919313e-06,1.7364347418566854,-0.0014963374212322675,0.009244120446802222,-0.0016429444374592562,-0.0585313616892742,0.01802450253951949,1.7438488967990624,-0.027087466182036675,0.02715110713542672
67.94,straight,1.7425555426031138,9.955496040830121e-06,1.7325039204164012,-0.0007568047347856798,0.010080824858908653,-0.0017536293814152698,-0.058176091346564485,0.01801688298771777,1.7407401451491973,-0.026800832589389183,0.026872179399474144
67.96,straight,1.7395557699081792,9.946252563778416e-06,1.7238525377184177,-0.06526216608221176,0.06713449299614258,-0.0018629578660070698,-0.057817344168555475,0.018009441655319876,1.7376315925610197,-0.026509119696406885,0.026588781793628245
67.98,straight,1.7365559948630676,9.937013174435718e-06,1.7202455517424218,-0.0734075252973203,0.07520740872350766,-0.002053367283347371,-0.05844780299739233,0.018022225039682573,1.7344409289376008,-0.02717171769747155,0.027263819554087677
68.0,straight,1.73355621748442,9.927780941963064e-06,1.717266310969884,-0.07449226716754516,0.07626229806657217,-0.0022409486590959284,-0.059083360737735235,0.018034789812037655,1.7312525156072796,-0.0278383049411969,0.027943355347651893
68.02,straight,1.7305564378132061,9.91854705019285e-06,1.7281974624852245,-0.014889793144677074,0.015085296586233232,-0.0024257600741199137,-0.059724586899042545,0.018047445243804857,1.7280684054812867,-0.02851109942537405,0.028629334101023432
68.04,straight,1.7275566558761994,9.909307599001743e-06,1.7267366471979986,-0.007870921350531045,0.00792337718996434,-0.002403238813531977,-0.05947333472280664,0.01805733161432052,1.7250915471317019,-0.02829631496116159,0.028413361178775902
68.06,straight,1.7245568716931103,9.900065197129842e-06,1.7237284798748376,-0.0074416528796899285,0.007497457855502507,-0.002381161979401153,-0.0592185439325437,0.01806681339039862,1.722113836529526,-0.028079356190567995,0.028195296377455395
68.08,straight,1.7215570852778228,9.890826929822398e-06,1.7207201684936733,-0.007008064191571912,0.007067681539607235,-0.002359488256978385,-0.05896081389330226,0.01807624032286093,1.7191358387923223,-0.027858997411532752,0.02797386934607842
68.1,straight,1.7185572966511558,9.881594376062187e-06,1.7014666780350312,-0.06673573790683895,0.06889896201890708,-0.0023382186220917704,-0.05870014235543945,0.018085618451803235,1.716158168138095,-0.0276366117902098,0.027750394845589683
68.12,straight,1.715557505843293,9.872363726158489e-06,1.7198656784508284,-0.021921854827321775,0.022350861477779087,-0.0025561805983064876,-0.05933500871298094,0.018102562369841563,1.7129404781651552,-0.028296750924850938,0.028427341695444457
68.14,straight,1.712557712879132,9.863133249908429e-06,1.7194400670095287,-0.01596764316915384,0.01739676711402262,-0.002429771490448129,-0.05920348268665313,0.018119297996530937,1.7100677257325447,-0.028190338810643183,0.028309917443654298
68.16,straight,1.709557917782334,9.853901140657644e-06,1.7164365080557895,-0.015703264039127474,0.017152757199787278,-0.0023051118254904445,-0.059069579621941884,0.01813588766299031,1.7071937104983672,-0.02808203541663957,0.028191199362992275
68.18,straight,1.7065581205735327,9.84466561566943e-06,1.7134328152477134,-0.015437293893745657,0.016907853693929206,-0.0021821707590682286,-0.05893340585327314,0.018152388512308278,1.7043176923229657,-0.027972297211349795,0.028071690059000065
68.2,straight,1.7035583212685879,9.835433390916103e-06,1.7104276139525096,-0.015168356035696889,0.016660272454244892,-0.0020609346844769256,-0.05879440545993055,0.018168476318923262,1.7014390554476353,-0.027860197674174827,0.027950492536566656
68.22,straight,1.700558519893221,9.826202076866917e-06,1.708256052339662,-0.02636264757850494,0.02747288443304574,-0.001941387608616206,-0.058652690279475395,0.018184220262904994,1.6985583577692112,-0.027745990905980657,0.027827792435949027
68.24,straight,1.697558716469203,9.816971203173461e-06,1.7053473546311615,-0.02762180078772614,0.028708346946375966,-0.0018111845740043204,-0.05867946098404914,0.01820107185179948,1.6956879790813406,-0.02779873581915637,0.027871405896878608
68.26,straight,1.6945589110174382,9.807740757608364e-06,1.680779450867533,-0.0688311657132987,0.07020650360276394,-0.0016827191550407513,-0.058705207307138865,0.018217654703785474,1.6928156263284402,-0.0278508176746661,0.027915112216243165
68.28,straight,1.691559103560735,9.798508936524163e-06,1.6754022279837588,-0.07436054675274179,0.07610514360246043,-0.0018731209028839185,-0.05934813474838137,0.018241014631364422,1.6926245033619578,-0.028454161765697466,0.028483892136651333
68.3,straight,1.688559294118832,9.789276226358561e-06,1.6725557879989061,-0.07542173293175183,0.07711048405206139,-0.002060724027994124,-0.05999573158723953,0.01826406475715528,1.6864344704120784,-0.02917505493419071,0.02926209164381619
68.32,straight,1.6855594827125628,9.78004197536076e-06,1.6858445235930783,-0.04353551271407922,0.04354622566324278,-0.0022435853184262,-0.060647984631544416,0.0182868069612743,1.683251289369693,-0.029844344049104764,0.029943220964914242
68.34,straight,1.6825596693610976,9.770806854780959e-06,1.684652198694111,-0.040205975750220786,0.04027014961671309,-0.0021846154284553996,-0.06081768054971165,0.018307881246713762,1.6803100231503962,-0.030031941783992825,0.030125826187250276
68.36,straight,1.6795598540783345,9.761575604138531e-06,1.6816528560386534,-0.040463014732469944,0.040526858739474265,-0.0021264343929685114,-0.06098782930805782,0.018328767578919082,1.6773687209658132,-0.030223717866930008,0.030312775252670645
68.38,straight,1.6765600368797493,9.752350913740388e-06,1.678653195980648,-0.04071641495208924,0.04077992175340537,-0.0020690370030833844,-0.06115804322726888,0.01834921242970969,1.6744250137430405,-0.030413891911754743,0.030498466420718316
68.4,straight,1.6735602177864592,9.743132018630533e-06,1.6558079449771552,-0.07066984295093855,0.0728748727529188,-0.0020123826940705077,-0.06132885750935876,0.018369553737191367,1.6714808444494076,-0.030606211168083722,0.03068648645871334
68.42,straight,1.6705603968296998,9.733912892064349e-06,1.666127104452527,-0.03351743863445768,0.03381900915640878,-0.002248822646392239,-0.06192213564420213,0.018380714916687368,1.668245186824871,-0.031236807735661808,0.031332196896503614
68.44,straight,1.6675605740283004,9.724693317896657e-06,1.6648480440928497,-0.028970250917128775,0.029106645375803788,-0.002253680893752291,-0.061911371512428,0.018391894638948383,1.6652407296661096,-0.031263623922738334,0.031359273134531906
68.46,straight,1.664560749404714,9.715469360303149e-06,1.6618472015079098,-0.02891336037473605,0.029050088785950404,-0.002258543983859763,-0.0618991899343371,0.018402896107647143,1.6622380772580998,-0.03128863825799916,0.03138441893589196
68.48,straight,1.661560922973024,9.70624306828359e-06,1.6588464287814688,-0.028855543218181172,0.02899260431862147,-0.0022633805250363193,-0.06188591414994418,0.018413912549209262,1.6592322805652093,-0.03131191317010551,0.03140806294770784
68.5,straight,1.658561094733372,9.697025199117924e-06,1.655843668699706,-0.028797811140158065,0.028935392358590308,-0.002268153773417813,-0.061871150125706376,0.018424699756584055,1.6562263731452251,-0.03133424784536036,0.03143077798818907
68.52,straight,1.6555612647214417,9.687808219090241e-06,1.654751684059668,-0.007811716830581683,0.007863192187131893,-0.002272892334784663,-0.06185511483786996,0.018435379364106136,1.6532212624880318,-0.031354791101698955,0.03145164777468833
68.54,straight,1.65256143295926,9.678590473759378e-06,1.6519501340806493,-0.004959065920753642,0.005006206981022967,-0.002249583475749173,-0.06152466159802118,0.018442822248987262,1.650244544345058,-0.03106745072957766,0.0311633749716846
68.56,straight,1.649561599464107,9.669371951334596e-06,1.6365560373151076,-0.06688217285902326,0.06814442900094685,-0.0022267895322404673,-0.06118999253920294,0.018450069176310317,1.6472670843523867,-0.030776102174746023,0.03087116015512462
68.58,straight,1.6465617642518993,9.660153664271417e-06,1.6321950601684072,-0.07467167582050749,0.0760506681700414,-0.002386034112572544,-0.06180363435896625,0.018476916551439453,1.6441077853494637,-0.03140039534383398,0.03150577088105477
68.6,straight,1.6435619273410111,9.650934852266378e-06,1.6292140739092587,-0.07568134348221624,0.07703887027951375,-0.002542942741509891,-0.062421715515099355,0.018503466124566926,1.6409503393609601,-0.032030058129044685,0.03214596940017064
68.62,straight,1.640562088751821,9.64171260907579e-06,1.642251511733479,-0.018561987972603052,0.01864831303833155,-0.002697524802681612,-0.06304414216778338,0.018529639679358924,1.6377953357528856,-0.03266441373224414,0.032790986892291915
68.64,straight,1.6375622485066827,9.632480349899478e-06,1.641023585141706,-0.01180831666122961,0.012314413230597496,-0.002614160686571139,-0.0628114578280041,0.018553040838842697,1.6348781319424328,-0.032447818924295956,0.032568245783514777
68.66,straight,1.6345624066172206,9.623242841501808e-06,1.6380133124254412,-0.011366277348713911,0.011887803210272347,-0.002532042437947385,-0.06257539354186842,0.018576225497151676,1.6319598950038123,-0.032228809613373,0.03234330873183163
68.68,straight,1.631562563090597,9.614008055901113e-06,1.6350040085593056,-0.010921050500189098,0.011459623619731232,-0.0024511526545540033,-0.06233584241316487,0.018599129236981832,1.6290410037307748,-0.03200772355889717,0.03211647811453385
68.7,straight,1.628562717939971,9.60477906569364e-06,1.60951797642563,-0.06788480444717875,0.07051491319947017,-0.002371465427906002,-0.0620929957474319,0.018621878089733424,1.6261203597571257,-0.03178453104937211,0.03188780623640429
68.72,straight,1.625562871191363,9.595551007148327e-06,1.6237618950840402,-0.02550069033266808,0.025573779556529907,-0.002624996108679732,-0.0626251602032083,0.018603583979766025,1.6228680158732287,-0.03240291259860173,0.032524343648014466
68.74,straight,1.6225630228619394,9.586323265588649e-06,1.62295089945923,-0.019825969412737954,0.019839347761729187,-0.002584624029858056,-0.062432884106643764,0.018585686229249766,1.6199096941408064,-0.03229573691994691,0.03241410284352838
68.76,straight,1.619563172970956,9.577093140100714e-06,1.6199451189921283,-0.019533221595108063,0.019546530723698347,-0.0025448599305876824,-0.062238891890622754,0.018568195939646273,1.6169504415892995,-0.03218601554960843,0.03230143264455149
68.78,straight,1.6165633215317285,9.567862327849086e-06,1.6169397196264497,-0.019237598519218843,0.019250846455276995,-0.0025057088014256526,-0.06204265557910312,0.01855078626954457,1.6169901156836923,-0.032017974121572555,0.0320303855546363
68.8,straight,1.6135634685575866,9.55863328927366e-06,1.6140704960134489,-0.018938336587984494,0.018954677790913976,-0.002467152642731586,-0.06184441800963621,0.018533607646384544,1.6138796939717377,-0.03190568741311801,0.03191681263402207
68.82,straight,1.610563614065228,9.549405569998412e-06,1.6050007881623596,-0.016265548837718635,0.01719953065796623,-0.002427198155603455,-0.061644147697786665,0.018516659458309496,1.608076052575059,-0.0318430167022631,0.03194955288922286
68.84,straight,1.6075637580713789,9.540178403296168e-06,1.6010482252181153,-0.015645056968139497,0.016956372848651993,-0.002477377172756797,-0.0614065575157828,0.018499702560973105,1.6050261003462976,-0.03168639478733905,0.03179735838213975
68.86,straight,1.6045639005915575,9.530951725276594e-06,1.586576819215009,-0.06856188308627048,0.07089128239506479,-0.002530947744851014,-0.06116675516169178,0.01848303662162066,1.6019721729456569,-0.031527668790811605,0.03164351465610598
68.88,straight,1.6015640416404722,9.521725955484505e-06,1.5823253711295775,-0.07533846045419224,0.07776531914450444,-0.0027514005540921053,-0.0617508260680297,0.01849281999954037,1.598754036641257,-0.03215243799358407,0.03228448204783374
68.9,straight,1.5985641812336127,9.512500950539022e-06,1.5793458888598615,-0.07633138683568727,0.07872277734740847,-0.0029686682738013985,-0.06234005722657224,0.01850281317503482,1.5955371897945094,-0.03277929358659999,0.03292823229114183
68.92,straight,1.595564319389851,9.503273233842841e-06,1.5960836407540193,-0.004822315673431157,0.00485964700494105,-0.0031827870288170415,-0.0629343588866454,0.018512959881746633,1.59232243650949,-0.03341489422699001,0.03358124704151037
68.94,straight,1.5925644561240375,9.494042044701157e-06,1.595262618436988,0.0038710314476933442,0.00471079091047884,-0.00310373106200884,-0.06246059127725383,0.018519477381210354,1.5894014099752616,-0.032986302982842,0.03314705842524806
68.96,straight,1.5895645914458214,9.48481201650741e-06,1.5922467464464265,0.004691269376800556,0.005395652153199005,-0.0030259356688584977,-0.06198114959141163,0.018525685995758438,1.58648077707974,-0.03255473133729908,0.032709908047314905
68.98,straight,1.586564725367154,9.475585030528087e-06,1.5892312622444242,0.005522095419410938,0.006123675069453513,-0.0029494106054408775,-0.06149624073653489,0.01853170909131416,1.5835575543359621,-0.03211570303743796,0.03226561915005422
69.0,straight,1.5835648578908916,9.466367770229972e-06,1.5862179942035923,0.006357732820779796,0.006880379295662247,-0.0028741094982791568,-0.06100587339292871,0.01853758113639609,1.5806351893995434,-0.031671247669272325,0.031815885959156694
69.02,straight,1.5805649890464935,9.457152699564366e-06,1.5899058714441576,-0.011527063113525346,0.014843967927074299,-0.002800017022220208,-0.06051007781957621,0.01854331168199887,1.577709958522858,-0.031221571318283934,0.03136125537420771
69.04,straight,1.577565118851311,9.447937606455838e-06,1.587644899741315,-0.01318477195460256,0.016603897775957825,-0.0026283529911450094,-0.06029083647804313,0.018552954741297388,1.5748816009780557,-0.03104365864822816,0.031168841762363984
69.06,straight,1.5745652473186311,9.438722529342544e-06,1.5846381463955592,-0.01280317617355983,0.01629804884915569,-0.0024590199209925468,-0.060069152242253745,0.018562736367997885,1.572051684724605,-0.030862043537435366,0.030973640629435258
69.08,straight,1.5715653744648534,9.429504817877266e-06,1.5816307418879745,-0.012420076038484334,0.015993880999101078,-0.002292036492265704,-0.059844638994821876,0.018572425743592778,1.569219452779885,-0.030678417848323838,0.03077738331505347
69.1,straight,1.5685655003028955,9.420284440548825e-06,1.5786241887662196,-0.012033309547047111,0.01569090677419284,-0.0021273754411754698,-0.05961738437802422,0.01858207197151812,1.5663852204909652,-0.030491975589326474,0.03057922121811743
69.12,straight,1.565565624842563,9.41106432721809e-06,1.5692167588287034,0.00011854311968546914,0.0036527645955162173,-0.0019650038035632406,-0.059387054472473104,0.01859147066962623,1.5635482797542009,-0.030302205474471943,0.030378673084924913
69.14,straight,1.5625657480970006,9.401844653998168e-06,1.5654936984721717,0.002084772039996757,0.0035888793302619963,-0.001899125797411416,-0.05897840708424429,0.018599246252402356,1.560614908814566,-0.0299368943184888,0.030009772205009336
69.16,straight,1.5595658700794957,9.392625390145966e-06,1.543292032298797,-0.06763316912913396,0.06957265236303053,-0.0018342989153747832,-0.05856526559582863,0.018606906392732325,1.5576802149082167,-0.02956778198963034,0.029637222434505957
69.18,straight,1.5565659908003369,9.383408470373534e-06,1.538177365662205,-0.0763671415360673,0.07855899119180641,-0.0020527763372363223,-0.05919039468853116,0.01861866268362882,1.554462224619983,-0.03023084104268497,0.030313314022024283
69.2,straight,1.5535661102739198,9.374193178595154e-06,1.5351985332681088,-0.07746279561207076,0.07961975244496672,-0.0022680984838859613,-0.05982077790599865,0.018630195924970238,1.551247491190891,-0.030899543392184144,0.03099576068998681
69.22,straight,1.5505662285175106,9.364976137956885e-06,1.544712979940449,-0.016786460737978886,0.017786519623688633,-0.0024803066111624586,-0.060456256589556945,0.01864138461665692,1.5480358135585182,-0.03157411997427327,0.0316846890702362
69.24,straight,1.5475663455466702,9.35575434967785e-06,1.5430954313154703,-0.009631298664314475,0.010626913553937183,-0.0025056682273019814,-0.06018334278141389,0.01864943365208261,1.5450111064987717,-0.03134527795551237,0.03145858073199619
69.26,straight,1.5445664613686745,9.34653199554632e-06,1.5400860357143087,-0.009181491142541279,0.010224759713752918,-0.0025308251297411107,-0.059907154009814674,0.018657237767956355,1.5419861607681282,-0.031112552446246933,0.031228681483551457
69.28,straight,1.54156657598935,9.337313525963958e-06,1.537076519375807,-0.008730454440178193,0.00982570955661407,-0.002555778568442802,-0.05962797098108067,0.018664982896652794,1.541960984265206,-0.030821406935547083,0.030833266918051588
69.3,straight,1.5385666894151058,9.328102831653157e-06,1.5173030295550254,-0.0690816863406373,0.07228908290656916,-0.0025805290760532256,-0.05934573304900973,0.018672625340169054,1.5359379767371393,-0.03064087797848338,0.03076272522339955
69.32,straight,1.535566801666917,9.31889542435297e-06,1.5215648523215697,-0.026014355311295697,0.029551416289023785,-0.002852027419770039,-0.05994394151779127,0.018672795151192446,1.532665674104441,-0.031296264452793446,0.031439721530350254
69.34,straight,1.5325669127673507,9.309684142655412e-06,1.5195788601066782,-0.020269320325886485,0.024081369292464582,-0.0029856224056985584,-0.05980079351679064,0.018672887505894988,1.5295360772823465,-0.031206688988484787,0.03136278904795679
69.36,straight,1.5295670227284859,9.300467656755283e-06,1.5165775031972226,-0.020039450037400177,0.02388890986351387,-0.0031175139045915316,-0.05965533955559573,0.018672754061449956,1.52640523262148,-0.031121299537924932,0.03129075220234059
69.38,straight,1.5265671315617766,9.291245018056008e-06,1.513577500602266,-0.019799005289140515,0.023687530982553533,-0.003247687384962504,-0.05950796833190961,0.018672616471551527,1.5232753897434703,-0.03103041623212562,0.031213763061589277
69.4,straight,1.5235672392695818,9.282024015120274e-06,1.510575394694064,-0.01955935938355759,0.023488715418527647,-0.0033761296898461002,-0.05935907507711385,0.01867278612723375,1.5201463464927751,-0.03093764309329072,0.031135424866324583
69.42,straight,1.5205673458647908,9.272803996816777e-06,1.5152183076166592,-0.004824834014939926,0.007209771072431182,-0.003502901519033351,-0.05920776964569693,0.018672648299366667,1.517019859488604,-0.030841114810838836,0.031053680547961402
69.44,straight,1.5175674513595538,9.26358455884904e-06,1.5130553369253916,-0.0026499149643162924,0.0052374046265085085,-0.003515582259986309,-0.05883786068335403,0.018670276239630336,1.5140063759138003,-0.030530208470579495,0.030746391849075964
69.46,straight,1.5145675557652538,9.25436572609793e-06,1.4947447926704829,-0.06877422065078294,0.07158287764583186,-0.003528259319060711,-0.05846427109081814,0.018668001762794248,1.510995237646564,-0.03021707164788763,0.030436692346941727
69.48,straight,1.5115676590898488,9.24514976932264e-06,1.490061161274551,-0.07710576383237673,0.08005781697370895,-0.0037658814242538976,-0.059079962396356225,0.018673074690906986,1.5077583488994803,-0.03088176237307261,0.031124993010484707
69.5,straight,1.508567761346015,9.235936000526784e-06,1.4870833259353935,-0.07819912356786832,0.08110566232513951,-0.004000104725417829,-0.05970143234982961,0.01867828693875112,1.5045258593691344,-0.03155160133500922,0.03181860180519987
69.52,straight,1.5055678625522972,9.22671851441563e-06,1.5083751454488452,-0.01626856640760165,0.01651809269612815,-0.004230951381837426,-0.0603285867831676,0.018683551928939175,1.501295082767538,-0.032226784993656485,0.03251795039968335
69.54,straight,1.5025679627203488,9.217495809812879e-06,1.5080676865019607,-0.008949104742642676,0.010511826625376766,-0.004101357140439259,-0.06002980732214671,0.018686183083897683,1.498425691602758,-0.03198023494650232,0.03225652612372534
69.56,straight,1.4995680618544185,9.208273124663657e-06,1.5050599239380023,-0.00847119199434623,0.010103352801997237,-0.003973591552661274,-0.059727782069160046,0.01868865932132135,1.4955544577178392,-0.03172972797501927,0.03199170349213857
69.58,straight,1.496568159959466,9.199054528444859e-06,1.5020521656224126,-0.00799233956578112,0.009700460731508369,-0.00384763979613667,-0.05942249479179647,0.018690977164198742,1.4926816415719728,-0.031478081648149414,0.03172623317107709
69.6,straight,1.4935682570426252,9.189842763459611e-06,1.4726447893801704,-0.0707329602684841,0.07377156160326331,-0.0037234759131448193,-0.059114175161064764,0.01869328660730257,1.4898059279594544,-0.031222241024869143,0.03145723119045583
69.62,straight,1.4905683531248428,9.180631777837989e-06,1.494397521743164,-0.011848925208624496,0.012461027502967785,-0.003988777610312574,-0.05977331571697431,0.018722412416375185,1.4865404253506298,-0.03189367586089233,0.03215612623663155
69.64,straight,1.4875684482167912,9.171421130372617e-06,1.494461723578962,-0.003988747003721149,0.007968726181170758,-0.0038431255244558353,-0.059453357342562865,0.018750951930116545,1.4836857048811383,-0.0315873843496077,0.03183422737218416
69.66,straight,1.4845685423300523,9.162209522697032e-06,1.4941476449948035,-0.003325302977311332,0.010142872667250174,-0.0036995828339080467,-0.05912908321495152,0.01877928563513737,1.4808295256853459,-0.031277536652986236,0.03150932832008181
69.68,straight,1.481568635473522,9.15299681599049e-06,1.4887357786187772,-0.0027641591893028243,0.007684998461044263,-0.0035184059382310073,-0.05879963461214979,0.018807406414695565,1.4780108472893947,-0.030963339813889303,0.03117616345338706
69.7,straight,1.4785687276524158,9.143787210330332e-06,1.4854228223249095,-0.0021538901536679515,0.007187303361407446,-0.003379529317030272,-0.05846650450770271,0.018835198887855568,1.4751498029533545,-0.030646143493681954,0.03084535109821069
69.72,straight,1.4755688188796228,9.13457889427872e-06,1.4744283450278937,0.0036116039159029556,0.0037786857411758338,-0.0032426810661555627,-0.05812865446610686,0.018862541752135926,1.4722868544092989,-0.030325111348244897,0.030511272781590545
69.74,straight,1.4725689091662986,9.1253708158085e-06,1.4705261706053294,0.0049294396218451785,0.0053275015867996715,-0.0032253045710923726,-0.05770986202228407,0.018889089856205982,1.4693050442516202,-0.029923449682127255,0.03010999607242315
69.76,straight,1.4695689985219502,9.116162964877618e-06,1.4489770322692015,-0.07010796541358047,0.07307827449362948,-0.0032083769790014864,-0.05728624811534057,0.018915640567334902,1.4663218086414676,-0.029517964284937134,0.02970509589105523
69.78,straight,1.4665690869550048,9.106956126369314e-06,1.4439378236623412,-0.07949412457786086,0.08266158662019886,-0.003464393413774478,-0.05798430805271114,0.01894966263156868,1.466064846621867,-0.030166027788019602,0.030179347493624317
69.8,straight,1.463569174475282,9.097750042546896e-06,1.4410956737721061,-0.08065600928149393,0.08373719440168076,-0.003716708264238577,-0.05868756521186579,0.01898323443665283,1.4598110143073457,-0.030937016229063887,0.03117347812252763
69.82,straight,1.4605692610963388,9.088541237767927e-06,1.457651759598379,-0.029656463360599204,0.029808669621960344,-0.003963379738927395,-0.0593960229585936,0.01901636531805676,1.4565652955684985,-0.03165426656375038,0.031915510280312184
69.84,straight,1.45756934683007,9.079326997670517e-06,1.4568171836990733,-0.023861398208877213,0.02388232499499029,-0.003919343708459259,-0.05933867870251902,0.01904678385942628,1.4536083378798095,-0.03161058964726358,0.03186680181546153
69.86,straight,1.4545694316789763,9.070112459087068e-06,1.4538133048276827,-0.02373049570557422,0.023751604430942822,-0.0038759624357972556,-0.05927984299690703,0.019077011839853646,1.4506519860140565,-0.0315650497788458,0.03181621327952297
69.88,straight,1.4515695156453177,9.06090231621503e-06,1.4508091849160054,-0.023599725995499372,0.023621027107312786,-0.0038332247988008073,-0.05921909005801414,0.01910676304640313,1.4476945500670655,-0.03151907694390875,0.031765371621991174
69.9,straight,1.4485695987323766,9.05170049229122e-06,1.4478064427919586,-0.023466720032180536,0.023488172884112462,-0.003791119440966085,-0.05915648600081128,0.019136074464264834,1.4447369708434021,-0.031471365974443444,0.031712863849292304
69.92,straight,1.445569680959082,9.042501864812082e-06,1.4618785839025155,-0.011952772013287748,0.02022536332710121,-0.0037496138747532973,-0.059092549892552276,0.019165308412000363,1.4417807216703715,-0.031421648610375684,0.03165824626040707
69.94,straight,1.4425697623405398,9.033302402510827e-06,1.460768946001295,-0.010310788185230303,0.0209214961571706,-0.003457068882379727,-0.058877239919103805,0.019206512887298965,1.43907168753434,-0.031205150739578982,0.03140958154379747
69.96,straight,1.4395698428898243,9.024098035116858e-06,1.4577619285441261,-0.009900543775740879,0.02071597248256593,-0.0031684788157411515,-0.05865883425469236,0.019247388813368283,1.4363594467499352,-0.030985417519892942,0.031160264032613162
69.98,straight,1.4365699226156323,9.014887549452822e-06,1.4547537817301632,-0.009487550454296518,0.020514323912550928,-0.0028838151651346036,-0.05843684973643665,0.01928762105787592,1.4336447495825373,-0.030762980409471015,0.03091071548562725
70.0,straight,1.433570001518305,9.005677216522702e-06,1.4517476094144808,-0.009073241135006727,0.020320251868154823,-0.0026030529425362836,-0.05821172757249836,0.019327512024323347,1.4309273144922894,-0.030539637006737914,0.030662735764269214
70.02,straight,1.430570079606028,8.996467377207653e-06,1.4313633157442458,0.00918101116227744,0.009206252067722277,-0.0023261297361791976,-0.057983230777844424,0.01936689942534434,1.42820488332954,-0.030311696098624292,0.030412802421156303
70.04,straight,1.4275701568874553,8.98725792281647e-06,1.4264186487177464,0.011992869022547904,0.012039077755933799,-0.002308776107966569,-0.05748655538316069,0.019404151555334318,1.4252221588358418,-0.029819835433536737,0.029921092192781214
70.06,straight,1.4245702333710142,8.978048809402322e-06,1.4049917674301091,-0.07029329024787616,0.07297756680143797,-0.002291864642117277,-0.056983755537172304,0.019440754760606496,1.422238579685248,-0.029322189744672923,0.029423698153695128
70.08,straight,1.4215703090607406,8.968842900554448e-06,1.39996911627172,-0.08054776615740421,0.08340263235544641,-0.0025461098861403724,-0.05770942007473413,0.01948418839882555,1.4189831422634755,-0.030044132934426412,0.03016425630568809
70.1,straight,1.4185703839666104,8.959639319364426e-06,1.3969949995054263,-0.08177874666937492,0.0845856141308032,-0.0027966232379591813,-0.058440964464437646,0.019527172168061636,1.4157318469468751,-0.03077207341270133,0.030911636775848635
70.12,straight,1.4155704581027777,8.950433801598022e-06,1.427997409380623,-0.01197686721536347,0.017265252467918782,-0.0030434937495386464,-0.0591779342810553,0.019569366576572763,1.4124840769216096,-0.03150766980158017,0.03166738227035421
70.14,straight,1.4125705314849313,8.941218854749784e-06,1.4287632281385183,-0.0037315758437237146,0.016619112275044326,-0.002786839237164058,-0.058870897542624534,0.01960796872578522,1.4097406766074472,-0.031204198446388456,0.03134115770659404
70.16,straight,1.4095706041114795,8.932001434373081e-06,1.4257513014980285,-0.0031995063105631914,0.016495728062652117,-0.0025337912895477565,-0.05855938977461357,0.01964559832144056,1.4069937945725444,-0.030897621227535216,0.03101378693250919
70.18,straight,1.406570675983204,8.92278737209489e-06,1.42273905155632,-0.002664481318668076,0.016387905851191927,-0.0022842671647536313,-0.05824411153968658,0.0196827551477632,1.4042433152764662,-0.03058892853427847,0.030686236546065733
70.2,straight,1.4035707471028616,8.913580600832634e-06,1.3839327120123532,-0.07242484551179885,0.07504866340230071,-0.002038232695226677,-0.05792475763580595,0.01971922833884536,1.401490200239823,-0.03027807635118237,0.030358366793640866
70.22,straight,1.4005708174869511,8.90437607688028e-06,1.4178173876204676,-0.02788251145749586,0.03279291476175265,-0.0023221941120783723,-0.05864570283076557,0.019762026635052582,1.3982055893324823,-0.03099955990258505,0.031098539533935435
70.24,straight,1.3975708871459318,8.895171779963911e-06,1.4193537699395105,-0.021947608477031765,0.03092866041843823,-0.0020010493185169073,-0.05858618041326569,0.019804027925844753,1.3955258139364897,-0.03094070894953526,0.03101709721586
70.26,straight,1.3945709560913855,8.885964058332558e-06,1.4163497324177015,-0.021810297142938126,0.030828426001473716,-0.0016842269822538265,-0.058524491617254856,0.019845314084329914,1.3928417952751,-0.030881042396112807,0.030938288110771133
70.28,straight,1.3915710243291386,8.876753387605781e-06,1.4133458905753422,-0.021672075948912475,0.03072797601729458,-0.0013716706038378957,-0.05846045015174342,0.01988573932940791,1.3931532330208392,-0.0307606268969868,0.03081015642989332
70.3,straight,1.3885710918600722,8.867545024986761e-06,1.4104766372615862,-0.021531233608212883,0.030721798076113825,-0.0010633117964095728,-0.058394510747113375,0.019925629817983615,1.387460844123962,-0.030761159775971714,0.030790050850403306
70.32,straight,1.385571158693196,8.85833787543154e-06,1.3886229092373443,-0.01765903259781909,0.01792951620929316,-0.0007571094114025092,-0.05832664580402083,0.019965000151689543,1.3847678295677677,-0.030699282195876063,0.030718646336132607
70.34,straight,1.3825712248364823,8.849131452061006e-06,1.3835210777387843,-0.01700748920644738,0.01704282813871799,-0.0007326789092597402,-0.058201498453681465,0.020003498024817743,1.381792681605757,-0.030579778057870908,0.03059853334539903
70.36,straight,1.3795712902969939,8.839925759490012e-06,1.3583928036473782,-0.07419474031701169,0.0771667001861122,-0.0007086646335424528,-0.058074157306845994,0.02004171827518366,1.3788171277556556,-0.030458475740947816,0.030476648192895923
70.38,straight,1.3765713550810688,8.830721421371665e-06,1.3529609324668856,-0.08163286055581313,0.08498716262252551,-0.0010109840912616874,-0.05877392253022238,0.020068089308469744,1.3755158929915021,-0.03118167089875042,0.03120835451510463
70.4,straight,1.3735714191961392,8.821518155099506e-06,1.3499903984056658,-0.08284159273932237,0.08614090598639165,-0.0013089316907817783,-0.05947942581296875,0.020094083528390365,1.3722170439174088,-0.03191124594752098,0.031948787761180375
70.42,straight,1.3705714826511581,8.812314339249728e-06,1.367557066043069,-0.028853885347245516,0.02901968338543987,-0.0016025412482440814,-0.060190652036275286,0.020119672914833516,1.368922997587688,-0.03265027964968524,0.03270066957906357
70.44,straight,1.367571545457551,8.8031059502364e-06,1.3668385193450465,-0.022697122806572954,0.02271775514496548,-0.0015897079613945123,-0.06009226679872912,0.02014274311571945,1.3659354007520648,-0.03258159024405264,0.03263143742168283
70.46,straight,1.3645716076144652,8.793898762265805e-06,1.3638343929102295,-0.0225349001606566,0.0225557448860555,-0.0015770961612436394,-0.05999229407574745,0.020165592131635185,1.3629485524953584,-0.032509635195271974,0.032558908744971644
70.48,straight,1.3615716691258086,8.784694967733685e-06,1.3608291297939186,-0.022374675379637044,0.022395773029097028,-0.001564721517106716,-0.05989079857869796,0.020188251189762835,1.3599599400965445,-0.03243783559386222,0.03248662553469173
70.5,straight,1.3585717299985305,8.77549485250637e-06,1.3348873528296554,-0.07504548437604841,0.07870255171623254,-0.0015525754284308449,-0.05978769506274846,0.020210638634622337,1.3569736697189967,-0.03236502240226728,0.032413216238759486
70.52,straight,1.3555717902425926,8.766296235321526e-06,1.3653918724817822,-0.01922389960264424,0.02159466259894727,-0.0018782018899354826,-0.06046215478317742,0.02023398387274529,1.3536475273648925,-0.03306701070773081,0.03313170403161585
70.54,straight,1.3525718498652708,8.757098446160994e-06,1.3663902745175884,-0.011982377122205134,0.01829579623218007,-0.0016689434960761446,-0.06021872519898783,0.020256684173758043,1.3508574244694036,-0.03285280221283637,0.03290625069507211
70.56,straight,1.349571908874836,8.74789997457229e-06,1.3633804030962806,-0.01154697232368055,0.01800580968884942,-0.0014625823826106893,-0.05997218999029967,0.020279270799598254,1.3480634667883187,-0.03263611597988722,0.032679696070543274
70.58,straight,1.3465719672772707,8.738700400098411e-06,1.360369593668888,-0.011108801926448714,0.017719317245094072,-0.0012590932395731948,-0.05972218539784418,0.02030148760745406,1.3452670599258805,-0.03241767793068945,0.03245266212082937
70.6,straight,1.3435720250688092,8.729507403119887e-06,1.3573578326549653,-0.010665855230975092,0.017435459562034385,-0.0010584537946693772,-0.05946886679078808,0.020323457819334426,1.3424668330582255,-0.03219615517319749,0.03222384282904573
70.62,straight,1.3405720822638898,8.720315920362891e-06,1.3553874007282345,-0.003521511017592277,0.015230108156807925,-0.000860626159436788,-0.05921210706991137,0.02034510326507775,1.3396654585485088,-0.03197177452346682,0.031993343319093134
70.64,straight,1.33757213886976,8.71112501422032e-06,1.3524900577896044,-0.0021774441506119554,0.015077253721689601,-0.0006503000303636341,-0.05885210315715293,0.020365507330260206,1.336876180364202,-0.0316458699604337,0.03166223084270367
70.66,straight,1.334572194892317,8.70193467860569e-06,1.3136611415499064,-0.07306536970759529,0.07600718451744756,-0.0004429435679883219,-0.058487993132104434,0.020385768127482932,1.3340840698097751,-0.03131624697061918,0.03132875181068859
70.68,straight,1.3315722503363645,8.692745628357811e-06,1.3067017555902671,-0.08200506027594748,0.08570179224263455,-0.0007661518688318803,-0.05914621984210549,0.02038647322970871,1.3307620182582656,-0.03203494531566337,0.03205387989344573
70.7,straight,1.3285723052076293,8.683558113648492e-06,1.3037266473446,-0.08318751956331875,0.08682692513540567,-0.001084776089513419,-0.059810512606604714,0.02038720390144619,1.3274451572214747,-0.032759863319682184,0.03278792654415639
70.72,straight,1.32557235951694,8.674368194775469e-06,1.324921998246126,-0.018592143037850662,0.018612183589133698,-0.0013988692988259961,-0.06048107967855225,0.020388088641550867,1.3241327813752353,-0.03349073217043935,0.03353032394216848
70.74,straight,1.3225724132737895,8.66517229539486e-06,1.3246012511047003,-0.01099420504967097,0.011188357165623958,-0.001352864153871086,-0.06018602054074739,0.020386268835831892,1.3211797181788232,-0.03325952702550374,0.03329733039955676
70.76,straight,1.319572466474412,8.655977501325429e-06,1.321591869113128,-0.010537497997164793,0.010737753520854336,-0.0013076110360570297,-0.05988795076739737,0.020384387066799865,1.318226235021372,-0.03302453491589054,0.03306061160541984
70.78,straight,1.316572519119859,8.646787453327017e-06,1.3185811151982136,-0.010077643918469196,0.010284343363110788,-0.0012630916744992122,-0.05958726573150899,0.020382747989813148,1.3182707984123643,-0.032726012697598506,0.03277868338047833
70.8,straight,1.3135725712102015,8.63760588510956e-06,1.3157032314205424,-0.009611920883829665,0.009853672340094963,-0.0012193089955837965,-0.05928367493349127,0.02038112972735571,1.3123123964357142,-0.03254496630135428,0.03257798593853964
70.82,straight,1.31057262275651,8.6284302838557e-06,1.3104684621071396,-0.002033900765723044,0.0020451833554519863,-0.0011742550575508045,-0.05897715432671251,0.02037954680407841,1.3093593701590363,-0.03230463463350602,0.03233603178646018
70.84,straight,1.3075726737742883,8.619254203771078e-06,1.3072057983381984,-0.0006085384639722828,0.0007179702185400522,-0.0011626691663532698,-0.05857516366562833,0.020387260408826473,1.3063747875579563,-0.03195023952784536,0.03198130056827329
70.86,straight,1.3045727242687377,8.61007735157947e-06,1.3041938818751253,3.973795872869135e-05,0.0003801190658162365,-0.0011514796190407821,-0.05816914719071699,0.020394941626154895,1.3033871160619768,-0.03159576731929579,0.03162660806108765
70.88,straight,1.3015727742447325,8.600899715392392e-06,1.3011844933575398,0.0006945734929970373,0.0007882388255425338,-0.001140603991690126,-0.057759216693877936,0.02040262173895033,1.3003983431772523,-0.031238586389582348,0.031269250100133726
70.9,straight,1.2985728237108844,8.591718342955641e-06,1.29817473578847,0.0013561141441869324,0.0014050945456177018,-0.001129998614782663,-0.05734527011558716,0.02041027183975473,1.2974093503325899,-0.030877031882332186,0.03090753007771054
70.92,straight,1.295572872672338,8.582532607436836e-06,1.2842076635476773,0.004691746662252597,0.012292274187979313,-0.0011196705080114828,-0.056927282411708136,0.020417893478421045,1.2944202653719648,-0.03051015271926128,0.03054049287360189
70.94,straight,1.2925729211284391,8.573346662345333e-06,1.2799768762824295,0.0057231764368454625,0.01383174010170145,-0.001270872014092123,-0.056465919401650314,0.020425438442085848,1.2912697349768574,-0.03010112241560349,0.030137884349135786
70.96,straight,1.2895729690839488,8.564160937859691e-06,1.2655898004580501,-0.07299971993091058,0.07684661295967662,-0.001420263983214213,-0.05600001044616188,0.020432901353020012,1.288120243336106,-0.029686477887170916,0.029730555567250898
70.98,straight,1.2865730165435565,8.554975874731055e-06,1.2613464626898871,-0.08289246973504427,0.08665424927522299,-0.0017353377119374703,-0.05669415403669888,0.020436458978273744,1.284803823316937,-0.030434608840383355,0.03049452848982325
71.0,straight,1.2835730635128186,8.545791158618187e-06,1.2583710618949853,-0.08416937502419222,0.08786958084764461,-0.0020458970617771776,-0.057395206426477226,0.02044008163534508,1.2814947906515985,-0.031191369758866716,0.031269057363700566
71.02,straight,1.2805731099999917,8.536604354330929e-06,1.2716452635970235,-0.024554066268971914,0.026134802492227265,-0.0023520395551467513,-0.058103247755593494,0.02044377799434338,1.27818888125228,-0.03195617724312409,0.03205350960616629
71.04,straight,1.2775731560158192,8.52741039430297e-06,1.2704509624480933,-0.01770004874884288,0.019087150410777926,-0.0024147287503176675,-0.05791886204324482,0.020445072501373594,1.2751290305633138,-0.031830102727253055,0.031932305245150894
71.06,straight,1.2745732015556968,8.518216419407308e-06,1.2674492725685818,-0.017462016930145624,0.01886716625571581,-0.0024766649909896063,-0.05773285688781835,0.0204462797627445,1.2720681994207645,-0.031704413382933956,0.03181171272222356
71.08,straight,1.271573246621216,8.509025143038443e-06,1.2644482195822067,-0.01721988376057523,0.01864359215080621,-0.0025378151477096367,-0.05754529236064159,0.020447434140615485,1.2690089973750298,-0.031576369677506655,0.031688798286739435
71.1,straight,1.268573291204305,8.49984417272937e-06,1.261445975787212,-0.01697708254817068,0.018420332088803882,-0.0025981949804768046,-0.05735625673791831,0.02044862639537933,1.2659498827561253,-0.03144734469540967,0.031565050729950625
71.12,straight,1.265573335319388,8.490668015778146e-06,1.2694719938830499,0.0029654033285945397,0.004893145315469829,-0.002657830837229377,-0.05716529311870037,0.020449490547386918,1.2628908056489159,-0.03131690171937278,0.03144004092963024
71.14,straight,1.2625733789856497,8.481489166943326e-06,1.2676831112833136,0.005836404713574488,0.0077507453359904775,-0.0025542952651702025,-0.05668875699189447,0.0204549600644598,1.259994930563583,-0.030895107631766654,0.031010969298310303
71.16,straight,1.25957342220876,8.472305899773198e-06,1.2646672868521802,0.00657249066949048,0.00830865777866934,-0.0024523494386105844,-0.05620792912986464,0.02046028793960974,1.2570975943633909,-0.030469034990631534,0.030577903370408253
71.18,straight,1.256573464990538,8.46311915224484e-06,1.2616508461717444,0.007313235997771412,0.008896038807664836,-0.002351976805667806,-0.05572282690422092,0.020465500485417825,1.254198218222649,-0.03003931420719831,0.030141511565651678
71.2,straight,1.2535735073267347,8.453935657640977e-06,1.258634427160929,0.00805977482652683,0.009509820064327676,-0.002253154940650921,-0.05523359159742708,0.020470719991301112,1.2512974636738141,-0.029605342527050948,0.029701133238392297
71.22,straight,1.2505735492265444,8.444752495498477e-06,1.249844346658643,0.0070056255527198895,0.007035074664569149,-0.002155865396141222,-0.054740199478478836,0.020475944557507883,1.2483951524247314,-0.029166612746160864,0.02925627099744692
71.24,straight,1.2475735906946994,8.435569312459195e-06,1.2461868889524919,0.007524327884356837,0.007642746823831379,-0.002145050531447626,-0.0542694514640055,0.02048135713287307,1.2454062397851102,-0.028750132778247915,0.028840122457552058
71.26,straight,1.2445736317354346,8.426386171827841e-06,1.2221302025470344,-0.07347985138583521,0.07683901667532188,-0.0021345951460188454,-0.0537946239819723,0.0204866894003302,1.2424174530721237,-0.02832973649985643,0.028420073578074818
71.28,straight,1.2415736723535389,8.417202606829442e-06,1.216813193615291,-0.0837003583048359,0.08729398836290313,-0.0024344952721429567,-0.05450139252776475,0.02047827681237745,1.2421177671275656,-0.02904697495011726,0.029060486098338133
71.3,straight,1.2385737125530056,8.408018855545963e-06,1.2139726182673576,-0.08505310055066294,0.08854758088267353,-0.0027300881579806046,-0.05521584148922492,0.020469975333761443,1.235820315272899,-0.029896176345999177,0.030031073284463413
71.32,straight,1.2355737523420771,8.398831682992936e-06,1.2377843505493291,-0.015313269276335912,0.01548031840906993,-0.003019427542205893,-0.05593796713300606,0.020461795330575242,1.2325346415186507,-0.030689421588243837,0.030847890902477342
71.34,straight,1.232573791726324,8.389639671546986e-06,1.237750257260844,-0.007180558442014178,0.008858711528842525,-0.00291073626994821,-0.05561808747070495,0.0204510187664426,1.2296428011510807,-0.030443932158317186,0.03059304837116472
71.36,straight,1.2295738307086737,8.380443364034689e-06,1.2347413739973865,-0.0067679442983913105,0.008521858990058837,-0.002803632986181455,-0.05529616212133762,0.020440321281310753,1.2267509160953216,-0.030195940647328157,0.030335949951565876
71.38,straight,1.2265738692824897,8.37125081693577e-06,1.2317332750038965,-0.006355162251617479,0.008192315059535413,-0.0026980731618505257,-0.05497224601442443,0.020429755008428648,1.2238590662296154,-0.02994815569410774,0.030079289589647788
71.4,straight,1.2235739074477294,8.362065471896705e-06,1.228726516882746,-0.005935462386561781,0.007866284580817966,-0.00259405556398134,-0.05464607603461075,0.020419109821716134,1.2209648829138788,-0.02969629417763097,0.029819014261694574
71.42,straight,1.220573945218561,8.352881435975338e-06,1.2360993585035227,-0.011938658559053876,0.019590036754127273,-0.002491525062450296,-0.05431770108298258,0.02040845899744226,1.2180682124491984,-0.02944032627478979,0.02955509094484035
71.44,straight,1.217573982600186,8.34369774121441e-06,1.2342487477890782,-0.012384941389856864,0.020775979143404438,-0.0022371345957768935,-0.05410947522106967,0.02042055161308768,1.2153226564760777,-0.02927965514723538,0.02937439949446528
71.46,straight,1.2145740195965686,8.334514352950092e-06,1.23124562086575,-0.01212894423139383,0.020621731843628668,-0.0019861683721749813,-0.053899601185818866,0.020432307009740237,1.2125757891250488,-0.029117252017635608,0.02919405274794275
71.48,straight,1.21157405621301,8.325330164218377e-06,1.2282408503815785,-0.011870487240894073,0.020466758804357922,-0.0017386105520063085,-0.053687929340892816,0.020443636714658733,1.209822365206017,-0.028952638354976103,0.029013890448473068
71.5,straight,1.2085740924526363,8.316145535961654e-06,1.2252352959960786,-0.011611882173801682,0.02031316598900215,-0.001494385805900239,-0.053474696107030595,0.020454732797663053,1.2070664389364008,-0.02878720088342383,0.02883495829874097
71.52,straight,1.2055741283182329,8.30696131017601e-06,1.2124531602885535,-0.020371045951232805,0.021509047072863743,-0.0012534735563904215,-0.05326005291157047,0.020465711317659632,1.2043069995045794,-0.028619953874096906,0.02865628960438692
71.54,straight,1.202574163813523,8.297777548266464e-06,1.2083631058357243,-0.021309586516794217,0.022089908114869595,-0.001159676557716262,-0.053177881130110675,0.020477522284845784,1.2014012056808294,-0.028584755430067953,0.028617101923755734
71.56,straight,1.1995741989424147,8.288594254436687e-06,1.1774649328753148,-0.07771953287602006,0.0808110999587351,-0.0010671795875640566,-0.05309543494147497,0.020489207645961658,1.1984934599637262,-0.02854831909200401,0.028577050920046518
71.58,straight,1.1965742337102796,8.279410172046928e-06,1.1713910381875954,-0.08523649761977062,0.08888681200053461,-0.0013861745370181808,-0.053856881995733574,0.020511919144385025,1.1951745357139656,-0.029344475249430537,0.029386108292656015
71.6,straight,1.1935742681204857,8.270225391108123e-06,1.1684210566122113,-0.0866311316453492,0.09021679447696881,-0.0017005747303042058,-0.054625695495934684,0.020534304079407695,1.1918603633881304,-0.03014830865836184,0.030205243243576176
71.62,straight,1.1905743021776942,8.261039158553091e-06,1.1895063220789843,-0.0042514909311593485,0.004391590638922035,-0.0020104247197897615,-0.055401853629578265,0.02055633303217312,1.1885506756533275,-0.030959308747741006,0.03103361794597296
71.64,straight,1.1875743358867084,8.25185030424937e-06,1.1891687934024342,0.0055386729369304825,0.005755679991526172,-0.0019618644733151763,-0.05494841930190306,0.02057467174274555,1.185599902338024,-0.030545783874862655,0.03061776423798684
71.66,straight,1.1845743692460218,8.242662836788298e-06,1.1861534239468199,0.006233512128050332,0.006422413383038554,-0.0019141594503517395,-0.05449100376818464,0.020592792216920904,1.182647639530527,-0.030129279203442362,0.030199048190911987
71.68,straight,1.181574402256615,8.233478832598706e-06,1.1831373050849623,0.006934474447284499,0.007100385848946336,-0.0018673082744116605,-0.0540290448902736,0.020610241537289936,1.1796946680215357,-0.029708553135660017,0.029776178523877386
71.7,straight,1.1785744349175644,8.224301793143904e-06,1.151834293377288,-0.07631925574984998,0.08087595057016636,-0.0018212943131335096,-0.053563370567752996,0.02062773805544984,1.1767402236603197,-0.029284477215723224,0.029350071433141504
71.72,straight,1.1755744672356343,8.215130096919593e-06,1.1786023752925945,-0.03316474077787475,0.03331085755236026,-0.0021919372053596405,-0.054349210527796926,0.020661963890311785,1.1733685868998163,-0.030092054607660363,0.030180989817129845
71.74,straight,1.1725744992224634,8.205958481700453e-06,1.1792586036042636,-0.027373429396755397,0.028185656034833945,-0.0020732985597449616,-0.05435290342022472,0.020696179705564186,1.170486120364835,-0.030117124130394753,0.03019762969533792
71.76,straight,1.1695745308835228,8.196785039721144e-06,1.1762587713665937,-0.027409793975071452,0.02822100792241599,-0.00195623661429305,-0.05435628129243614,0.020730090805035798,1.1676024612859426,-0.030141963128351885,0.030214585903182364
71.78,straight,1.1665745622265433,8.18760593058075e-06,1.1732597125913147,-0.027447195564904922,0.028257552980698805,-0.0018407207118680718,-0.05435939346534196,0.020763730189329987,1.1677171619718727,-0.03010573208047241,0.030135588480352533
71.8,straight,1.1635745932481711,8.178425407535662e-06,1.1703950182013323,-0.027479912744417065,0.028321605757836057,-0.0017267369461009291,-0.05436204507062048,0.02079692337361389,1.1618323756696873,-0.030191171692680922,0.030249563131484518
71.82,straight,1.160574623947909,8.169246397919811e-06,1.1645499991037493,-0.025499127887634643,0.025815224475365293,-0.0016122902478684414,-0.05436418947367245,0.02082966940218605,1.1589462034270896,-0.030220445822172173,0.030272444935227943
71.84,straight,1.1575746543301193,8.160068337222653e-06,1.1612327056273093,-0.025260511766522692,0.025532080126592038,-0.001541465688746909,-0.054335562209690304,0.02086148462352926,1.156018244605103,-0.030214666064533702,0.03026287545310047
71.86,straight,1.1545746843981988,8.15089123584443e-06,1.134140828434931,-0.07948684239555337,0.08207920825150689,-0.0014715963140709554,-0.05430646110768727,0.020893129827349807,1.153089179346402,-0.030212614238871963,0.030257253185113377
71.88,straight,1.1515747141549753,8.14171550369921e-06,1.1284959571785675,-0.086737375920661,0.08976309850680428,-0.001756329472079924,-0.05511175611627682,0.020956321759781054,1.1498025565352097,-0.0310078687713533,0.03106659699983435
71.9,straight,1.1485747436041436,8.132540875231372e-06,1.1255327710082184,-0.08810634293784103,0.09107740274074935,-0.002036806101833047,-0.0559236151399974,0.021018875613613333,1.1465214139578643,-0.0318090961154715,0.03188341578323347
71.92,straight,1.1455747727526244,8.123364445188041e-06,1.1393468022759368,-0.017975986450513595,0.019031968424075056,-0.002313093718568812,-0.056741976666841644,0.02108069444921487,1.1432446091122064,-0.03262084278982984,0.03271206344589028
71.94,straight,1.1425748016013983,8.114187595568659e-06,1.1382042726646207,-0.009800467246735046,0.010738239750587915,-0.002338442644270663,-0.05651074732387865,0.021138531368095945,1.1402173773724515,-0.032386775791300025,0.03248055334719493
71.96,straight,1.13957483015038,8.105012879023189e-06,1.1351928009999086,-0.009389333014403119,0.01036889680497353,-0.0023635980389930212,-0.05627636680388291,0.02119578641646427,1.1371921300703463,-0.03214992240818883,0.0322461778709593
71.98,straight,1.136574858401218,8.095841504412294e-06,1.1321812314054933,-0.008975806120082344,0.010000722605540252,-0.002388597128868769,-0.056038596436588074,0.02125224541471966,1.134166856840751,-0.031911047508658995,0.03200984510620901
72.0,straight,1.1335748863453432,8.086680703547711e-06,1.1088118502397155,-0.07858042942771969,0.08239758989978117,-0.002413429211842155,-0.05579776429711555,0.021308197782679908,1.1311420593094466,-0.031671390358939525,0.031772754254106805
72.02,straight,1.1305749139941383,8.077525762081294e-06,1.127730061990899,-0.027945591711891093,0.028098056992761127,-0.002737846632528594,-0.056578395182600175,0.02135842804201145,1.1278170978592417,-0.03246084590548597,0.032585833403768354
72.04,straight,1.1275749413613454,8.068370795900108e-06,1.1274133549237098,-0.021294961256291923,0.021303642446056245,-0.002702107904306781,-0.05648885473752693,0.02140820237877846,1.124852671192529,-0.03237957252359103,0.03250184667947026
72.06,straight,1.1245749684547377,8.059211485093337e-06,1.1244089408271554,-0.02111176966748885,0.02112048145877036,-0.002666908008898476,-0.05639724402617305,0.021457466438675434,1.1218872531207273,-0.03229698362353031,0.032416656309509385
72.08,straight,1.121574995281506,8.050043453069748e-06,1.121404395116836,-0.0209254909020597,0.020934236096252595,-0.0026322380326160963,-0.05630364611728982,0.021506280008848286,1.118921813140856,-0.03221150817597815,0.032328614373752264
72.1,straight,1.118575021832882,8.04087446551642e-06,1.1184001091648106,-0.020739741417246577,0.020748519572869138,-0.002598107801891215,-0.05620776054145239,0.021554376627151754,1.1159559183346663,-0.03212548411237796,0.03224008578174784
72.12,straight,1.115575048108667,8.031706916815253e-06,1.0980789965525684,-0.012663535362551548,0.021602787599050686,-0.002564503225207252,-0.056109740874511045,0.0216018750671875,1.112988820308631,-0.03203842280156619,0.032150642618740136
72.14,straight,1.112575074112641,8.022540243422718e-06,1.0931446184653288,-0.011410921373737002,0.02253741082672976,-0.0027862812668556446,-0.055892262588015065,0.021647680083399082,1.1097666997579592,-0.031834292157195965,0.03196591891072113
72.16,straight,1.109575099847703,8.013374455204885e-06,1.0806990939862604,-0.07993724075770046,0.08500039630945858,-0.0030052809244528887,-0.05567141026492661,0.02169287220486704,1.106547167415841,-0.03162779524016558,0.031780383281402334
72.18,straight,1.1065751253148903,8.004210963940065e-06,1.0766766803220933,-0.08876442541219208,0.09367209442617101,-0.003361049251557494,-0.05643383060869766,0.021712487089856194,1.103191592230009,-0.03243298327941694,0.03261695825008112
72.2,straight,1.1035751505182105,7.99504902055972e-06,1.0737066739277106,-0.09011738304628043,0.09494582492483913,-0.0037117148689991275,-0.05720307780065803,0.02173187911128357,1.0998406205974698,-0.03324561539551805,0.03346265562273914
72.22,straight,1.1005751754643,7.985885674306002e-06,1.0900471807759202,-0.03377825018673104,0.03538853515050967,-0.0040573417160215276,-0.05797915018046214,0.021751011584294225,1.0964956325832207,-0.03406509799477836,0.03431643506022921
72.24,straight,1.0975752001595964,7.976717651683717e-06,1.089193591965347,-0.027434696399755067,0.02869410503484553,-0.004113879908194587,-0.05791067078073262,0.021767841165985666,1.0934396384230383,-0.034042477815555104,0.03430067528190759
72.26,straight,1.094575224598799,7.967550690439604e-06,1.0888902217674077,-0.027296610794189664,0.027890128285553338,-0.004169713094348379,-0.057841264292398574,0.021784518155467555,1.0903842510358042,-0.03401935685530567,0.034284443493173694
72.28,straight,1.0915752487822772,7.958386726807129e-06,1.0834883727350932,-0.027274090962844385,0.028455364712386928,-0.00418512873504789,-0.05777002560752395,0.021801041564739432,1.0903684416265593,-0.03393003241056435,0.033959440555876526
72.3,straight,1.0885752727128022,7.9492260581748e-06,1.0609156976920564,-0.08142231355491782,0.08599964992316579,-0.004240108823489938,-0.057698701417888666,0.02181734588421894,1.0843150036654372,-0.033968536829372675,0.03424253929005299
72.32,straight,1.0855752963956746,7.94006694104996e-06,1.087544692364857,-0.023686424505660223,0.023776068492977857,-0.004577907561379045,-0.05842834485158288,0.021837119886075403,1.0809787620648272,-0.03474111114701404,0.03505174301122174
72.34,straight,1.0825753198341204,7.930908910079028e-06,1.0880678882470165,-0.016272075898464584,0.01718158692957405,-0.0044437186491973375,-0.05820896093681315,0.02185641582047932,1.0781136259400192,-0.03456580760533224,0.03486043756546756
72.36,straight,1.079575343032701,7.921750410390811e-06,1.0850625776765421,-0.015900816142688866,0.016828478403821942,-0.004311419364275875,-0.05798683675781803,0.021875585490720394,1.0752473606942288,-0.03438763296884943,0.03466677971152966
72.38,straight,1.0765753659921131,7.91259252847462e-06,1.0820582691866474,-0.015529300815290574,0.01647626255923187,-0.004180968167239184,-0.057761763173679384,0.021894449894280552,1.0723790066955847,-0.03420963190612025,0.034473900023968364
72.4,straight,1.0735753887086616,7.903439983993631e-06,1.0790517377287547,-0.015150022080810416,0.016116857779475035,-0.004052320533476744,-0.057533914123764414,0.021913173025184807,1.0695055161517844,-0.03402691390177859,0.03427729064725457
72.42,straight,1.0705754111900347,7.894289488706714e-06,1.0671584380359367,-0.01553533979751635,0.015914390702105524,-0.003925436740313713,-0.05730329820902487,0.021931803530174165,1.0666314337188854,-0.03384091846454604,0.03407780924811099
72.44,straight,1.0675754334401688,7.88513982256997e-06,1.0631589093387612,-0.015249708552065287,0.015883949458653228,-0.003931083183342304,-0.05708169713744945,0.021950785923047545,1.0636245975461254,-0.03366385327683478,0.03390272956948246
72.46,straight,1.0645754554612665,7.875990994230168e-06,1.039916411542349,-0.08114435737600699,0.08481599747363308,-0.003936822327753533,-0.05685687647110319,0.021969195411660782,1.0606211240042867,-0.0334860529077739,0.03372654756045147
72.48,straight,1.061575477255758,7.866842886435453e-06,1.034694575516742,-0.08964728817650759,0.09359823555951363,-0.004239853986519817,-0.0576273710180367,0.022008963329633535,1.0573174752874501,-0.03428177681174639,0.0345530062762101
72.5,straight,1.0585754988258032,7.857695539582607e-06,1.0317273234949689,-0.0909601615229098,0.09484727217544738,-0.004538473376120379,-0.058403944994125795,0.02204818665201042,1.05401884538786,-0.0350821720969194,0.035384647538009725
72.52,straight,1.0555755201761627,7.848547022368595e-06,1.0457222183568828,-0.023841722353434774,0.025804836540419256,-0.004832721887530237,-0.059186428509896166,0.022086680779526125,1.0507247601270155,-0.035889806245369096,0.03622390774955276
72.54,straight,1.0525755413112847,7.839395230208889e-06,1.0446017586791883,-0.01602197433799305,0.017903523055135165,-0.004873114185464046,-0.05896462602144827,0.02212158210737097,1.047684772331798,-0.03569827744168864,0.036039511661264366
72.56,straight,1.049575562228,7.830244063688021e-06,1.0415915045025177,-0.015632459205431964,0.01756029133664473,-0.0049131113472800575,-0.05873976370412464,0.022156125541715095,1.0446439869991608,-0.035505060958817926,0.03585367311483451
72.58,straight,1.0465755829241488,7.821096896554028e-06,1.0385800458911492,-0.015237893512688049,0.01721512202695553,-0.004952723702702465,-0.0585114312087026,0.022189944331615204,1.0416041914122964,-0.035308457543749894,0.0356644678999687
72.6,straight,1.043575603401436,7.81195474617809e-06,1.035568920972348,-0.014840041360308236,0.01686907559961838,-0.004991979444503709,-0.058279769805132255,0.02222318968325745,1.038565230915752,-0.03510872180519878,0.03547216903092696
72.62,straight,1.0405756236672659,7.802814212043608e-06,1.0516720368533654,-0.011858593365735007,0.016246284002691385,-0.005030880894256453,-0.05804484233830937,0.02225591849059403,1.0355267071502803,-0.034905463959961545,0.03527644759382814
72.64,straight,1.0375756437246082,7.793674578923386e-06,1.0507849204336996,-0.011120344323305964,0.01727195549083297,-0.004788252332238497,-0.05776408133231853,0.02228370891403303,1.032769722629045,-0.03466225820488947,0.03500156246372165
72.66,straight,1.034575663575481,7.784535860266176e-06,1.0477741321758713,-0.010659451650084546,0.016970253423040548,-0.0045489913737583754,-0.05748025162470332,0.022311352161896086,1.0300098914660596,-0.03441636093202383,0.0347256110982833
72.68,straight,1.0315756832216039,7.775398290491594e-06,1.0447633479985543,-0.010193893251169886,0.0166729884994443,-0.004313065364257525,-0.05719310409252008,0.02233862657396435,1.027246548056606,-0.03416689232543571,0.03444777678318174
72.7,straight,1.0285757026647246,7.766262092893122e-06,1.0417519504028918,-0.009724782120127406,0.016380964637951405,-0.004080423712731323,-0.05690274959446697,0.022365650826281096,1.024479977232456,-0.03391410974994304,0.03416824020918361
72.72,straight,1.0255757219076145,7.7571267417145e-06,1.0338028517736508,-0.022980759556462282,0.024416338077741632,-0.003851036136731145,-0.056609064463531734,0.022392305206095843,1.0217102565125784,-0.03365975662722442,0.03388868992884971
72.74,straight,1.022575740952277,7.747992164889284e-06,1.030249982239994,-0.024335950145595045,0.025524686449875832,-0.0036974843558380253,-0.05651574624203581,0.02242023460727446,1.0188646473483398,-0.03360500056648119,0.03381699397350315
72.76,straight,1.019575759800773,7.738858333198158e-06,0.99343329097457,-0.08214330826547873,0.08621034288220741,-0.0035460320045852737,-0.05642093922734203,0.02244785051982311,1.016017297441572,-0.03354886926054239,0.03374475667130581
72.78,straight,1.016575778458062,7.729722883239325e-06,0.9867008767299313,-0.08974706902981187,0.09459616087559931,-0.0038950903943314377,-0.057142166279943694,0.02244059841969753,1.0156684048955564,-0.03427749028909495,0.034297224932225694
72.8,straight,1.013575796924286,7.720586894809002e-06,0.983862871367155,-0.09106323720852952,0.09579549727904527,-0.004239178688239021,-0.05787033766099203,0.022433442624357022,1.009327306507913,-0.035146923628487446,0.03541043180657535
72.82,straight,1.010575815203424,7.71144890935616e-06,1.013520069296484,-0.019309554264801725,0.01954035278132455,-0.00457637648264539,-0.05860542883684564,0.02242636962798319,1.005993602471971,-0.03595579770540379,0.03625425029163694
72.84,straight,1.0075758332904456,7.702313659859699e-06,1.0141380270826417,-0.010879624198151172,0.012712051995689738,-0.004428876167137625,-0.05826929536425831,0.022416691437753516,1.0031419191758701,-0.035696937719912995,0.03597889540136614
72.86,straight,1.0045758511784157,7.69318779832187e-06,1.0111308289509022,-0.01038315818678555,0.012285663428829693,-0.004283463378757256,-0.05793005969368249,0.022406968784266068,1.000288235937808,-0.03543477353858292,0.03570086962669303
72.88,straight,1.0015758688763867,7.68406778962864e-06,1.0081217250935532,-0.009880491884409835,0.011858509909658692,-0.004140076084276659,-0.05758793353504129,0.022397435306748342,0.9974317945769686,-0.035167148057237044,0.03541810507103543
72.9,straight,0.9985758863920466,7.674949589145387e-06,1.005109669631306,-0.009379354435427053,0.011437073231066767,-0.003998709484760446,-0.057242840552296524,0.022388024303343433,0.9945726936657352,-0.034899725336222556,0.03513619425489732
72.92,straight,0.9955759037300282,7.665830835398578e-06,0.9900913479820993,-0.004334357201549898,0.006995249514199248,-0.0038593686067485682,-0.05689479782435133,0.02237873311983847,0.9917132433176702,-0.03462886833721678,0.03485125025929262
72.94,straight,0.9925759208915963,7.656711516489022e-06,0.9857398088371438,-0.0032106733209683307,0.00755579752369158,-0.0038986926987587553,-0.05647905963831175,0.022371647339952387,0.9886736158985945,-0.03428785785039628,0.03451681189398548
72.96,straight,0.9895759378804598,7.647589851413908e-06,0.982723227932824,-0.0025750047926760555,0.007323232002019493,-0.003937725812368705,-0.05605963371591943,0.022364706686947,0.9856365882349183,-0.033943423628602275,0.03417884890557818
72.98,straight,0.9865759547043353,7.638461203405092e-06,0.9797070550569064,-0.001931081941138073,0.007137255716653643,-0.0039764933356883775,-0.05563616670053272,0.022357565594771922,0.9825983800252426,-0.0335921732387051,0.03383442694353
73.0,straight,0.9835759713534173,7.629333152180077e-06,0.9766908376283324,-0.0012855659424737785,0.007005527848292597,-0.004014960340571743,-0.05520907894869605,0.02235066907324468,0.9795596797689857,-0.033237685058649664,0.03348703520918093
73.02,straight,0.9805759878296527,7.62020565214323e-06,0.9853650798481175,-0.022266494378334525,0.022783142515067818,-0.004053126580166954,-0.05477823344914279,0.022343852635182408,0.9765223474824846,-0.03288027476920176,0.03313677165840405
73.04,straight,0.977576004135102,7.611078676802717e-06,0.9836573967325197,-0.024506094929543268,0.025256783607208805,-0.003918936619280906,-0.05466346617091884,0.022338677584586623,0.9736571023707794,-0.03283785982374651,0.03307843330389679
73.06,straight,0.9745760202716127,7.601952231106361e-06,0.9490320643248975,-0.08260673418228003,0.08647324569110217,-0.0037866078579913654,-0.05454765304819884,0.022333330538406602,0.97079020107032,-0.03279406266726136,0.033019412908689656
73.08,straight,0.971576036244258,7.592823900727256e-06,0.9425432877354745,-0.090283696639246,0.09484417451215454,-0.004121458764976699,-0.055287123728777955,0.022327458080621487,0.967456086839592,-0.03360638919232771,0.033865524801549085
73.1,straight,0.9685760520558091,7.583692609255355e-06,0.939573167198553,-0.09164782604491128,0.09613470478550412,-0.0044515120091495495,-0.05603392897294698,0.02232170984537666,0.9641281592322419,-0.03442564525267988,0.03471931747843897
73.12,straight,0.9655760677065359,7.574559163372314e-06,0.9634118369963437,-0.018028051695593617,0.01816501332144347,-0.004776821774440298,-0.056788121867104024,0.02231610700876848,0.960803776558337,-0.03525203523489281,0.03558110236673788
73.14,straight,0.962576083195799,7.5654252560990755e-06,0.9633834985556875,-0.009385122974995969,0.00942732809165002,-0.004702970395008879,-0.05644300157225469,0.022307447708003105,0.957878166479283,-0.03498291913060024,0.035304453414958026
73.16,straight,0.9595760985228594,7.556292976875439e-06,0.9603711682883472,-0.008882258558401284,0.008925297979550967,-0.004630240859116627,-0.056095370857757586,0.02229929675729871,0.9549513336230209,-0.03470972861601325,0.035023967819634204
73.18,straight,0.9565761136882003,7.547163548857057e-06,0.9573594164161576,-0.008375554156613117,0.008419617028566492,-0.004558642715995737,-0.055744808559300724,0.02229124208418453,0.9520242375346976,-0.0344327114828153,0.034739760968453534
73.2,straight,0.9535761286871747,7.538041946666763e-06,0.9244800839905979,-0.0823000225355337,0.08729899395297058,-0.004488165315802149,-0.05539123266669048,0.02228319603231641,0.9490965503084131,-0.03415311389645099,0.03445310963190144
73.22,straight,0.9505761435305118,7.528922382419303e-06,0.941355169170068,-0.024024646813971203,0.025740470834445615,-0.004858266974285923,-0.056133726035074126,0.02227901746859955,0.9457277852437106,-0.03496552628833564,0.03530752283648808
73.24,straight,0.947576158221537,7.519803549181145e-06,0.9409233615714306,-0.016298101728910892,0.01761059331276182,-0.004882128200055348,-0.05588726614314589,0.02227522349459398,0.9427040399166303,-0.03479001916962302,0.03513696423094125
73.26,straight,0.9445761727660908,7.510682183375606e-06,0.9379142885934321,-0.01591735658626871,0.01726215798351232,-0.004905810968023074,-0.05563792023151257,0.022271173836159543,0.9396808089484819,-0.03461117004870186,0.03496308971549453
73.28,straight,0.9415761871639887,7.501559158518804e-06,0.9349062501830715,-0.015533639988485577,0.016911982140876233,-0.004929306743843761,-0.05538583680039284,0.02226705043589382,0.9396573998663386,-0.03436298152648043,0.03442400110727712
73.3,straight,0.9385762014087504,7.492440145010684e-06,0.9320315937242447,-0.01514542323006345,0.0165058396651773,-0.004952616752602644,-0.055131140364883535,0.022262981519415775,0.9336365570081973,-0.03424593861617264,0.03460776828883686
73.32,straight,0.9355762155051934,7.483323113270328e-06,0.951503432944903,-0.015259888019954426,0.022062839416061436,-0.0049737730238243036,-0.0548737850237364,0.02225896601852729,0.9306175614935186,-0.03405953417455177,0.03442600660538069
73.34,straight,0.9325762294563447,7.474207024195286e-06,0.9509933581596167,-0.014943733670048639,0.023721914902813647,-0.004664188626668903,-0.05462072516505554,0.022254477417876558,0.9279291491773152,-0.03387604182280362,0.0342007019469388
73.36,straight,0.9295762432635541,7.465091883590817e-06,0.9054945282225083,-0.08340724200681256,0.08682132433728136,-0.004358803774980189,-0.05436547889739479,0.022250278825298946,0.925233474718727,-0.0336905600370232,0.03397670578826578
73.38,straight,0.926576256928513,7.455977571467036e-06,0.8977993031206912,-0.09224133053980015,0.09663307758932813,-0.00468290288390689,-0.055119265500825174,0.02224444249251202,0.921908654290817,-0.0345162585495856,0.034837815361128226
73.4,straight,0.9235762704525428,7.44686414596186e-06,0.8948274983681648,-0.0936084056362371,0.09793068842672856,-0.0050023057485272995,-0.055880136716383894,0.022238613232496124,0.9185907644274631,-0.03534886211424388,0.0357060758821447
73.42,straight,0.9205762838395231,7.437749818256563e-06,0.9161203301207815,-0.021057345823192134,0.021530922658384494,-0.005317129501884222,-0.056648133934335605,0.02223280248498978,0.9152763953530909,-0.03618893367970019,0.03658231980933242
73.44,straight,0.917576297095053,7.428631195252987e-06,0.9158098144326464,-0.012556984567460858,0.01268798408034731,-0.005270381700971027,-0.05633261645603376,0.022224064314565747,0.9123252415346356,-0.03594765422874724,0.036336504619513425
73.46,straight,0.9145763102121265,7.4195141419004335e-06,0.9127998660760674,-0.012084667573077848,0.012221878901930142,-0.005224422015170573,-0.05601404416496946,0.02221528287709844,0.9093727771633218,-0.03570495667769609,0.0360894800386118
73.48,straight,0.9115763231889531,7.410401193220107e-06,0.9097915643996013,-0.011605311320460176,0.011749071015221975,-0.0051792206844809285,-0.05569247860012186,0.022206530003780527,0.9064198230422799,-0.03545737883578249,0.03583770039198594
73.5,straight,0.908576336018271,7.401298973787411e-06,0.8793722339962388,-0.08392702454517043,0.08886994664508027,-0.005134744564148302,-0.05536811261964913,0.022198051790211355,0.9034641652806572,-0.03520848040332865,0.03558500546186658
73.52,straight,0.9055763487099568,7.392202611202527e-06,0.9017187238705758,-0.03967661728301532,0.039871065677464713,-0.00549421365980193,-0.05611864440218869,0.022196783071524864,0.9001062225754752,-0.0360267055216518,0.0364469268763345
73.54,straight,0.9025763612726223,7.3831070943527115e-06,0.9018730009231855,-0.03384875562576166,0.03386344409063486,-0.005431102491239686,-0.056088661470379456,0.022195366401445822,0.8971701971496648,-0.03606458543322742,0.036474834131196766
73.56,straight,0.8995763737115823,7.374008995278648e-06,0.8988725643695414,-0.03382749272231851,0.033842186015618274,-0.005368845094661363,-0.056057899064775575,0.02219392579703369,0.8942334624875841,-0.036100603676666766,0.03650113358370935
73.58,straight,0.8965763860363722,7.3649014846555614e-06,0.8958726605956442,-0.03380631070927564,0.033820997735218475,-0.005307429124923672,-0.056026489354260425,0.022192605007247086,0.8912962085412457,-0.03613553929525144,0.03652656291186572
73.6,straight,0.8935763982394889,7.355789820745074e-06,0.8928722588413226,-0.0337856201341352,0.033800311153732235,-0.005246844285015602,-0.055994261448218445,0.0221911955232543,0.8883575937743686,-0.03617031114443453,0.03655214774607733
73.62,straight,0.8905764103144236,7.346679633327425e-06,0.9026788379484907,-0.018921979572357236,0.02246749089222315,-0.0051870690871095426,-0.0559616926713809,0.022190222095809228,0.8854183329818617,-0.03620455297337974,0.03657741705271952
73.64,straight,0.8875764222629101,7.337570892884676e-06,0.9010944074000802,-0.016923785947909907,0.021665614825748837,-0.00493966347858352,-0.0557084499868188,0.02218755010769725,0.8826672592878299,-0.03601975333675348,0.03636002145741548
73.66,straight,0.8845764340866538,7.328463608306101e-06,0.859818321800798,-0.08494135953261045,0.08848301371584245,-0.004695666275369498,-0.05545246021250238,0.022184767820852856,0.8799120482218065,-0.03583229631483211,0.036141875985559846
73.68,straight,0.8815764457845319,7.31935973515389e-06,0.8525923336231603,-0.09370497824716596,0.09809216829363784,-0.005017918269513017,-0.05621250457327754,0.022195546403157768,0.8765901953148001,-0.036649366458927954,0.03699426048666303
73.7,straight,0.8785764573583776,7.310259382403962e-06,0.8496221483203215,-0.09504781647553737,0.09936714311311823,-0.005335515663099812,-0.05697924659636746,0.0222061780683828,0.8732727947238179,-0.037473005899910206,0.037853704399196594
73.72,straight,0.8755764688156802,7.3011580378043076e-06,0.8738198332771787,-0.02704086204163,0.027105145284447196,-0.0056485197589010135,-0.057752621448627806,0.022216554740647636,0.8699601508643432,-0.038302821579647615,0.038719614299564394
73.74,straight,0.8725764801592533,7.292054158082125e-06,0.8738328369219732,-0.019130600932087856,0.01917908705512944,-0.005557231268983962,-0.05750964270868839,0.022224039841058824,0.8670515755619368,-0.03811913813075628,0.038524657681212396
73.76,straight,0.8695764913854305,7.28295113408277e-06,0.8708237504004321,-0.018750922137522937,0.01879962534729405,-0.005467283924075861,-0.057263942030449634,0.02223136013012239,0.8641420754079966,-0.037933162144720194,0.03832766952330029
73.78,straight,0.8665765024920233,7.27385165047944e-06,0.8678147619320261,-0.018368455962440695,0.01841740298308193,-0.005378665145920121,-0.057015245054181984,0.02223821586784158,0.8642305616389594,-0.03767850335522114,0.037758724053813565
73.8,straight,0.8635765134786624,7.264757366495342e-06,0.8342903221140173,-0.08592263609568998,0.09078341734734778,-0.005291355459611677,-0.056763865036218525,0.022244980400067733,0.858321328026524,-0.03755493735790013,0.03792803714779486
73.82,straight,0.8605765243515577,7.255664960974707e-06,0.8703863820648093,-0.01590245863047199,0.0186909688704611,-0.0056543092683121,-0.05751515044871493,0.022258043267436092,0.8549573962363949,-0.03836002806639181,0.03877657877761706
73.84,straight,0.8575765351127274,7.246573699931853e-06,0.8720932465576218,-0.006670634526676631,0.01597901771590153,-0.005387168832026923,-0.05711484864893586,0.022271211601820443,0.8522247134804639,-0.038015376365158796,0.038397419834335075
73.86,straight,0.8545765457675003,7.237480503420837e-06,0.8690759275712473,-0.0059770435602817295,0.015685779938081814,-0.005123780805966667,-0.05670984892766472,0.022284221951726184,0.849488533211776,-0.037665589516982935,0.03801486243234013
73.88,straight,0.8515765563124802,7.228388105995828e-06,0.8660595360500436,-0.005277558998703433,0.015417058078714376,-0.004864122138696429,-0.056300150541002576,0.022297119972444567,0.8467501127787369,-0.037310745680955396,0.0376287887900149
73.9,straight,0.8485765667411016,7.219302335839765e-06,0.863043670784342,-0.004573599241665774,0.01517501228767248,-0.004608152837247008,-0.055885565019797495,0.022309692768988348,0.8440067066522623,-0.036952213879261224,0.037240882405449316
73.92,straight,0.8455765770610242,7.210219124072199e-06,0.8456477013027326,7.001194998869648e-05,9.488263886606914e-05,-0.004355798128896942,-0.05546601788236597,0.02232186285055751,0.8412597489105945,-0.03659002409093314,0.03685095065836933
73.94,straight,0.8425765872755733,7.201136761831543e-06,0.8410309578253828,0.0013211177891945048,0.0020286318953511165,-0.004318634733272843,-0.05498375874523662,0.02233383125867838,0.8382961137936079,-0.03616327362019729,0.03642287327180031
73.96,straight,0.83957659738563,7.192055221040328e-06,0.8104098108655701,-0.08463468057268886,0.08952624217438186,-0.004282212920962637,-0.054495930886659306,0.02234549790121447,0.8353338888606113,-0.0357316898866523,0.035989835482861346
73.98,straight,0.836576607390981,7.182975279909417e-06,0.8043714179519774,-0.09542391686394129,0.1007187621216897,-0.004652531065080422,-0.055289380859415066,0.022368378567096253,0.8319652487059028,-0.03657391937322462,0.03687060723603844
74.0,straight,0.8335766172935593,7.173896388992403e-06,0.8014053241446971,-0.09679612055230376,0.10200916585773227,-0.005017530668004283,-0.056089264279804665,0.02239074634046491,0.8286000829685123,-0.03742265916884283,0.037759214732029214
74.02,straight,0.8305766270974999,7.164816032356032e-06,0.8361683115699773,-0.02641372624763811,0.027006118192700084,-0.0053772454510380065,-0.05689591690110295,0.022412985175094564,0.8252409563177017,-0.038278449518314946,0.03865562892553648
74.04,straight,0.8275766368092832,7.155729732651966e-06,0.8373552500631598,-0.018216979565768836,0.020681885417863498,-0.005176573440709654,-0.05665103977074739,0.02243242361877529,0.8224423794609368,-0.03808441623002024,0.03843603065983897
74.06,straight,0.8245766464213915,7.146643216664116e-06,0.8343469010083624,-0.017813438651427607,0.020323167443533928,-0.004978700218235498,-0.056403200019652364,0.022451668440214536,0.8196416001709633,-0.03788779507886612,0.0382149354260074
74.08,straight,0.8215766559256394,7.1375634746639725e-06,0.831338569800445,-0.017407197188178927,0.019963817704581714,-0.004783578087175133,-0.05615248758926467,0.022470827444761532,0.8168371871019537,-0.03768928504079882,0.03799319467866146
74.1,straight,0.8185766653213591,7.128492256176187e-06,0.7889355271528341,-0.08765125995647413,0.09253426466641469,-0.004591161364767492,-0.05589876338982788,0.02248974530242536,0.8140300677684714,-0.037487507737199915,0.03776929037309498
74.12,straight,0.815576674616949,7.119425215807392e-06,0.8208151767864608,-0.017807857087003394,0.018569202813015447,-0.004980951016441026,-0.05669071293914873,0.022519307046113962,0.8106406801352388,-0.03832213706406399,0.03864577524833046
74.14,straight,0.8125766838182784,7.110358887666475e-06,0.822161367414673,-0.008593309530398477,0.012877631067670217,-0.004787857948591703,-0.05632839767994514,0.022548449153096544,0.807833273979707,-0.03800476101055807,0.03830668743057725
74.16,straight,0.8095766929310741,7.101289317809246e-06,0.8191433649805652,-0.007933750715402216,0.01243295397978207,-0.004597563553081757,-0.05596093512040969,0.022576815193445253,0.8050235185660695,-0.037681724282745556,0.0379628630348075
74.18,straight,0.8065767019506893,7.09221997552018e-06,0.8161254925214523,-0.007269451435577228,0.012005310863757617,-0.0044100366765002525,-0.05558865811978962,0.022604856625145466,0.8022110531115313,-0.03735404052122897,0.03761533104324277
74.2,straight,0.803576710876925,7.083151644287498e-06,0.8131082821077624,-0.0066004720351912575,0.011597872032213753,-0.004225239882174228,-0.05521149124190015,0.022632474325856085,0.7993961958176906,-0.03702244283622184,0.037264762189587866
74.22,straight,0.8005767197174265,7.074079191128378e-06,0.808047465953258,-0.010281168558890007,0.01271455803007804,-0.004043133752842507,-0.05482937553470785,0.022659606099373855,0.7965785127193088,-0.036686837145852885,0.03691109291515504
74.24,straight,0.7975767284721087,7.065002823403935e-06,0.8048038409390688,-0.010181553601267178,0.012491561298320969,-0.0038937361774234684,-0.054507180839426815,0.02268724461641473,0.7937270970106175,-0.03641098329770396,0.03662094898290932
74.26,straight,0.794576737135003,7.055927294133948e-06,0.7659186913545565,-0.08632712776325,0.09096633916711601,-0.0037465296882508766,-0.054180765653325004,0.022714636324265583,0.7908741434650076,-0.036130978569353885,0.03632721758084442
74.28,straight,0.7915767457082836,7.046851900928896e-06,0.7589603104050546,-0.09600809975768586,0.1014038472167115,-0.004129558638356504,-0.0549709689260906,0.02273139670619178,0.7904908118819682,-0.0369078636986868,0.03693087967044691
74.3,straight,0.7885767541925475,7.037776920977347e-06,0.7561296062255458,-0.09736239712525402,0.1026334461292292,-0.004507102444090925,-0.05576762815193054,0.022747933948141785,0.7841168975450445,-0.03782604516952915,0.03809504543309079
74.32,straight,0.7855767625936352,7.028698896828941e-06,0.7953666191577506,-0.01255986613443921,0.01593010160978525,-0.004877249226318094,-0.056570747835347976,0.02276425269188596,0.7807477736844459,-0.038684884843910534,0.038992092884188104
74.34,straight,0.7825767709117173,7.019617951059348e-06,0.7970477105317708,-0.00242256136922632,0.014673478021944512,-0.004621257802523912,-0.05610985808676388,0.02277727018563081,0.7780082656233397,-0.03828204286731393,0.038560647641999755
74.36,straight,0.7795767791416068,7.010538503311039e-06,0.7940366089553341,-0.0016408716677176322,0.014553425507678118,-0.0043688731897077865,-0.05564374023203817,0.02278999544020351,0.7752623913562284,-0.03787544381165444,0.03812734306969748
74.38,straight,0.7765767872803764,7.001463651242377e-06,0.7910259007139888,-0.0008501275856748925,0.01447451378197548,-0.004120004167796291,-0.05517233984331097,0.022802376534479418,0.7725108196354873,-0.03746215250026397,0.03768911768217542
74.4,straight,0.7735767953224411,6.992398518325823e-06,0.7445313563869013,-0.08658994681270715,0.09133820341845383,-0.0038745685512802464,-0.05469573484645612,0.022814553711999808,0.7697571557004517,-0.037043777046828104,0.03724713631051504
74.42,straight,0.7705768032745794,6.9833402769286875e-06,0.766559257260872,-0.04558452788895269,0.04576818296739807,-0.004272332891097397,-0.05549329660751231,0.022834109373502928,0.7663600023800607,-0.03789612553692228,0.03813695153444794
74.44,straight,0.767576811146526,6.974282754009072e-06,0.7668813593840983,-0.040007828319512134,0.04002084557392796,-0.004225401406710486,-0.05553548635878146,0.022853360719557052,0.7634087244649247,-0.03799199955909212,0.038226887914381
74.46,straight,0.764576818943894,6.96522202215885e-06,0.763882808478593,-0.04005267107517348,0.040065647514916584,-0.004179061485798066,-0.05557666983549298,0.022872280200298006,0.7604535898122401,-0.03808749569895837,0.03831695409779112
74.48,straight,0.7615768266758494,6.9561513511303014e-06,0.7608831427027811,-0.04009630897616487,0.04010926415857479,-0.0041333029919227845,-0.05561690133603868,0.022890904205974096,0.7574997153318941,-0.03818133770832854,0.03840532026717466
74.5,straight,0.7585768343341783,6.947076314685821e-06,0.7578826332410028,-0.040142351048907926,0.040155299215742,-0.004088161655540767,-0.05565619484618103,0.022909243580914923,0.7545457772543535,-0.03827625683453574,0.03849484540637304
74.52,straight,0.7555768419103686,6.93800312556068e-06,0.7567802455799827,-0.016187128084660773,0.016238717832625583,-0.00404364372725418,-0.05569462426611212,0.022927368307306684,0.7515904584605264,-0.0383703414104894,0.03858376378996546
74.54,straight,0.7525768494060401,6.928931673941892e-06,0.753977040652755,-0.013026571535989906,0.01310849609863659,-0.00397185249129602,-0.05537658115501712,0.022942094773318746,0.7486616866384241,-0.0381104411339879,0.03831791226332066
74.56,straight,0.7495768568224008,6.919861976073932e-06,0.7218843658363325,-0.08806355980687072,0.09232163043466157,-0.0039012158783687896,-0.05505441433061535,0.022956569930169403,0.7457323748753155,-0.03784591853500838,0.03804756780859567
74.58,straight,0.7465768641576602,6.910796132942796e-06,0.7156781248924056,-0.09761877280507705,0.1023987606701651,-0.004259786312189669,-0.05583449432179764,0.022962627375374845,0.7423744356510471,-0.038690015392742666,0.0389244460695394
74.6,straight,0.7435768714015438,6.901741432333007e-06,0.712707512124631,-0.09897408454643122,0.10368294454096758,-0.004613238051255298,-0.05662096669918707,0.022968359500709325,0.7390207814028813,-0.039541013818758734,0.03980949109486224
74.62,straight,0.740576878566273,6.8926902074675425e-06,0.7342707935626147,-0.03384073135567655,0.03443005027043774,-0.004961614262459882,-0.057414146337065326,0.02297413480842773,0.7356718729133065,-0.04039922240084323,0.04070274213375394
74.64,straight,0.7375768856705918,6.883631835331875e-06,0.7339902992347883,-0.026324062882648543,0.026574091642238683,-0.004943969899981009,-0.057233587782611575,0.022977448486274386,0.7326895575089858,-0.04028511220448921,0.0405873244379772
74.66,straight,0.7345768927116723,6.874567439198411e-06,0.7309806313028158,-0.026028455507210075,0.02628253237830722,-0.004926696706416543,-0.05705075523263126,0.022980920027676766,0.7297068423777788,-0.04016894127711876,0.040469909427011196
74.68,straight,0.7315768996767957,6.865505982498411e-06,0.7279717836176994,-0.02572939905321053,0.025987538845768546,-0.004909778056403752,-0.056865591642928315,0.022984472023594438,0.7267242617780261,-0.04004993928062571,0.04034966795760548
74.7,straight,0.7285769065623526,6.856451246021483e-06,0.698466426515179,-0.0897487854791657,0.09467162334623573,-0.0048932086561553475,-0.056677966112434544,0.022987938725623158,0.7237422498734974,-0.03992879181912879,0.04022722844137019
74.72,straight,0.7255769133796548,6.847396076905375e-06,0.7167874384861859,-0.019591546721462128,0.021479104285079237,-0.005266912013676809,-0.0574353668967875,0.022992573976592552,0.7203701234595515,-0.04075154987964943,0.04108962898053504
74.74,straight,0.7225769201292849,6.838340157976321e-06,0.7164686921186542,-0.010379579353271924,0.01204940338490862,-0.0052785741610536785,-0.05704479811192692,0.022997403363064065,0.7173597122825172,-0.04042680830935111,0.04076884888114615
74.76,straight,0.7195769268105039,6.82928442352106e-06,0.7134512333375516,-0.009677466281142957,0.011459044511905055,-0.005290314607940624,-0.05664946744724465,0.023002460694680878,0.7143487174335291,-0.040096440738617185,0.04044263146520516
74.78,straight,0.7165769334233545,6.820229138971738e-06,0.7104332180691567,-0.008970017154897128,0.010877906405776508,-0.005302142203590764,-0.056249161021504984,0.02300747871196771,0.7143368067654444,-0.03969252315198288,0.03976249529815379
74.8,straight,0.7135769399602623,6.811180565068701e-06,0.7075486331155344,-0.008252694522727484,0.010225454409311854,-0.005314054848807862,-0.055843856677296265,0.023012429981438896,0.708323234967863,-0.03941977297918867,0.039775079568158074
74.82,straight,0.7105769464288727,6.802134338906075e-06,0.7184045554079446,-0.023458850688036558,0.024736780807322202,-0.005324058096488174,-0.055433506713887894,0.023017327711448658,0.705312940809104,-0.03907392917856929,0.039433657135962925
74.84,straight,0.7075769528316016,6.7930891137534e-06,0.7169324027870662,-0.024870415087087202,0.02657818523735662,-0.005130182887302448,-0.05525368042299864,0.023023801739596436,0.7025088043874487,-0.03895962208392355,0.03929462609682756
74.86,straight,0.7045769591688895,6.7840449221025984e-06,0.6792870971054158,-0.08954788315722566,0.09305705529876264,-0.004939058888293151,-0.05507102500144892,0.023030118363781774,0.6997029013009839,-0.03883833314620084,0.0391497071469477
74.88,straight,0.7015769654443318,6.774999451657154e-06,0.6724645336962661,-0.0979213296307815,0.10216382607731406,-0.005260456927623887,-0.05583756097443775,0.023029771098999157,0.6963831571118251,-0.03967535849586386,0.04002058674900778
74.9,straight,0.698576971657701,6.765952946281136e-06,0.669496754707444,-0.09923936526275229,0.1034188260383847,-0.005577222832512876,-0.0566104466351818,0.0230294559775853,0.6930670637827652,-0.04051776481130676,0.04089739207398403
74.92,straight,0.6955769778101342,6.7569049157230805e-06,0.6885166695421765,-0.021453642182113635,0.022591960557091142,-0.0058893726821122785,-0.05738954688360265,0.023029008671583768,0.6897548588306819,-0.04136492674412108,0.04177934031751671
74.94,straight,0.6925769838999685,6.747856851200332e-06,0.6879478557247769,-0.012210893818815408,0.0130652055390391,-0.005873432295831674,-0.057008406151465574,0.023025181546505367,0.6867696894093108,-0.04105567475626395,0.04147104074121233
74.96,straight,0.6895769899234097,6.738812276717175e-06,0.6849298532305363,-0.011555957555456207,0.012461614130385905,-0.00585790935702335,-0.056622736366937744,0.023021321891350664,0.6837865449268328,-0.04074344774162433,0.04115953057842278
74.98,straight,0.6865769958783687,6.729773525270811e-06,0.6819117885124586,-0.010892251862079134,0.011855461208244253,-0.005842852251118316,-0.05623257971288374,0.023017534260276435,0.6808027252310149,-0.040424935161964326,0.040841911450917555
75.0,straight,0.6835770017617193,6.720743608135942e-06,0.6552070754691367,-0.08820588551986164,0.09266237975381658,-0.005828247309415826,-0.055837866448950724,0.023013766191004006,0.6778187702140005,-0.040100183383261635,0.04051815629071821
75.02,straight,0.6805770075802116,6.711719147538713e-06,0.6711440460262577,-0.02120273341443599,0.023212525208448617,-0.006162734517473196,-0.056583762378646756,0.02300638710801864,0.6744852202926352,-0.04091983485044911,0.04137743450807988
75.04,straight,0.6775770133422299,6.702694443594177e-06,0.6705269214842533,-0.012192066864461388,0.01408949161457482,-0.006175356536352154,-0.05620633377360908,0.022999141355131352,0.671473466272646,-0.040617602330501504,0.041080256152930754
75.06,straight,0.6745770190508438,6.693667077044858e-06,0.6675106978506652,-0.01150566994415714,0.01350804986744431,-0.006188024682779658,-0.055824015564922676,0.02299200360624581,0.6684614833100799,-0.04030910286913511,0.04077699385371383
75.08,straight,0.6715770247042343,6.684638145001871e-06,0.664495599377898,-0.010815299340574843,0.012932978074988982,-0.006200750013780859,-0.05543667751264215,0.022984826734854427,0.665450988947576,-0.03999634850475828,0.0404693831769657
75.1,straight,0.6685770303032825,6.675607100571915e-06,0.6614805390854619,-0.010117511226739637,0.012363629994912853,-0.006213537259877421,-0.05504431125956792,0.022977586782336756,0.6624388223511639,-0.03967749823102353,0.04015608609012967
75.12,straight,0.665577035850319,6.666572240588036e-06,0.6582982283172949,0.0005947380356322293,0.007302524710595939,-0.006226357775319201,-0.05464703035895914,0.02297048329056852,0.6594263043194852,-0.03935359229102634,0.03983794015944821
75.14,straight,0.6625770413388494,6.657538483313653e-06,0.655257450044007,0.002638835168953783,0.00777848158716607,-0.006241691355909792,-0.05409660453915907,0.022962121667925384,0.6564117501565454,-0.03887839182117475,0.0393707744280658
75.16,straight,0.6595770467698117,6.648505772831139e-06,0.632309285482032,-0.08700452035399064,0.0911837392959381,-0.006257135975734597,-0.05353984901071461,0.022953808645741633,0.6533963348022198,-0.03839673234914414,0.038897568838092395
75.18,straight,0.6565770521424668,6.6394751263099805e-06,0.6271190446595883,-0.09816963612754101,0.1025005136380897,-0.0065659007234928355,-0.05431045451474753,0.022945968958677863,0.650088815088071,-0.03924202002218038,0.03978133346696106
75.2,straight,0.6535770574568147,6.630447288932741e-06,0.6241487846197243,-0.09950496668459351,0.1037717746109813,-0.006870212496482456,-0.055087422626604945,0.022938071132253234,0.6467859229940653,-0.04009359020989739,0.04067120853928704
75.22,straight,0.6505770627209699,6.621416922557311e-06,0.6439608186927149,-0.010787368870287417,0.012660367741965604,-0.0071701142787473715,-0.05587094567729945,0.022930343401332164,0.6434867686274184,-0.04095157581281668,0.04156736930145172
75.24,straight,0.6475770679387693,6.612381106709774e-06,0.6434759693860953,-9.476748980922174e-05,0.004102351425337919,-0.0071304360899972314,-0.05533316844359478,0.02291895540438215,0.64052703926649,-0.04049087596182831,0.041106562327274686
75.26,straight,0.6445770731034628,6.603344505426107e-06,0.6404557171662734,0.0008233464065695258,0.004201504967322592,-0.007091568318443929,-0.054789648108990195,0.022907862477565138,0.6375674712874065,-0.04002418442027861,0.040639863271040196
75.28,straight,0.6415770782084422,6.594312592641956e-06,0.6374356902132207,0.0017494357219070787,0.00449317156416116,-0.007053504744250522,-0.05424010917858829,0.02289667217290659,0.6376057000512739,-0.03948185942185512,0.03968765327913525
75.3,straight,0.6385770832493449,6.585289432437475e-06,0.6093773235048634,-0.08837576835528851,0.09308096693156966,-0.007016243207051486,-0.05368469416456347,0.022885630710434052,0.6316506598473051,-0.03907099947500046,0.03968668507403665
75.32,straight,0.6355770882377527,6.576268311067734e-06,0.6383851780484112,-0.02218065709573807,0.022364227970924893,-0.007348144899471361,-0.05446981925566471,0.022884706696358413,0.6283192456153046,-0.03992617173116579,0.040586951626377994
75.34,straight,0.6325770931756693,6.567247979630308e-06,0.6392419268528655,-0.01314671628751762,0.01474546966732058,-0.007163636125088577,-0.05412189034906746,0.0228837121804954,0.6255028397525856,-0.03964584024201838,0.04027851140803074
75.36,straight,0.6295770980669886,6.5582258403816424e-06,0.636231662630188,-0.012517838698254163,0.01418251556805276,-0.006981688807330022,-0.053769435674051506,0.022882829538535845,0.6226864030871738,-0.039361943547278316,0.03996699399710835
75.38,straight,0.6265771029142257,6.549200016572995e-06,0.6332211681562425,-0.01187984854705766,0.013617270443882164,-0.006802314290267431,-0.053412348706118884,0.022881847978340603,0.6198688332172793,-0.03907016748034704,0.03964833752938928
75.4,straight,0.623577107707959,6.540177400210496e-06,0.6302100840905607,-0.011245097486841537,0.013061229873925903,-0.006625494302358898,-0.05305078702465532,0.022881051561474894,0.6170458512615534,-0.038779449309332484,0.039332051703841416
75.42,straight,0.6205771124504338,6.531157008408768e-06,0.6319141415963853,-0.019936013811068708,0.022939776146683105,-0.006451166529793828,-0.052684473590805456,0.022879942842918024,0.6142206623792182,-0.03848177907867783,0.039009671650839184
75.44,straight,0.6175771171436963,6.522137801340003e-06,0.6294296017500239,-0.020534116450399823,0.023714957831595048,-0.006209891914536678,-0.052451793287709665,0.022880202639857877,0.6114622702962563,-0.03831586975626012,0.038807178104697006
75.46,straight,0.6145771217883294,6.513119701242576e-06,0.5886372464550184,-0.08964610708380306,0.09332989575511967,-0.005971927103684154,-0.052215708076454107,0.02288031789659744,0.6086999360043359,-0.03814968890992322,0.038606179117663175
75.48,straight,0.6115771263871039,6.50410107023694e-06,0.5814618395687513,-0.09852002544244234,0.10302624677255938,-0.00629361378895104,-0.05298381436329333,0.022854886770446625,0.6053795537890158,-0.03900174852170576,0.039497514843226326
75.5,straight,0.608577130939068,6.495082716240474e-06,0.578488255996158,-0.09985437284680572,0.10429541379642492,-0.006610702482043573,-0.053758452669462664,0.022829806357871324,0.6020635293156563,-0.039861023641781235,0.040396114359634486
75.52,straight,0.6055771354459978,6.48606379499038e-06,0.6025467187373609,-0.023948066909508372,0.024145476462036998,-0.006923250525998886,-0.054539591288039924,0.022804919965859188,0.5987526454901633,-0.040724071460884796,0.04129832901496785
75.54,straight,0.6025771399083055,6.47704415804029e-06,0.6025414086034412,-0.014971935915008993,0.014978455577979,-0.006833547377296339,-0.05418870358458169,0.022777335558280005,0.5958432802386191,-0.040458253682167135,0.0410212054772289
75.56,straight,0.5995771443157594,6.468031734445334e-06,0.5995276960425122,-0.014380482561878018,0.014387035570775975,-0.00674520661340767,-0.053833848192470855,0.02275006662265487,0.5929318504705289,-0.04018849357018919,0.04074058011945306
75.58,straight,0.596577148668473,6.459027394071269e-06,0.5965126411286591,-0.013783432149434127,0.013790042055463683,-0.006658218930105756,-0.05347479934841677,0.02272278786391983,0.5900192985103854,-0.039914045575308164,0.040455556928934995
75.6,straight,0.5935771529729834,6.450027442143989e-06,0.5639285795523861,-0.09027536153898334,0.09502548818918065,-0.006572586316125642,-0.05311167902838342,0.022695720565007935,0.5871059280120098,-0.039635966667972866,0.040167125288579554
75.62,straight,0.5905771572362397,6.441027213771359e-06,0.5915424038204254,-0.028807223113598894,0.02882982730069391,-0.006923339429347219,-0.053884203334554855,0.022677596319993033,0.5837564086897742,-0.04048745963295805,0.04106432273166057
75.64,straight,0.5875771614597483,6.432025401247769e-06,0.5923002806659535,-0.02059619504744109,0.02113707873237551,-0.006770558182361372,-0.053615905101277866,0.022659764149502833,0.5809108638136413,-0.040297917571654185,0.040851929216967876
75.66,straight,0.5845771656478718,6.423018666421946e-06,0.5892898601378391,-0.020107689694523898,0.020658824254896336,-0.006619950349155565,-0.05334385505733954,0.022642106921724078,0.5780624842025883,-0.04010424699521297,0.04063627595259984
75.68,straight,0.5815771698045467,6.414004377841111e-06,0.5862786905811554,-0.019613977888509656,0.020175828995195454,-0.006471483057637921,-0.05306813985189649,0.022624778736607377,0.5752117631414053,-0.039905305985783,0.040416132850140035
75.7,straight,0.5785771739154484,6.404991906472592e-06,0.5832679137518234,-0.01911757056933793,0.019690847657722325,-0.006325136931446066,-0.05278873117616835,0.022607732330561448,0.5723594974641285,-0.03970258505996587,0.04019282761131636
75.72,straight,0.5755771779806338,6.3959818322981814e-06,0.5789797105936437,-0.009143290010681277,0.00976186365117826,-0.006180886240416024,-0.052505617487459744,0.02259092331318818,0.5695040425916992,-0.03949671326601103,0.03996721923901355
75.74,straight,0.572577182002405,6.386973141499629e-06,0.5758217711577466,-0.00737292891138805,0.008061120375644444,-0.006057503146105515,-0.05207856470102732,0.02257296844645532,0.5666282724475656,-0.03914775831191342,0.03960349249617827
75.76,straight,0.5695771859815437,6.377965739780582e-06,0.5405252083381218,-0.09211001387859614,0.09658906279394747,-0.0059359833237934015,-0.05164642754556914,0.022555126905064674,0.5637500502391898,-0.03879310693008989,0.039234621689797564
75.78,straight,0.5665771899166714,6.368961158903471e-06,0.5339659808005678,-0.10280866953249855,0.10786298299447547,-0.006290938180789136,-0.052485261959255104,0.022569050388160355,0.563394916363981,-0.03962400933116385,0.03975793944052884
75.8,straight,0.5635771938093512,6.359958874265072e-06,0.5311316676928891,-0.10422969328856099,0.10916898351444052,-0.006640761309223408,-0.05333080818539023,0.022582789271346878,0.5570426609703802,-0.04059546822862772,0.04112430633568207
75.82,straight,0.5605771976662766,6.350954391483105e-06,0.5567849908684882,-0.007616295161312743,0.008513845558997,-0.00698352947555348,-0.05418306707440643,0.02259634811320867,0.5537003635095648,-0.041507846228413324,0.04207991701217716
75.84,straight,0.5575772014901474,6.341945545686894e-06,0.5569394138139309,0.0040516030842598265,0.004095230249976742,-0.006900414045219431,-0.0535969389339975,0.022605701297986065,0.5507834496921099,-0.040983338284099294,0.04154887421846574
75.86,straight,0.5545772052709594,6.332939588274319e-06,0.5539080715856615,0.005075734343276291,0.005113371733065619,-0.006818801660195209,-0.05300414767856918,0.022614900500532616,0.5478640918966035,-0.04045347236009377,0.041012945956918734
75.88,straight,0.5515772090067657,6.323938776229802e-06,0.550877572295206,0.006109644748761562,0.0061432903592262425,-0.006738673098469091,-0.052404784793365966,0.022624120845642765,0.544945520522319,-0.039916174781971195,0.040469558883966375
75.9,straight,0.5485772126891391,6.314948843827208e-06,0.5189423302937228,-0.09082021958805578,0.09553892207144044,-0.006660030359224663,-0.05179877433827162,0.02263328628672235,0.5420256151279429,-0.03937437872939187,0.03992195467637957
75.92,straight,0.5455772163297041,6.305963096739046e-06,0.5437801600505839,-0.010975643459421163,0.011128010801085097,-0.007008170531742937,-0.0526304001346374,0.022647009656054075,0.5386772980694816,-0.040266300021927715,0.040859413417507345
75.94,straight,0.5425772199364616,6.296977085370427e-06,0.5442094524377448,-6.249921514035174e-05,0.0016336816869604515,-0.006894713191581048,-0.05211641850209965,0.022660629191296883,0.5357925469702781,-0.03981283546867647,0.04039300800870349
75.96,straight,0.5395772235133904,6.287987618363993e-06,0.5411839420005546,0.0008811927440817962,0.0018294815194140575,-0.006783099983684379,-0.05159578372131344,0.022673873618517942,0.5329027175904109,-0.03935347630940899,0.03992167424887687
75.98,straight,0.5365772270574212,6.2789965020980235e-06,0.5381574311284093,0.0018336048854633946,0.002415815558033283,-0.006673284802604558,-0.05106859909323339,0.022686960193143483,0.5300122126724073,-0.038886779301555804,0.03944324273752818
76.0,straight,0.5335772305608799,6.27000932929315e-06,0.5351300443826621,0.0027934075827582817,0.0031905119680605215,-0.006565278209694041,-0.05053480191078881,0.022699805005604753,0.5271211640331952,-0.03841286080518192,0.03895780290971779
76.02,straight,0.530577234028101,6.261023273959944e-06,0.5267034356975461,0.013444827397232956,0.013985756314662121,-0.00645908182451388,-0.04999448544055759,0.022712580852149424,0.5242279682670807,-0.03793429659083816,0.0384681568023973
76.04,straight,0.5275772374612018,6.252036908583881e-06,0.5230718984838191,0.015716157112846803,0.016343169729159432,-0.006434135942241082,-0.049304469511041,0.022724114926235255,0.5212524068490124,-0.03730571918781862,0.037844242348708194
76.06,straight,0.5245772408601965,6.2430502212620146e-06,0.49516214515247664,-0.09080617303136176,0.09545754433290687,-0.0064099403520270146,-0.048606479254616725,0.022735457405421915,0.5182782555190798,-0.03666957854940985,0.03721280836399708
76.08,straight,0.5215772442292916,6.234060191487014e-06,0.48942720356890007,-0.10400424629238537,0.10886599624142797,-0.006752539391216854,-0.04949002710702611,0.02275388312952529,0.5149367023674141,-0.03761217889473326,0.0382000234223305
76.1,straight,0.5185772475652044,6.225068964570296e-06,0.48646385547015025,-0.10551188222929295,0.11029660429794415,-0.0070901394659552384,-0.05038077579164241,0.02277210981655265,0.5115991403682619,-0.038562333257417716,0.0391947403541288
76.12,straight,0.5155772508698533,6.216075319392927e-06,0.5114387177375594,-0.028819287965730012,0.029121077241538465,-0.007422785339349152,-0.05127873000749371,0.022790072201955478,0.508267084525609,-0.03951966877086541,0.04019619515394938
76.14,straight,0.5125772541507132,6.20707375756607e-06,0.5115355770161304,-0.019891667489911707,0.01992512241880158,-0.0073394422006056595,-0.051031229044626814,0.02280443506722587,0.5053500515857446,-0.039332964677672624,0.039997536061657735
76.16,straight,0.5095772573988313,6.198070386434427e-06,0.5085231921081628,-0.01945673370370262,0.01949145368821519,-0.007257364015732407,-0.050780252918735835,0.02281845591966982,0.502432625463498,-0.039143258476548516,0.03979605148016235
76.18,straight,0.5065772606061785,6.189071571151157e-06,0.5055117309888427,-0.01901727337473146,0.01905327994890395,-0.007176547675036806,-0.0505259145166589,0.022832342349461167,0.4995140483018946,-0.038949432116920965,0.03959077405452794
76.2,straight,0.5035772637747158,6.180077068750672e-06,0.47433072026273465,-0.09577791822955994,0.10014965699298284,-0.007096964061053645,-0.05026815001268367,0.02284597981975656,0.49659427559527203,-0.038752777698477826,0.03938297769037854
76.22,straight,0.500577266908536,6.171084683384235e-06,0.4875551305264611,-0.012671410339477657,0.018174077878109568,-0.007433063416808862,-0.0511469418495443,0.022866960973109602,0.4932584328439968,-0.0396897663918464,0.04036499453988345
76.24,straight,0.49757727000933016,6.162093524715849e-06,0.4866858340728029,-0.001690595854290959,0.011022811088508814,-0.007479874748671914,-0.05066445007583826,0.02288757688233763,0.4902125832297858,-0.039266674601247296,0.039957406239832766
76.26,straight,0.49457727308093524,6.153101142487736e-06,0.48366334393331156,-0.000795423130399374,0.010943325540909519,-0.0075263751750814884,-0.0501757055474025,0.022908108569118076,0.4871670592200836,-0.03883676941360826,0.0395434431853182
76.28,straight,0.491577276120978,6.144109229712135e-06,0.48064006558398426,0.00010661749516218429,0.010937672020672773,-0.007572575482860447,-0.04968059303527672,0.022928370365400706,0.4871206290635448,-0.03833163352622064,0.03859594404882157
76.3,straight,0.4885772791199656,6.1351251588560826e-06,0.4777545555856244,0.0010186570322119229,0.010869983685040453,-0.007618485486751906,-0.04917911272368385,0.0229483631134324,0.4810788717147054,-0.03795752792461412,0.03869710358375622
76.32,straight,0.4855772820877746,6.1261427531391566e-06,0.486867224318364,0.0006334497582532728,0.0014343939057392978,-0.007662120136149565,-0.048671218480954154,0.022968099675306546,0.47803656458386656,-0.03751189922858917,0.03826832434584026
76.34,straight,0.4825772850257124,6.117161193611122e-06,0.4851978149537565,0.0013774879016572024,0.0029576738852643307,-0.00752713641403074,-0.04817580864645284,0.022987081831807924,0.4751743201009791,-0.03707756687224426,0.03781538722753856
76.36,straight,0.4795772879339495,6.108180445579624e-06,0.45161630386418306,-0.09381434271525857,0.09789838423806067,-0.007394184217526933,-0.04767437166900785,0.02300606963334691,0.4723077185153791,-0.03663505351493529,0.03735533924244913
76.38,straight,0.47657729081292644,6.099200319863705e-06,0.4452560687685482,-0.10578251000269179,0.11032791481515804,-0.007713024389875752,-0.04858100525460467,0.02302520561874892,0.4689876362038967,-0.03760038646381235,0.03836470540862978
76.4,straight,0.473577293662629,6.090220904148747e-06,0.4422957988564409,-0.10732964564507508,0.11180112750415729,-0.008027072484010963,-0.04949509629939122,0.023044279562702347,0.4656736787216484,-0.038574910291694055,0.03938223875922235
76.42,straight,0.4705772964878179,6.081238950021074e-06,0.4640273563015147,8.929436236698809e-05,0.006550468751780901,-0.008336446367257453,-0.05041656548909592,0.023063006604419435,0.46236493010228535,-0.039556471508684105,0.04040592211000211
76.44,straight,0.46757729929376524,6.072250624950414e-06,0.46374801047149594,0.013098045592575748,0.013640499216330277,-0.00827788643835325,-0.04973951375634915,0.023076725887852742,0.4594238618852262,-0.03894239136528826,0.039792729984446634
76.46,straight,0.4645773020686903,6.06326370885153e-06,0.4607168294161649,0.014280436161132065,0.01478718941231183,-0.00822050878737657,-0.04905475572889576,0.023089895321652554,0.4564809833175246,-0.03832037456400355,0.03917226332345351
76.48,straight,0.4615773048088698,6.0542815049776925e-06,0.45768472947656996,0.015469891868363148,0.015946235155369963,-0.00816430653689924,-0.04836236169165248,0.023102715808295347,0.45353721200862546,-0.0376923204630273,0.03854621318126763
76.5,straight,0.45857730750613257,6.045309806020596e-06,0.454651345160168,0.016671039715763218,0.017121192099048374,-0.008109279282048859,-0.047662373905595384,0.023115300982612743,0.4505920369042666,-0.03705521864904297,0.03791176377870732
76.52,straight,0.4555773101748031,6.036340381592182e-06,0.43884803229774483,-0.005951936402424224,0.01775855223524281,-0.008055423675067515,-0.04695481594308901,0.023127781149208472,0.4476461336992164,-0.03641148502941359,0.03727116074133442
76.54,straight,0.4525773128179651,6.027371441215429e-06,0.43440921451713976,-0.007910072717504628,0.01981778081639467,-0.008190718953235707,-0.046587832105837224,0.023134526604879344,0.44451129501891196,-0.0361122917887636,0.037008021050754125
76.56,straight,0.4495773154353344,6.018403009414946e-06,0.4313914664207092,-0.007271550453334146,0.01958795836327939,-0.00832447249486536,-0.046216445134586684,0.023141330023928885,0.44137830015918467,-0.03580756448250319,0.03674012208194222
76.58,straight,0.44657731803070533,6.009432340660274e-06,0.4283755914368679,-0.006629212013068252,0.019373409989633314,-0.008456698541169039,-0.0458406487610092,0.023148222157748824,0.43824727766714194,-0.035498363195543746,0.03646848020082908
76.6,straight,0.4435773206026994,6.000459996421567e-06,0.42535969826069203,-0.0059825964927852585,0.019176680037453604,-0.008587399115662987,-0.04546036356307453,0.023154999895991204,0.4351170267869795,-0.03518495844230016,0.036193648060280345
76.62,straight,0.4405773231479344,5.9914884858632305e-06,0.45299057155453637,-0.024173591503397953,0.027179789728130777,-0.008716585628083166,-0.045075596903172796,0.023161683514752004,0.43198942237193705,-0.0348675169441544,0.03591536760413024
76.64,straight,0.43757732566663776,5.982517878103504e-06,0.4533906441017112,-0.026049656695521888,0.030478802055656663,-0.00839327301455004,-0.044964054010965024,0.02316922956850057,0.42931350927971307,-0.034822464171899124,0.035795409762977425
76.66,straight,0.4345773281591505,5.973548185040536e-06,0.4099700286106971,-0.09692087464598637,0.10000166544574778,-0.00807430487093935,-0.04485080844636062,0.023176695132603307,0.42663390266076695,-0.03477622938568256,0.0356777192317715
76.68,straight,0.4315773306289401,5.964576938531762e-06,0.40251405256838657,-0.10625264675274831,0.110161547798397,-0.008354358720804977,-0.04578416735716917,0.02319058060498396,0.42335485093654235,-0.03577246843856722,0.03671110787400627
76.7,straight,0.4285773330743581,5.95560532480445e-06,0.3995529660016601,-0.1078822780196605,0.11172414617570421,-0.008630202498522924,-0.04672557718710686,0.02320416619927154,0.4200796890729965,-0.03677725006356265,0.03775200885851707
76.72,straight,0.4255773354961292,5.946633054525412e-06,0.4178772304925089,-0.015370356916194794,0.01719657895935803,-0.008901887406320272,-0.04767522800479709,0.023217722642117963,0.4168083544030862,-0.03778991728429071,0.03879977266258946
76.74,straight,0.42257733789649876,5.937658600230872e-06,0.4172307821122378,-0.004429607824017636,0.006946921799083832,-0.008856260373564743,-0.04724581501736298,0.02322714379672264,0.4138552630316773,-0.03742545542317947,0.038434148591978134
76.76,straight,0.4195773402699672,5.928686069440733e-06,0.41421294770410677,-0.0037098530518977746,0.006525621926289409,-0.008811483766205885,-0.04681169476713386,0.023236477593976266,0.4109012232800166,-0.0370564293067596,0.038064332202364035
76.78,straight,0.416577342613877,5.919717903088179e-06,0.41119450231224225,-0.0029850173949362473,0.006157976496046671,-0.008767555054848752,-0.046372830491080395,0.023245660031889204,0.4109450623965598,-0.03661371104524373,0.03705023532550896
76.8,straight,0.41357734492451925,5.910757577142839e-06,0.4083081530397072,-0.002249308143277696,0.005731526446745423,-0.008724467316251134,-0.045929226490036806,0.02325472142401217,0.40498720301355967,-0.036302842836334163,0.03731107242620871
76.82,straight,0.4105773472111025,5.901799283439857e-06,0.416814005586691,-0.02035532548419912,0.021294963822073822,-0.008680221810154756,-0.045480819761772984,0.023263650782432276,0.40203378515702615,-0.03591901710835839,0.03692685000230178
76.84,straight,0.4075773494752042,5.892841913714647e-06,0.4150845389921546,-0.022136596307386985,0.0233804987151752,-0.008467545382285063,-0.04530156404763575,0.023264191266657734,0.39924956344962687,-0.03580947768220195,0.036770814321517194
76.86,straight,0.4045773517168101,5.8838854509064795e-06,0.412076693267502,-0.021871795271447215,0.023127320834591042,-0.008257825208284114,-0.04512011641075799,0.023264415642149698,0.3964577790185095,-0.035701438600690825,0.036618852247610266
76.88,straight,0.4015773539380234,5.874928376388126e-06,0.4090707373140343,-0.02159699608306813,0.02286558178479145,-0.008050959725963803,-0.04493663861696489,0.02326476698353249,0.3936658790660619,-0.03558634922985958,0.036460908589608605
76.9,straight,0.39857735613925627,5.865970163247686e-06,0.4060622752191804,-0.021327551843285206,0.022608377412724083,-0.007846931579158004,-0.04475102571989727,0.02326508898613212,0.3908702279462525,-0.03547218076675248,0.036305531606769935
76.92,straight,0.39557735831759544,5.857013034899955e-06,0.40043645936683464,-0.014730964828680406,0.015517241410804138,-0.007645724818743886,-0.044563334332875605,0.0232653480277863,0.38807147763641187,-0.03535458438711834,0.03614829264037011
76.94,straight,0.3925773604731262,5.848057150937482e-06,0.3971331457687728,-0.013608538335951255,0.014356416562663395,-0.0074858216484930875,-0.04428015946129799,0.023264697900877547,0.3852321258991296,-0.03514089366830776,0.03590607086361768
76.96,straight,0.3895773626060617,5.83910250632147e-06,0.3640242962450508,-0.09700743949159743,0.1003221581906381,-0.007328221614493812,-0.04399391837989554,0.023263731293075515,0.3823923576551658,-0.03492498887756407,0.035662123317571355
76.98,straight,0.3865773647158619,5.830149805781402e-06,0.35771482887240835,-0.10779024073483139,0.11159318470892549,-0.00761580385307777,-0.04493937826854423,0.023264968853349537,0.3791055593672189,-0.03593885844501709,0.03671305644245382
77.0,straight,0.3835773668032374,5.821198765336431e-06,0.3547562791658224,-0.10948312009576454,0.11321874119773884,-0.007899058135200991,-0.04589362282847532,0.023266137335691817,0.37582348432021134,-0.03696244903869053,0.037772684547304064
77.02,straight,0.3805773688735883,5.812245645802474e-06,0.3788760831036893,-0.0329152946924275,0.03296503686178614,-0.008178024281121877,-0.046856817741689566,0.023267490164397584,0.37254519279558945,-0.03799410737692734,0.03883953840958974
77.04,straight,0.37757737092860566,5.803288988110886e-06,0.37888324346342617,-0.024167448288962633,0.024208498403000888,-0.008054282749294789,-0.046675927570866145,0.023265913723524472,0.36966909368408857,-0.037883009906837135,0.03870533573506743
77.06,straight,0.37457737296035987,5.794334309412601e-06,0.3758767182822182,-0.023920475277656117,0.02396152490577134,-0.007932263292817543,-0.04649333403197513,0.02326454745674742,0.3667923552638259,-0.037770904019238244,0.03857052552183178
77.08,straight,0.3715773749660656,5.785384075948167e-06,0.3728701936728749,-0.02366993083831205,0.023710987302339868,-0.007811964551018067,-0.0463089632691512,0.023263201310322577,0.3639137385622671,-0.037655956301069764,0.038433554476372166
77.1,straight,0.36857737694622017,5.776438751114878e-06,0.36986374299834907,-0.023418582540639412,0.023459653262898478,-0.00769336085207922,-0.04612273377369975,0.02326168464780785,0.3610330010551124,-0.03753928192827538,0.03829554824479935
77.12,straight,0.3655773789053711,5.7674955145026716e-06,0.362731400482619,-0.023363303650496013,0.02354173059505337,-0.007576421197316821,-0.04593473341853458,0.023260192878170743,0.3581505245148092,-0.03742156340478442,0.03815708668726006
77.14,straight,0.3625773808446837,5.758553577545909e-06,0.3592659841807842,-0.0231285720572814,0.02337012196541152,-0.007522032809014832,-0.04573932577010454,0.023235388257949057,0.35520559549490494,-0.0373053802521899,0.03803241115452002
77.16,straight,0.3595773827643427,5.749612939857794e-06,0.35625902674745963,-0.022869832547652603,0.023115011266291872,-0.007468462040994511,-0.04554222806969306,0.023210844747450048,0.3522599658091946,-0.037187082071889255,0.03790582171159883
77.18,straight,0.3565773846643907,5.740673644923476e-06,0.35325311472774323,-0.022609549446570683,0.02285830522661774,-0.007415700423262728,-0.04534340839957157,0.023186488784061675,0.34931466267983485,-0.03706689755483486,0.037777342890212534
77.2,straight,0.3535773865449272,5.731735719431218e-06,0.3502471285969607,-0.022347701933431306,0.022600146344683606,-0.0073637373690739905,-0.04514291940181162,0.02316245576754568,0.34636754497945943,-0.03694498331516746,0.03764753854066672
77.22,straight,0.35057738840627906,5.722799061241624e-06,0.35718574196339825,-0.015981519586695643,0.017299198126989337,-0.007312548023972952,-0.044940776782521015,0.023138790438167633,0.34341965098538507,-0.036821142402766585,0.03751601265566563
77.24,straight,0.34757739024858836,5.713863662777171e-06,0.3552814779493264,-0.014905256783737584,0.016783623355768516,-0.007115780634111229,-0.04464686837474356,0.023114626819641246,0.34061734809029115,-0.036605057718569735,0.0372664833689963
77.26,straight,0.3445773920719972,5.704929535613936e-06,0.3195433368478927,-0.09772529893498563,0.10088633721832992,-0.00692175440540038,-0.04435053407542012,0.023090780969738777,0.33781283267181655,-0.036386751073555185,0.03701580902554302
77.28,straight,0.3415773938760225,5.695997194522776e-06,0.3129397846405608,-0.10845524360301527,0.11217793045730232,-0.0072119164837501715,-0.04528456564407831,0.023090070259178086,0.3375226762533243,-0.037321027648727065,0.0375463051862473
77.3,straight,0.3385773956610336,5.6870665099174185e-06,0.3101160583153758,-0.1101559035134432,0.11377883705948375,-0.007497746322726115,-0.04622771981904358,0.023089368538196504,0.33124145463853216,-0.03840268078648718,0.03910266936945304
77.32,straight,0.33557739743230286,5.67813383089346e-06,0.32833904177946005,-0.031754285010257524,0.03257436187357929,-0.007777305719369701,-0.047180007857648684,0.023088676725465652,0.3279615354815925,-0.03942229994121644,0.040156777863004534
77.34,straight,0.33257739919093865,5.669197951706494e-06,0.3276917845755234,-0.02277123020508032,0.023294986082550036,-0.007741130881851596,-0.046961383038988516,0.02308467135408616,0.3249983024892831,-0.03927562371346764,0.04000578307702238
77.36,straight,0.32957740092994925,5.660263788808901e-06,0.3246852468749352,-0.022486721758993546,0.023018262757140754,-0.007705492538050479,-0.046740981941944114,0.023080649626157544,0.32203402115581425,-0.039128943379679766,0.039854984390264324
77.38,straight,0.32657740264579616,5.6513343175199125e-06,0.32168101422321405,-0.02219665380459048,0.022735808168305272,-0.00767041770255847,-0.046518725916509046,0.023076524411289507,0.31907323353646755,-0.03897877507127032,0.03970010146327206
77.4,straight,0.32357740433832305,5.6424104503344696e-06,0.3186762085695867,-0.021903486023049465,0.022450648736263016,-0.007635917764870395,-0.046294731318752176,0.023072726402827527,0.31610828164810234,-0.03882454997365015,0.03954202365013487
77.42,straight,0.320577406013399,5.6334884246429995e-06,0.32228382100959074,-0.003662095583178299,0.00404525508242798,-0.007601941156992049,-0.04606888881639776,0.023068872376872704,0.3131434622691546,-0.0386689800626661,0.03938260089073349
77.44,straight,0.3175774076717772,5.624567714941524e-06,0.3200049037049418,-0.0009755713451822647,0.002618297616871664,-0.007471140926530092,-0.04557896636100151,0.023070837121708293,0.3102751947328486,-0.03824805072192779,0.03894439609200378
77.46,straight,0.3145774093134719,5.615648301075526e-06,0.31698983339918574,-0.00023330776766784304,0.0024242265504755443,-0.007342278737124085,-0.04508484915645182,0.02307278669218791,0.30740542216489863,-0.03782279506094413,0.03850228637946891
77.48,straight,0.3115774109367919,5.60673157708595e-06,0.3139727499912544,0.0005150564626827006,0.0024489157221833546,-0.007215342549145388,-0.04458651731081754,0.023074728978555694,0.3045316472680184,-0.037392495662318045,0.03805602249763464
77.5,straight,0.3085774125424905,5.5978172332079205e-06,0.31095425084631684,0.0012672205634861465,0.0026909203400321802,-0.007090304790520363,-0.044083940904631136,0.023076609881567713,0.3016577296334999,-0.036958624764556754,0.03760632609863781
77.52,straight,0.30557741413232975,5.5889040126974365e-06,0.31150032471348543,-0.004974829346105276,0.007738568065118644,-0.006967187487208936,-0.04357710833996964,0.023078396808551116,0.2987820666918482,-0.03652032075598005,0.03715264221191826
77.54,straight,0.30257741570649443,5.579991772325978e-06,0.30888075189809494,-0.00514748360985356,0.008141628315438031,-0.006793499639795709,-0.04316922761429222,0.02308078221023657,0.29595553263014884,-0.03618010129968806,0.036786585408324295
77.56,straight,0.29957741726501297,5.571080488515673e-06,0.2742481150959753,-0.09847765340485878,0.10168834276062191,-0.006622310986912113,-0.042758027739987464,0.02308306871017489,0.29312764517239204,-0.035836883189964024,0.03641814229441465
77.58,straight,0.29657741880880906,5.5621694702768615e-06,0.26777057299287277,-0.11045879123699946,0.114158695417268,-0.006918891863534936,-0.04372619097872427,0.0230869128873803,0.28983275165775635,-0.03687288939665283,0.037490141702764705
77.6,straight,0.29357742033730005,5.553259138738571e-06,0.26481309487701704,-0.11225289562333039,0.11588505410398281,-0.007211023767723473,-0.044704211361025786,0.023090681194820432,0.286541694170907,-0.03791817909074288,0.038570855811531135
77.62,straight,0.290577674130688,5.544347402946348e-06,0.2947446881172274,-0.04190132275759633,0.042113531271078246,-0.007498736159308458,-0.045692092612896536,0.023094233973368572,0.2832560970559301,-0.03897359482093113,0.03966079652712457
77.64,straight,0.2876303895780836,5.535587138994462e-06,0.29545923852368744,-0.03407768032689994,0.03497079471296125,-0.007298109949528513,-0.045627294289120976,0.023095311582765104,0.2805120072137902,-0.03897569599286699,0.039625847410223784
77.66,straight,0.28481846434934255,5.527230119743804e-06,0.2926648447012272,-0.034089316937563605,0.03498605555710808,-0.0071001305051599595,-0.04556254452102169,0.023095983406298513,0.27788279481895034,-0.0389751281372441,0.03959286557833371
77.68,straight,0.2820944275368191,5.519136789543198e-06,0.2899926314608235,-0.03409851813844318,0.03500667055998929,-0.0069042914056398645,-0.045497984337199024,0.02309676124805051,0.275333772268283,-0.038972805693087025,0.039560286477771586
77.7,straight,0.2793294385187721,5.510925448418066e-06,0.25469219939752913,-0.10198859254579315,0.10492754973990213,-0.0067100310285280965,-0.04543355329607281,0.02309746609325724,0.27277397182920704,-0.038971860850271184,0.03952479796356536
77.72,straight,0.2765209766306924,5.50258708169691e-06,0.2899589787367528,-0.014795253103544454,0.019991054739960216,-0.0069974810782823145,-0.04636575791341314,0.023089358091448818,0.26968417639511294,-0.03997108158865096,0.04055698607910428
77.74,straight,0.273677132605016,5.494145357870771e-06,0.29171774037359594,-0.0036052400848866632,0.018398394776208204,-0.006667648749055484,-0.04589053440675325,0.023081148772328926,0.267174777995941,-0.03956406588511009,0.04010025805985501
77.76,straight,0.2708353418152427,5.48571022339514e-06,0.28885332489811777,-0.0028625960191840456,0.018244824120317863,-0.006342679905297792,-0.04541105141784893,0.023073289660926543,0.26467185034238716,-0.039152938487533526,0.03964051983497994
77.78,straight,0.26811303502776695,5.477630760851755e-06,0.2861195604015018,-0.0021108093623606514,0.01813046129231722,-0.0060224960637003154,-0.044927226212945065,0.023065557334230536,0.2649920825656565,-0.03867120885570397,0.03880240226897098
77.8,straight,0.26539179467447127,5.469560724711511e-06,0.28358504542202423,-0.0013486629705514307,0.01824357551785276,-0.005706285865044497,-0.04443901245710067,0.023057927272478608,0.2598632992179072,-0.038311929794701854,0.038714175121994966
77.82,straight,0.2626185774743135,5.46133867414556e-06,0.2701834907093186,-0.010636140732200905,0.013056477583483501,-0.005391904807183138,-0.04394635030134724,0.02305040367005545,0.25739831537812824,-0.03788554121734916,0.03824891124010503
77.84,straight,0.2598029236064008,5.452992171203568e-06,0.2661914165692574,-0.01120401326808463,0.012902130683584093,-0.005238259184009335,-0.04359765723500494,0.023044786810965622,0.25473533569213314,-0.03760084499335139,0.037946200013239166
77.86,straight,0.2569527328640646,5.444544631630045e-06,0.22948507101591525,-0.1013401418535446,0.10500190631504974,-0.005086548059377656,-0.04324582163086101,0.02303925782762987,0.2520383430709212,-0.037314985970444865,0.037642605659938114
77.88,straight,0.254074410029844,5.436013973140765e-06,0.22287642697286073,-0.11295792472209713,0.1171922993016664,-0.0054349356413262925,-0.04423293473546565,0.023064415499559045,0.24881327120680471,-0.03836262006761151,0.03872708753824532
77.9,straight,0.2511732103255184,5.427416378233221e-06,0.2200019602131702,-0.11474213319441375,0.1189060532508499,-0.0057782702610483395,-0.04522946524263908,0.023089096511674855,0.24556883483460973,-0.039420249537846876,0.03982201687436254
77.92,straight,0.24826916659225162,5.418811320475937e-06,0.26057328391035817,-0.025111361831210762,0.027968624793199278,-0.006116718508123528,-0.04623547515329352,0.023113427273950323,0.2423221639665303,-0.040489197626718335,0.040928972631794944
77.94,straight,0.24544957334400408,5.410457065357001e-06,0.2625632468534603,-0.014701654360707462,0.02256491915656765,-0.005810875620340956,-0.04590485021112291,0.02313483511347616,0.23980126352355208,-0.040218843595945304,0.04061888745336286
77.96,straight,0.2427352874664166,5.402415776463855e-06,0.2598496094597957,-0.014218100226544473,0.022253270427269108,-0.00550929519788028,-0.04557127593893616,0.023155693963768056,0.2373842926490022,-0.03994301789607206,0.04030520352197849
77.98,straight,0.2400887326393928,5.394576547315518e-06,0.2572396900482612,-0.01372778894899172,0.02197170156785666,-0.005211617373899924,-0.045234797607659034,0.023176171216086148,0.23504057876071616,-0.03966177061827393,0.039987096070808095
78.0,straight,0.2372888803077018,5.386288631063018e-06,0.21175184794558655,-0.10446438416927153,0.1075456784877504,-0.004917433628492484,-0.044895377776029255,0.023196177976031726,0.23254457044815988,-0.039381612017851786,0.039671704168566156
78.02,straight,0.2342837987567492,5.377395570896426e-06,0.2357000768790419,-0.02248703278759996,0.02253695541921519,-0.005255465633037302,-0.045899280450992626,0.02323146150355799,0.22921873625911288,-0.04044735164657945,0.04076859263038885
78.04,straight,0.2311132336517261,5.368014087819364e-06,0.23599353214828625,-0.01172890931108136,0.01270868119670593,-0.00512280040540827,-0.04553390056088676,0.023265979091145996,0.22619584125219017,-0.0401466517019683,0.0404520139831081
78.06,straight,0.2278341250609799,5.3583122068070196e-06,0.2326225630818539,-0.011143214170484254,0.01213341695820135,-0.004992943084624558,-0.045164502907668394,0.02330002941106811,0.22305101815845588,-0.039846424668980245,0.04013779663136235
78.08,straight,0.22464811605756552,5.348883479076626e-06,0.22935807304652445,-0.01054803021713486,0.011556708237171955,-0.004866111801789655,-0.044791103107359856,0.023333614926381797,0.2199891168661019,-0.03953966702799623,0.03981852027517966
78.1,straight,0.22142789012525554,5.339357553343987e-06,0.22614988087293575,-0.009947875364926771,0.011016518503273726,-0.004741937194390158,-0.04441360775226342,0.023366492068541148,0.21689260905246274,-0.039230552987622784,0.03949713942213389
78.12,straight,0.21808357500432862,5.329467267958912e-06,0.21800427314265206,-0.014669254489026314,0.014674798229467914,-0.0046191212026172376,-0.04403201960453844,0.023398810720144613,0.21368575738546883,-0.03891943317409108,0.0391724130798052
78.14,straight,0.21463937144675072,5.319282826873984e-06,0.21397391741487934,-0.014774500087195514,0.014794792654140944,-0.004568836592851219,-0.043724955594635205,0.023431805886907436,0.2103023276755498,-0.03868488034989532,0.0389325249154638
78.16,straight,0.21111555779970104,5.308864244652828e-06,0.1837146886010658,-0.1036221936254315,0.10718893088882152,-0.004520125647350925,-0.04341449250166707,0.02346424527881787,0.2068334945342501,-0.038449317387616,0.038692303446287796
78.18,straight,0.20752860547494834,5.298259485426454e-06,0.17716113239142656,-0.11510150975407465,0.11904520432402557,-0.004865590452728622,-0.044411925170842054,0.023480929387011316,0.20290627858792312,-0.03952695537410925,0.03980157010975039
78.2,straight,0.20389193971929842,5.2875087443806e-06,0.17353329964078054,-0.11689489407530156,0.12077789318331358,-0.005206501181826914,-0.045418522613207814,0.023497213966146284,0.19893291819731307,-0.04061558035800893,0.04092244861568948
78.22,straight,0.200248522131119,5.276738917377973e-06,0.1981125695819371,-0.026038568160968934,0.026131286812204464,-0.005542829113153949,-0.0464343675899592,0.023513280610011414,0.19496886462296986,-0.0417134649666333,0.04205149453821836
78.24,straight,0.19684549696147258,5.266677037137378e-06,0.1978146542669358,-0.015459280856866523,0.015494886134176608,-0.005459625562849781,-0.04609499669574613,0.02352491103529217,0.19161628754457,-0.04145155955580278,0.04178532125550438
78.26,straight,0.19374959209469012,5.257522956847376e-06,0.1948405313052415,-0.014930545869206153,0.014975592520179838,-0.0053774682249545045,-0.045752254180842084,0.023536646595048002,0.18857056705242892,-0.04117931805606127,0.04150893356871776
78.28,straight,0.19089151802663196,5.249072827019358e-06,0.16321955359411314,-0.10530803420451365,0.10888813181521662,-0.0052941431473243344,-0.04540607840499124,0.0235484348471754,0.18865383820965928,-0.04083085597218875,0.0408973677173831
78.3,straight,0.18801929150535557,5.240585214540727e-06,0.15746873936870606,-0.11691919650126607,0.12084974234082796,-0.00563494629585879,-0.046396075204911645,0.023568897938334672,0.18262077365363677,-0.04194910899129396,0.04230025346712719
78.32,straight,0.18498716044689445,5.2316281077775504e-06,0.18293683725052112,-0.026622985979731867,0.02670703649190692,-0.005967627394489961,-0.047395053150102444,0.023589094228324066,0.1792509124924983,-0.04301743768234442,0.04340339405151214
78.34,straight,0.18186210488939025,5.222397297031902e-06,0.18300904013612113,-0.016071959769638634,0.016118041037577358,-0.005876815161928504,-0.04704809413925666,0.0236075970262021,0.17620223144557007,-0.04274241234277095,0.04312069622896096
78.36,straight,0.17888942278275977,5.213613435411372e-06,0.1800071606584011,-0.015509346431086785,0.015554771336594048,-0.005786510132414163,-0.046697310078891933,0.0236257297768922,0.17327838476872018,-0.04245854244325194,0.042832865022513364
78.38,straight,0.1761517538101458,5.205529805716005e-06,0.1772879384756068,-0.014937736730149063,0.014986074835605592,-0.005697300650890836,-0.046342726650956394,0.023643591183994395,0.17062640372766544,-0.04216523136926945,0.0425308739834117
78.4,straight,0.17352614673222888,5.197780230201845e-06,0.17471093423144093,-0.01435809500652797,0.01441207483662323,-0.005608963992435933,-0.04598432459910297,0.023660999145337824,0.16809771643061197,-0.041865826901711305,0.04222144672385431
78.42,straight,0.17089747234309982,5.1900227110142295e-06,0.17477966561216532,-0.00467262490754249,0.006078928943496548,-0.005521245016410585,-0.045622120595536365,0.02367819295269431,0.16555289635631046,-0.041563221234164886,0.041910587050282805
78.44,straight,0.16826589364970346,5.182257137202983e-06,0.17245123780113297,-0.0028686723489988546,0.005077021367210767,-0.005395006404443834,-0.045121831189126944,0.023693252290034335,0.16304651210178944,-0.04112150811381293,0.04145656286537401
78.46,straight,0.16563935303567234,5.174506941535199e-06,0.1698170387900762,-0.0020501174455788036,0.004655886948009349,-0.005270374764264087,-0.04461652612071272,0.023708169931650026,0.1605442076676366,-0.04067592411043077,0.040998930364556915
78.48,straight,0.16302300760192168,5.1667889839222814e-06,0.16718665075374672,-0.001223306052919744,0.004341090855883401,-0.005147509684162959,-0.044106210139400415,0.02372293133642454,0.1580498609611289,-0.04022419482166739,0.04053558588587778
78.5,straight,0.16042105415525043,5.159114633246651e-06,0.16456940463887412,-0.0003918621768940161,0.0041673058012230025,-0.0050264546577786125,-0.04359085249323926,0.023737536738504393,0.1555674557957928,-0.039768342411242726,0.04006855176648874
78.52,straight,0.1578338803549002,5.151484188909104e-06,0.16355455553295778,-0.003142462280560197,0.006529440780410075,-0.004907187137410457,-0.04307045447109397,0.023752012803257685,0.15309984185731884,-0.03930734340272196,0.03959650710264701
78.54,straight,0.15526582285087898,5.1439104625706775e-06,0.16115057106396705,-0.0027760468854888657,0.006508861941609164,-0.0047663454438731006,-0.04259781387783798,0.02376639506533409,0.15067193611885427,-0.03889297155622148,0.03916844625672759
78.56,straight,0.15272203638825488,5.136408686774946e-06,0.15859741521209622,-0.002014624924388054,0.006212850566867635,-0.004627518968193721,-0.04212056493059288,0.023780549666959548,0.14826529863696075,-0.03847395180759689,0.03873632328113177
78.58,straight,0.15020287002047894,5.128979272254385e-06,0.1560704649612384,-0.0012469354835112363,0.0059996946428790155,-0.0044906294896432,-0.041638711275472896,0.023794526701114288,0.1458812087150769,-0.03805008523980423,0.038299818350723415
78.6,straight,0.14770721166375722,5.121619128029529e-06,0.12096188706895347,-0.10545835441139162,0.10880191709763852,-0.004355631469445187,-0.04115224314204143,0.023808388044858415,0.14351893421101858,-0.037620007130088486,0.03785752212462192
78.62,straight,0.14523886444607115,5.114339881835841e-06,0.1482209659023559,-0.021093388201321343,0.021308208244165735,-0.004702352346554077,-0.04220559908595746,0.023818213769029477,0.14070233839203353,-0.038730867130197036,0.039000722161124865
78.64,straight,0.1428001146094573,5.107148254209393e-06,0.14948458848154147,-0.00985578568024278,0.011912992836465545,-0.004553652666321042,-0.04183209816314606,0.02382779774348793,0.13841031960768083,-0.03841367710749778,0.038668763671051584
78.66,straight,0.14041137152035787,5.100101642248257e-06,0.14709932318734517,-0.00921136789529372,0.011387360529925407,-0.0044069459055618545,-0.04145425156578423,0.023837062912187398,0.13617061353852603,-0.0380918082614383,0.03833221171658932
78.68,straight,0.13821623198080601,5.093622643909345e-06,0.14490581398956406,-0.008556609926566271,0.010865232400480792,-0.004262163260125269,-0.041072113618249174,0.02384638862619264,0.1341017091311294,-0.037761460077360955,0.03799002338319709
78.7,straight,0.1361714292424807,5.087590845106647e-06,0.14294400869203538,-0.007891033769467728,0.010402719112680052,-0.004119003893077654,-0.04068565117891662,0.023855722677044926,0.13217361724347196,-0.03742314908190922,0.03764113974378473
78.72,straight,0.13411201139223294,5.081516951482607e-06,0.13639372892375662,-0.00691845590884538,0.007289828899231609,-0.003976164126626101,-0.0402947876055342,0.02386477975040501,0.13026643813265268,-0.03708029772039112,0.03728422973419621
78.74,straight,0.13203812063402154,5.075400837786773e-06,0.13380125463496026,-0.006203039274266328,0.006453629159202537,-0.0039016198089507764,-0.03989512387631552,0.023873906917989487,0.12827182412971574,-0.03672859861072745,0.03692624805942636
78.76,straight,0.1299586529322596,5.069268732703172e-06,0.13170257853403575,-0.005516462075873819,0.005790387283593609,-0.0038283867292982013,-0.03949104253459449,0.02388295927100066,0.1262679649869564,-0.03637299323164476,0.036564800133338286
78.78,straight,0.12788301206764174,5.063148325098814e-06,0.13157166688383068,-0.004776419944270102,0.00603893657176225,-0.0037564056351564352,-0.03908255870246907,0.023892056633187345,0.1263399177096908,-0.03596332586601766,0.03600147425432232
78.8,straight,0.12582681806243556,5.057085698702197e-06,0.1002588364843079,-0.10673501447694979,0.10975957616162152,-0.0036567623367659225,-0.038668918565149146,0.02390103917546423,0.12230445695468448,-0.03565020538156472,0.035828825955965135
78.82,straight,0.1237942664660352,5.05109319282833e-06,0.12322272435827364,-0.030312266624244338,0.03032270459508805,-0.003992070409775177,-0.03976246186547966,0.023916514843289837,0.11993569461951341,-0.03678634848699173,0.036993183963584086
78.84,straight,0.12178492137553576,5.04516953117985e-06,0.12435083826335325,-0.02019886245569824,0.020366192889295497,-0.00390688134505664,-0.039549426243697956,0.023932051115079553,0.11801115280683543,-0.036621079355931875,0.036820026167356766
78.86,straight,0.11980452117248319,5.0393287173094695e-06,0.12236920052683478,-0.01978525658279431,0.01995578593931672,-0.0038228721467800635,-0.039333194665157646,0.023947479561642126,0.11611374025981239,-0.03645023862804699,0.03664163144089357
78.88,straight,0.11796521911256264,5.033901441161333e-06,0.12051477339468203,-0.01936469350513748,0.019536800322535856,-0.0037399740429042796,-0.039113700623253936,0.02396286753980179,0.11433048836849773,-0.03627167446611077,0.03645834386757389
78.9,straight,0.11630370197215711,5.029001494976334e-06,0.11889223824234613,-0.018939710676930035,0.019120765714410473,-0.0036580028961102347,-0.03889094685441953,0.023978055196661567,0.11274800850585298,-0.03608776405482559,0.03626751530823003
78.92,straight,0.11477550363048294,5.024495597094844e-06,0.12286107964898794,-0.0020952362300796835,0.008353899368967974,-0.0035765208825496906,-0.038664950088267945,0.02399305377271849,0.11129802773480271,-0.03589805718362021,0.03607109802417424
78.94,straight,0.11334079357413884,5.020265435959346e-06,0.12206072967292492,0.0005347891385546426,0.008736014001009724,-0.003415245198590984,-0.03819397045722597,0.024006216768374607,0.11001839349147735,-0.03545913713194414,0.03561944415927091
78.96,straight,0.11198086532328944,5.016255784098273e-06,0.12073792766904397,0.0013875639593949648,0.00886552756919697,-0.003255666072762179,-0.037717547334155,0.024019258590119382,0.108811898863314,-0.03501313980861704,0.0351612514364208
78.98,straight,0.11064265835197773,5.012311841937481e-06,0.11944454576214475,0.0022457403707732645,0.009082625403226692,-0.0030976133975157347,-0.03723570002126641,0.024032180843123214,0.10764083166655201,-0.03456210211921066,0.03469720973707855
79.0,straight,0.1092094823423082,5.008090230984973e-06,0.1180214494862378,0.0031070491066891547,0.009342024588571984,-0.0029411945991273305,-0.03674840714594287,0.02404484943984773,0.10637050995141624,-0.03410878963525896,0.034231724459803214
79.02,straight,0.10768960742744582,5.003613869461274e-06,0.11704762804611513,-0.03288903205311097,0.034199270933164945,-0.0027868462610446134,-0.03625565488908172,0.024057252526701954,0.10501164085181054,-0.0336509751144547,0.033762351949199694
79.04,straight,0.10610283218613858,4.998940779717805e-06,0.11550989569522792,-0.03694276753799546,0.03812650379505237,-0.0026265889019920934,-0.03630058443860261,0.024075536875393707,0.10358925580303859,-0.03373168489711505,0.0338301921752116
79.06,straight,0.10446574367267658,4.994119884299341e-06,0.08123502207951414,-0.11044926129038832,0.11287076221934873,-0.00246867777207759,-0.0363449953835772,0.02409312601915378,0.10211380415489815,-0.033813066872764835,0.033899747326459895
79.08,straight,0.10279226152623266,4.989190384568603e-06,0.07596157806853349,-0.12033176864722943,0.12329160904812543,-0.0027932251449257987,-0.03746909053099785,0.024102182188934836,0.10011774893134556,-0.03497697222518975,0.03508405110731855
79.1,straight,0.1011609859941558,4.984379796886823e-06,0.07436039781509658,-0.12224954910501605,0.12515767049738813,-0.0031131112405616483,-0.03860297330529162,0.024110957216666326,0.09816657186497255,-0.03615018269653865,0.036278955639527294
79.12,straight,0.09963943166717115,4.979890602465795e-06,0.1078130317824288,-0.006728393244331294,0.010589903333760305,-0.003428358249901059,-0.03974671693957785,0.024119688520702235,0.09631729037560495,-0.037330038310566215,0.03748253202283333
79.14,straight,0.09820922967863055,4.975670088848462e-06,0.11028435947712655,0.007037362009400082,0.013973661555793356,-0.0032245985170807575,-0.039171756348605744,0.024126626903465145,0.09508162094506827,-0.03678882578343822,0.03692649132793185
79.16,straight,0.09685328237307544,4.971668684150708e-06,0.10894942964164948,0.008054479173485953,0.014529671359424883,-0.0030231890587308747,-0.038590588885172826,0.024133614309639596,0.0939211698500455,-0.036240149136908754,0.03636352658997381
79.18,straight,0.09555671784225694,4.967845111283789e-06,0.10766931718933613,0.00908091265267276,0.015135647891410703,-0.0028240900562497904,-0.03800319072278383,0.0241405255098579,0.09281825008136119,-0.03568369812718413,0.035793576023632256
79.2,straight,0.09425208516508121,4.964004848828877e-06,0.10638077301926031,0.010114506534848931,0.015789487617715547,-0.002627345706689459,-0.0374095461338605,0.024147412963456905,0.09171303914722076,-0.03512093339851068,0.03521754425101431
79.22,straight,0.09287978664671925,4.959968010213743e-06,0.10452405930514894,-0.013187306093095432,0.017596163490114912,-0.0024330417668460224,-0.036809634870425975,0.024154169198627957,0.09054612141724405,-0.03455325702484172,0.034636921848344174
79.24,straight,0.09144807268951638,4.95575667855836e-06,0.10300792530207092,-0.015393374540724657,0.019254577854939066,-0.0022486161703255563,-0.03656190513464884,0.024163409825755915,0.08930591680911659,-0.03433837807074426,0.034410077160589685
79.26,straight,0.08997189540939132,4.951414867288179e-06,0.10149895981935969,-0.01495389889439896,0.01888492564154263,-0.002067168590879607,-0.03631117485337581,0.024172365251641306,0.08801551787955005,-0.034121557008883155,0.03418253925962168
79.28,straight,0.08846604424780935,4.946982589664859e-06,0.09997238204600131,-0.014512021655402597,0.018523989526086217,-0.0018886122293161104,-0.036057448095682426,0.024180973518701653,0.08819405538896072,-0.033867054795448256,0.033873093782392276
79.3,straight,0.08701105198690584,4.942695916580351e-06,0.09854389022791427,-0.014063536585740213,0.01819143939306818,-0.0017128002956409245,-0.0358007465081926,0.024189467781996554,0.08538738144501358,-0.03367823257175329,0.033722286431100375
79.32,straight,0.08562624413832509,4.9386159103602515e-06,0.10018784294743693,-0.023855874362842637,0.027953149301725468,-0.0015384386188010799,-0.035541042481770625,0.024197844974781398,0.08418250019425728,-0.03345402097167357,0.03349009365856726
79.34,straight,0.08429682893486756,4.934699191324534e-06,0.06479108148395439,-0.10914757783327238,0.11088167195604715,-0.001321989639860223,-0.03542921511452275,0.02420800699790512,0.08307176790334607,-0.033372698518735144,0.033400107391464796
79.36,straight,0.08301145145892974,4.930912326231617e-06,0.05973975918373594,-0.12025717165576692,0.12249304051843056,-0.0016147485562051553,-0.03655661234464814,0.024206851608177742,0.08149134650694381,-0.03453325137997617,0.034571617768356794
79.38,straight,0.08176112232318644,4.92722734249068e-06,0.05856166656860351,-0.12221221189176572,0.12439953312520229,-0.0019027597319859462,-0.0376944713594305,0.02420591088974998,0.07994956318096581,-0.03569940602353102,0.03575026096988937
79.4,straight,0.08053926458987348,4.923623757970733e-06,0.05741412037830476,-0.12418823806145578,0.12632780257795784,-0.002185939342898684,-0.03884278710472946,0.02420485857668121,0.07844377243460629,-0.036878600334302424,0.03694300240827215
79.42,straight,0.0793406485055499,4.920088099298227e-06,0.09651202614516524,-0.024747679830828474,0.03012552759353411,-0.002464376631590631,-0.04000168087629755,0.024203775317685992,0.07696366408394048,-0.03806687479332887,0.03814592534510224
79.44,straight,0.07816107880886136,4.916608882155934e-06,0.0998162271861956,-0.013210145414182231,0.025368943918062496,-0.002146169225328908,-0.03967846366472846,0.024202068995893777,0.07610345136459862,-0.03777284894761922,0.037833760071414584
79.46,straight,0.07699719563730412,4.913176214022497e-06,0.09865730263220585,-0.012688627306139908,0.025105501488871893,-0.0018320923555802673,-0.0393522680294222,0.024200258723771493,0.07525157495122003,-0.03747628326513994,0.03752182402622572
79.48,straight,0.07584628469143695,4.909783539144284e-06,0.09751034371747605,-0.01216218032413025,0.024846922046238496,-0.0015220810643225531,-0.03902309748480166,0.02419854700702834,0.07441020172120431,-0.03717602734143884,0.037208660548170215
79.5,straight,0.07470475149307276,4.90642165241652e-06,0.09637067965186843,-0.011631088015962144,0.024592860946508283,-0.0012161217411246483,-0.038690900797092816,0.02419648507589507,0.07357489774105144,-0.03687137524090535,0.0368935864176587
79.52,straight,0.07356167319284168,4.9030569166270065e-06,0.07841045247382712,-0.021993029858385256,0.02252597862606275,-0.0009141970164400891,-0.03835571413540817,0.024194569552969537,0.07273583741907505,-0.03656394874480853,0.03657817555348777
79.54,straight,0.07241509201097074,4.899682170207878e-06,0.07540057683931767,-0.022902809901205617,0.023101434544559745,-0.0008637896250921265,-0.03817802524037618,0.024194700224418858,0.07164070385323815,-0.036414593678082946,0.03642772534260628
79.56,straight,0.07126562669346015,4.896299233975081e-06,0.07425480519678092,-0.02262562402358922,0.02282708124588925,-0.000813983462940452,-0.03799868890882608,0.024195071283700218,0.07054322758312835,-0.0362633755813808,0.03627546561631981
79.58,straight,0.07016799736837243,4.893067375740195e-06,0.07316103722862531,-0.022345588577620243,0.022549995950517706,-0.0007648219748239126,-0.03781768538675154,0.024195506107770277,0.06949685649358849,-0.036109128928353676,0.0361202576787851
79.6,straight,0.06911991395456596,4.889982126684943e-06,0.0721364518118287,-0.022062084172439177,0.022272199015422278,-0.0007162871681567592,-0.03763501974444587,0.024196030436490483,0.0684942150632376,-0.035951882084996195,0.035962215679649634
