{
  "schema_version": 1,
  "trial_id": "fixed_cold_0p25_r2",
  "trial_type": "fixed_time",
  "thermal_state": "cold",
  "feedback_source": null,
  "ground_truth_used_for_control": false,
  "target_heading_rad": null,
  "feedback_heading_rad": null,
  "runner_complete": true,
  "error": null,
  "complete": true,
  "sample_count": 400,
  "duration_sec": 7.98,
  "target_yaw_rate_rad_s": 0.25,
  "requested_command_integral_rad": 1.9925000000000002,
  "actual_output_command_integral_rad": 1.9875000000000003,
  "ground_truth_yaw_delta_rad": 2.005999521098566,
  "raw_odom_yaw_delta_rad": 1.9862499918953778,
  "imu_integrated_yaw_rad": 2.004876124381578,
  "ekf_yaw_delta_rad": 2.0010463182391813,
  "body_yaw_error_deg": 0.7734655843956406,
  "request_to_output_delay_sec": 0.019999999999999574,
  "output_to_body_delay_sec": 0.03999999999999915,
  "rise_time_sec": 0.26000000000000156,
  "settling_time_sec": 7.699999999999999,
  "overshoot_ratio": 0.38057146408633025,
  "steady_state_yaw_rate_gain": 1.1777093380881642,
  "integral_tracking_error_rad": 0.3224039720262472
}
