{
  "schema_version": 1,
  "trial_id": "fixed_hot_0p10_r3",
  "trial_type": "fixed_time",
  "thermal_state": "hot",
  "feedback_source": null,
  "ground_truth_used_for_control": false,
  "target_heading_rad": null,
  "feedback_heading_rad": null,
  "runner_complete": true,
  "error": null,
  "complete": true,
  "sample_count": 401,
  "duration_sec": 8.0,
  "target_yaw_rate_rad_s": 0.1,
  "requested_command_integral_rad": 0.7990000000000013,
  "actual_output_command_integral_rad": 0.7950000000000014,
  "ground_truth_yaw_delta_rad": 0.9098857107986997,
  "raw_odom_yaw_delta_rad": 0.7934999914450456,
  "imu_integrated_yaw_rad": 0.9094933157578068,
  "ekf_yaw_delta_rad": 0.9058135762312729,
  "body_yaw_error_deg": 6.353283237073639,
  "request_to_output_delay_sec": 0.03999999999999915,
  "output_to_body_delay_sec": 0.020000000000003126,
  "rise_time_sec": 0.0799999999999983,
  "settling_time_sec": 7.039999999999999,
  "overshoot_ratio": 0.3842119293684434,
  "steady_state_yaw_rate_gain": 1.0860714627817547,
  "integral_tracking_error_rad": 0.12877492068475913
}
