{
  "schema_version": 1,
  "trial_id": "fixed_cold_0p35_r0",
  "trial_type": "fixed_time",
  "thermal_state": "cold",
  "feedback_source": null,
  "ground_truth_used_for_control": false,
  "target_heading_rad": null,
  "feedback_heading_rad": null,
  "runner_complete": true,
  "error": null,
  "complete": true,
  "sample_count": 400,
  "duration_sec": 7.979999999999997,
  "target_yaw_rate_rad_s": 0.35,
  "requested_command_integral_rad": 2.7894999999999865,
  "actual_output_command_integral_rad": 2.7754999999999876,
  "ground_truth_yaw_delta_rad": 2.6390109017538013,
  "raw_odom_yaw_delta_rad": 2.7737499921230286,
  "imu_integrated_yaw_rad": 2.636618164837864,
  "ekf_yaw_delta_rad": 2.6324438410754922,
  "body_yaw_error_deg": 8.622390192236015,
  "request_to_output_delay_sec": 0.03999999999999915,
  "output_to_body_delay_sec": 0.05999999999999872,
  "rise_time_sec": 0.360000000000003,
  "settling_time_sec": null,
  "overshoot_ratio": 0.3785139074556292,
  "steady_state_yaw_rate_gain": 0.8341238622709757,
  "integral_tracking_error_rad": 0.4578468527135352
}
