{
  "schema_version": 1,
  "trial_id": "fixed_hot_0p45_r9",
  "trial_type": "fixed_time",
  "thermal_state": "hot",
  "feedback_source": null,
  "ground_truth_used_for_control": false,
  "target_heading_rad": null,
  "feedback_heading_rad": null,
  "runner_complete": true,
  "error": null,
  "complete": true,
  "sample_count": 400,
  "duration_sec": 7.979999999999997,
  "target_yaw_rate_rad_s": 0.45,
  "requested_command_integral_rad": 3.586499999999974,
  "actual_output_command_integral_rad": 3.559499999999975,
  "ground_truth_yaw_delta_rad": 3.5007973560460464,
  "raw_odom_yaw_delta_rad": 3.5572499920124203,
  "imu_integrated_yaw_rad": 3.49907742724167,
  "ekf_yaw_delta_rad": 3.492294892281262,
  "body_yaw_error_deg": 4.910399791672425,
  "request_to_output_delay_sec": 0.05999999999999517,
  "output_to_body_delay_sec": 0.020000000000003126,
  "rise_time_sec": 0.4200000000000017,
  "settling_time_sec": 7.700000000000003,
  "overshoot_ratio": 0.3767542378397466,
  "steady_state_yaw_rate_gain": 1.1621211280259014,
  "integral_tracking_error_rad": 8.106015601348018
}
