{
  "schema_version": 1,
  "trial_id": "fixed_hot_0p60_r4",
  "trial_type": "fixed_time",
  "thermal_state": "hot",
  "feedback_source": null,
  "ground_truth_used_for_control": false,
  "target_heading_rad": null,
  "feedback_heading_rad": null,
  "runner_complete": true,
  "error": null,
  "complete": true,
  "sample_count": 400,
  "duration_sec": 7.979999999999997,
  "target_yaw_rate_rad_s": 0.6,
  "requested_command_integral_rad": 4.782000000000017,
  "actual_output_command_integral_rad": 4.758000000000014,
  "ground_truth_yaw_delta_rad": 4.5063080418930515,
  "raw_odom_yaw_delta_rad": 4.748999992044912,
  "imu_integrated_yaw_rad": 4.5020595115523285,
  "ekf_yaw_delta_rad": 4.493038250814308,
  "body_yaw_error_deg": 15.79598564522662,
  "request_to_output_delay_sec": 0.04000000000000625,
  "output_to_body_delay_sec": 0.03999999999999915,
  "rise_time_sec": 0.6000000000000014,
  "settling_time_sec": null,
  "overshoot_ratio": 0.373263105121624,
  "steady_state_yaw_rate_gain": 0.893838578502527,
  "integral_tracking_error_rad": 0.7982330491632021
}
