{
  "schema_version": 1,
  "trial_id": "fixed_hot_0p25_r0",
  "trial_type": "fixed_time",
  "thermal_state": "hot",
  "feedback_source": null,
  "ground_truth_used_for_control": false,
  "target_heading_rad": null,
  "feedback_heading_rad": null,
  "runner_complete": true,
  "error": null,
  "complete": true,
  "sample_count": 400,
  "duration_sec": 7.980000000000004,
  "target_yaw_rate_rad_s": 0.25,
  "requested_command_integral_rad": 1.9925000000000006,
  "actual_output_command_integral_rad": 1.9825,
  "ground_truth_yaw_delta_rad": 1.9487453164921726,
  "raw_odom_yaw_delta_rad": 1.9812499921103313,
  "imu_integrated_yaw_rad": 1.9489204726613314,
  "ekf_yaw_delta_rad": 1.9447037838896684,
  "body_yaw_error_deg": 2.5069586989292105,
  "request_to_output_delay_sec": 0.03999999999999915,
  "output_to_body_delay_sec": 0.020000000000003126,
  "rise_time_sec": 0.17999999999999972,
  "settling_time_sec": null,
  "overshoot_ratio": 0.38096626016013757,
  "steady_state_yaw_rate_gain": 0.9354556025331983,
  "integral_tracking_error_rad": 0.28359551772578684
}
