{
  "schema_version": 1,
  "trial_id": "fixed_cold_m0p35_r3",
  "trial_type": "fixed_time",
  "thermal_state": "cold",
  "feedback_source": null,
  "ground_truth_used_for_control": false,
  "target_heading_rad": null,
  "feedback_heading_rad": null,
  "runner_complete": true,
  "error": null,
  "complete": true,
  "sample_count": 400,
  "duration_sec": 7.980000000000002,
  "target_yaw_rate_rad_s": -0.35,
  "requested_command_integral_rad": -2.7929999999999877,
  "actual_output_command_integral_rad": -2.7824999999999878,
  "ground_truth_yaw_delta_rad": -2.6456038881947985,
  "raw_odom_yaw_delta_rad": -2.780749992103084,
  "imu_integrated_yaw_rad": -2.64459336050358,
  "ekf_yaw_delta_rad": -2.639003804638308,
  "body_yaw_error_deg": 8.44517512307575,
  "request_to_output_delay_sec": 0.040000000000000924,
  "output_to_body_delay_sec": 0.0600000000000005,
  "rise_time_sec": 0.35999999999999943,
  "settling_time_sec": null,
  "overshoot_ratio": 0.3785139074027859,
  "steady_state_yaw_rate_gain": 0.834946571840046,
  "integral_tracking_error_rad": 7.99811732009809
}
