{
  "schema_version": 1,
  "trial_id": "fixed_cold_0p25_r7",
  "trial_type": "fixed_time",
  "thermal_state": "cold",
  "feedback_source": null,
  "ground_truth_used_for_control": false,
  "target_heading_rad": null,
  "feedback_heading_rad": null,
  "runner_complete": true,
  "error": null,
  "complete": true,
  "sample_count": 400,
  "duration_sec": 7.979999999999997,
  "target_yaw_rate_rad_s": 0.25,
  "requested_command_integral_rad": 1.9924999999999993,
  "actual_output_command_integral_rad": 1.9824999999999995,
  "ground_truth_yaw_delta_rad": 2.0010422322998846,
  "raw_odom_yaw_delta_rad": 1.9812499919156856,
  "imu_integrated_yaw_rad": 1.9999038760859216,
  "ekf_yaw_delta_rad": 1.9960705814862552,
  "body_yaw_error_deg": 0.4894338584037627,
  "request_to_output_delay_sec": 0.03999999999999915,
  "output_to_body_delay_sec": 0.03999999999999915,
  "rise_time_sec": 0.26000000000000156,
  "settling_time_sec": 7.719999999999999,
  "overshoot_ratio": 0.3805714640039892,
  "steady_state_yaw_rate_gain": 1.1819791944018756,
  "integral_tracking_error_rad": 0.3223844172474003
}
