{
  "schema_version": 1,
  "trial_id": "fixed_hot_m0p60_r0",
  "trial_type": "fixed_time",
  "thermal_state": "hot",
  "feedback_source": null,
  "ground_truth_used_for_control": false,
  "target_heading_rad": null,
  "feedback_heading_rad": null,
  "runner_complete": true,
  "error": null,
  "complete": true,
  "sample_count": 400,
  "duration_sec": 7.979999999999997,
  "target_yaw_rate_rad_s": -0.6,
  "requested_command_integral_rad": -4.788000000000015,
  "actual_output_command_integral_rad": -4.746000000000015,
  "ground_truth_yaw_delta_rad": -4.495075298644299,
  "raw_odom_yaw_delta_rad": -4.742999992059726,
  "imu_integrated_yaw_rad": -4.4933767682760655,
  "ekf_yaw_delta_rad": -4.451920822004772,
  "body_yaw_error_deg": 16.783349102812636,
  "request_to_output_delay_sec": 0.0799999999999983,
  "output_to_body_delay_sec": 0.020000000000003126,
  "rise_time_sec": 0.6200000000000045,
  "settling_time_sec": null,
  "overshoot_ratio": 0.3738405833824219,
  "steady_state_yaw_rate_gain": -1.7030633167225182,
  "integral_tracking_error_rad": 5.828925660587053
}
