{
  "schema_version": 1,
  "trial_id": "fixed_hot_0p35_r9",
  "trial_type": "fixed_time",
  "thermal_state": "hot",
  "feedback_source": null,
  "ground_truth_used_for_control": false,
  "target_heading_rad": null,
  "feedback_heading_rad": null,
  "runner_complete": true,
  "error": null,
  "complete": true,
  "sample_count": 400,
  "duration_sec": 7.979999999999997,
  "target_yaw_rate_rad_s": 0.35,
  "requested_command_integral_rad": 2.789499999999992,
  "actual_output_command_integral_rad": 2.775499999999992,
  "ground_truth_yaw_delta_rad": 2.7176638188947844,
  "raw_odom_yaw_delta_rad": 2.7667499921070804,
  "imu_integrated_yaw_rad": 2.717102385045709,
  "ekf_yaw_delta_rad": 2.711580674974642,
  "body_yaw_error_deg": 4.11590999366582,
  "request_to_output_delay_sec": 0.03999999999999915,
  "output_to_body_delay_sec": 0.03999999999999915,
  "rise_time_sec": 0.3200000000000003,
  "settling_time_sec": null,
  "overshoot_ratio": 0.3791583246355721,
  "steady_state_yaw_rate_gain": 0.835684768769862,
  "integral_tracking_error_rad": 8.006901609282083
}
