{
  "schema_version": 1,
  "trial_id": "fixed_hot_m0p60_r9",
  "trial_type": "fixed_time",
  "thermal_state": "hot",
  "feedback_source": null,
  "ground_truth_used_for_control": false,
  "target_heading_rad": null,
  "feedback_heading_rad": null,
  "runner_complete": true,
  "error": null,
  "complete": true,
  "sample_count": 400,
  "duration_sec": 7.980000000000004,
  "target_yaw_rate_rad_s": -0.6,
  "requested_command_integral_rad": -4.782000000000019,
  "actual_output_command_integral_rad": -4.746000000000016,
  "ground_truth_yaw_delta_rad": -4.447486085562272,
  "raw_odom_yaw_delta_rad": -4.73099999207673,
  "imu_integrated_yaw_rad": -4.442809838452428,
  "ekf_yaw_delta_rad": -4.434062954366089,
  "body_yaw_error_deg": 19.166235485683195,
  "request_to_output_delay_sec": 0.060000000000002274,
  "output_to_body_delay_sec": 0.05999999999999517,
  "rise_time_sec": 0.6200000000000045,
  "settling_time_sec": null,
  "overshoot_ratio": 0.3733627896719163,
  "steady_state_yaw_rate_gain": -6.958519314318258,
  "integral_tracking_error_rad": 8.369947076480752
}
