{
  "schema_version": 1,
  "trial_id": "fixed_hot_m0p35_r1",
  "trial_type": "fixed_time",
  "thermal_state": "hot",
  "feedback_source": null,
  "ground_truth_used_for_control": false,
  "target_heading_rad": null,
  "feedback_heading_rad": null,
  "runner_complete": true,
  "error": null,
  "complete": true,
  "sample_count": 400,
  "duration_sec": 7.980000000000004,
  "target_yaw_rate_rad_s": -0.35,
  "requested_command_integral_rad": -2.789499999999994,
  "actual_output_command_integral_rad": -2.7684999999999933,
  "ground_truth_yaw_delta_rad": -2.810040512403136,
  "raw_odom_yaw_delta_rad": -2.7667499920312837,
  "imu_integrated_yaw_rad": -2.80873734117171,
  "ekf_yaw_delta_rad": -2.793363207360214,
  "body_yaw_error_deg": 1.1768846697361395,
  "request_to_output_delay_sec": 0.060000000000002274,
  "output_to_body_delay_sec": 0.01999999999999602,
  "rise_time_sec": 0.21999999999999886,
  "settling_time_sec": null,
  "overshoot_ratio": 0.3788638784101399,
  "steady_state_yaw_rate_gain": 0.8928459687312749,
  "integral_tracking_error_rad": 0.44368794319511845
}
