{
  "schema_version": 1,
  "trial_id": "fixed_hot_0p25_r4",
  "trial_type": "fixed_time",
  "thermal_state": "hot",
  "feedback_source": null,
  "ground_truth_used_for_control": false,
  "target_heading_rad": null,
  "feedback_heading_rad": null,
  "runner_complete": true,
  "error": null,
  "complete": true,
  "sample_count": 400,
  "duration_sec": 7.980000000000004,
  "target_yaw_rate_rad_s": 0.25,
  "requested_command_integral_rad": 1.9925000000000006,
  "actual_output_command_integral_rad": 1.9825000000000008,
  "ground_truth_yaw_delta_rad": 1.9224906056551392,
  "raw_odom_yaw_delta_rad": 1.9787499922439644,
  "imu_integrated_yaw_rad": 1.9178952569709489,
  "ekf_yaw_delta_rad": 1.91849036789267,
  "body_yaw_error_deg": 4.011242822227612,
  "request_to_output_delay_sec": 0.03999999999999915,
  "output_to_body_delay_sec": 0.020000000000003126,
  "rise_time_sec": 0.1599999999999966,
  "settling_time_sec": null,
  "overshoot_ratio": 0.3811052510487669,
  "steady_state_yaw_rate_gain": 0.8520785260403889,
  "integral_tracking_error_rad": 0.306605457376812
}
