{
  "schema_version": 1,
  "trial_id": "fixed_cold_m0p25_r4",
  "trial_type": "fixed_time",
  "thermal_state": "cold",
  "feedback_source": null,
  "ground_truth_used_for_control": false,
  "target_heading_rad": null,
  "feedback_heading_rad": null,
  "runner_complete": true,
  "error": null,
  "complete": true,
  "sample_count": 400,
  "duration_sec": 7.98,
  "target_yaw_rate_rad_s": -0.25,
  "requested_command_integral_rad": -1.9925000000000002,
  "actual_output_command_integral_rad": -1.9725000000000001,
  "ground_truth_yaw_delta_rad": -1.9910721042071147,
  "raw_odom_yaw_delta_rad": -1.9712499919564381,
  "imu_integrated_yaw_rad": -1.990034931911054,
  "ekf_yaw_delta_rad": -1.9810312763264284,
  "body_yaw_error_deg": 0.081812402516825,
  "request_to_output_delay_sec": 0.08000000000000185,
  "output_to_body_delay_sec": 0.03999999999999915,
  "rise_time_sec": 0.259999999999998,
  "settling_time_sec": 7.760000000000002,
  "overshoot_ratio": 0.38057146406585507,
  "steady_state_yaw_rate_gain": 1.190104217894973,
  "integral_tracking_error_rad": 0.3223572373838607
}
