{
  "schema_version": 1,
  "trial_id": "fixed_hot_m0p10_r9",
  "trial_type": "fixed_time",
  "thermal_state": "hot",
  "feedback_source": null,
  "ground_truth_used_for_control": false,
  "target_heading_rad": null,
  "feedback_heading_rad": null,
  "runner_complete": true,
  "error": null,
  "complete": true,
  "sample_count": 399,
  "duration_sec": 7.959999999999994,
  "target_yaw_rate_rad_s": -0.1,
  "requested_command_integral_rad": -0.7950000000000006,
  "actual_output_command_integral_rad": -0.7910000000000007,
  "ground_truth_yaw_delta_rad": -0.8488647544138351,
  "raw_odom_yaw_delta_rad": -0.7894999918335712,
  "imu_integrated_yaw_rad": -0.8482957865842575,
  "ekf_yaw_delta_rad": -0.8463946038061941,
  "body_yaw_error_deg": 3.0862230924213914,
  "request_to_output_delay_sec": 0.03999999999999915,
  "output_to_body_delay_sec": 0.020000000000003126,
  "rise_time_sec": 1.759999999999998,
  "settling_time_sec": null,
  "overshoot_ratio": 0.384234154255805,
  "steady_state_yaw_rate_gain": 1.3196680132334988,
  "integral_tracking_error_rad": 0.131193837926944
}
