{
  "schema_version": 1,
  "trial_id": "fixed_cold_0p35_r7",
  "trial_type": "fixed_time",
  "thermal_state": "cold",
  "feedback_source": null,
  "ground_truth_used_for_control": false,
  "target_heading_rad": null,
  "feedback_heading_rad": null,
  "runner_complete": true,
  "error": null,
  "complete": true,
  "sample_count": 399,
  "duration_sec": 7.959999999999999,
  "target_yaw_rate_rad_s": 0.35,
  "requested_command_integral_rad": 2.7824999999999873,
  "actual_output_command_integral_rad": 2.754499999999988,
  "ground_truth_yaw_delta_rad": 2.616193430700209,
  "raw_odom_yaw_delta_rad": 2.7492499921922655,
  "imu_integrated_yaw_rad": 2.6144842792263656,
  "ekf_yaw_delta_rad": 2.609739976209286,
  "body_yaw_error_deg": 9.528664526177254,
  "request_to_output_delay_sec": 0.08000000000000007,
  "output_to_body_delay_sec": 0.0600000000000005,
  "rise_time_sec": 0.35999999999999943,
  "settling_time_sec": null,
  "overshoot_ratio": 0.3791585310540706,
  "steady_state_yaw_rate_gain": 0.8321266577364586,
  "integral_tracking_error_rad": 0.45946423718292256
}
