{
  "schema_version": 1,
  "trial_id": "fixed_cold_m0p10_r7",
  "trial_type": "fixed_time",
  "thermal_state": "cold",
  "feedback_source": null,
  "ground_truth_used_for_control": false,
  "target_heading_rad": null,
  "feedback_heading_rad": null,
  "runner_complete": true,
  "error": null,
  "complete": true,
  "sample_count": 400,
  "duration_sec": 7.980000000000002,
  "target_yaw_rate_rad_s": -0.1,
  "requested_command_integral_rad": -0.797000000000005,
  "actual_output_command_integral_rad": -0.7930000000000049,
  "ground_truth_yaw_delta_rad": -0.7886770323897565,
  "raw_odom_yaw_delta_rad": -0.7914999920879229,
  "imu_integrated_yaw_rad": -0.7882481377704678,
  "ekf_yaw_delta_rad": -0.7870318530465403,
  "body_yaw_error_deg": 0.4768709170913256,
  "request_to_output_delay_sec": 0.03999999999999915,
  "output_to_body_delay_sec": 0.03999999999999915,
  "rise_time_sec": 0.120000000000001,
  "settling_time_sec": null,
  "overshoot_ratio": 0.3666325252488911,
  "steady_state_yaw_rate_gain": 0.8040875988059102,
  "integral_tracking_error_rad": 0.12226874609735411
}
