{
  "schema_version": 1,
  "trial_id": "fixed_cold_0p25_r8",
  "trial_type": "fixed_time",
  "thermal_state": "cold",
  "feedback_source": null,
  "ground_truth_used_for_control": false,
  "target_heading_rad": null,
  "feedback_heading_rad": null,
  "runner_complete": true,
  "error": null,
  "complete": true,
  "sample_count": 400,
  "duration_sec": 7.979999999999999,
  "target_yaw_rate_rad_s": 0.25,
  "requested_command_integral_rad": 1.9924999999999997,
  "actual_output_command_integral_rad": 1.9774999999999998,
  "ground_truth_yaw_delta_rad": 1.9960664677972626,
  "raw_odom_yaw_delta_rad": 1.9762499919360412,
  "imu_integrated_yaw_rad": 1.9943887449666966,
  "ekf_yaw_delta_rad": 1.9910762463374294,
  "body_yaw_error_deg": 0.20434355255248263,
  "request_to_output_delay_sec": 0.0600000000000005,
  "output_to_body_delay_sec": 0.03999999999999915,
  "rise_time_sec": 0.2599999999999998,
  "settling_time_sec": 7.74,
  "overshoot_ratio": 0.38057146408633336,
  "steady_state_yaw_rate_gain": 1.1861104418739465,
  "integral_tracking_error_rad": 0.3223750705464659
}
