{
  "schema_version": 1,
  "trial_id": "fixed_hot_m0p25_r9",
  "trial_type": "fixed_time",
  "thermal_state": "hot",
  "feedback_source": null,
  "ground_truth_used_for_control": false,
  "target_heading_rad": null,
  "feedback_heading_rad": null,
  "runner_complete": true,
  "error": null,
  "complete": true,
  "sample_count": 400,
  "duration_sec": 7.980000000000004,
  "target_yaw_rate_rad_s": -0.25,
  "requested_command_integral_rad": -1.9925000000000006,
  "actual_output_command_integral_rad": -1.9875000000000007,
  "ground_truth_yaw_delta_rad": -1.970981466565379,
  "raw_odom_yaw_delta_rad": -1.982499992017413,
  "imu_integrated_yaw_rad": -1.96914219548883,
  "ekf_yaw_delta_rad": -1.9622375059225905,
  "body_yaw_error_deg": 1.2329211471149641,
  "request_to_output_delay_sec": 0.01999999999999602,
  "output_to_body_delay_sec": 0.020000000000003126,
  "rise_time_sec": 0.21999999999999886,
  "settling_time_sec": null,
  "overshoot_ratio": 0.38118976604805477,
  "steady_state_yaw_rate_gain": 1.0164331699664118,
  "integral_tracking_error_rad": 5.312208500151987
}
