{
  "schema_version": 1,
  "trial_id": "fixed_hot_m0p60_r4",
  "trial_type": "fixed_time",
  "thermal_state": "hot",
  "feedback_source": null,
  "ground_truth_used_for_control": false,
  "target_heading_rad": null,
  "feedback_heading_rad": null,
  "runner_complete": true,
  "error": null,
  "complete": true,
  "sample_count": 402,
  "duration_sec": 8.020000000000003,
  "target_yaw_rate_rad_s": -0.6,
  "requested_command_integral_rad": -4.794000000000019,
  "actual_output_command_integral_rad": -4.7700000000000164,
  "ground_truth_yaw_delta_rad": -4.549023656285867,
  "raw_odom_yaw_delta_rad": -4.760999992026777,
  "imu_integrated_yaw_rad": -4.545489185226646,
  "ekf_yaw_delta_rad": -4.517964231070966,
  "body_yaw_error_deg": 14.036110575367156,
  "request_to_output_delay_sec": 0.04000000000000625,
  "output_to_body_delay_sec": 0.03999999999999915,
  "rise_time_sec": 0.6000000000000014,
  "settling_time_sec": null,
  "overshoot_ratio": 0.373945065230608,
  "steady_state_yaw_rate_gain": 0.9402457571824382,
  "integral_tracking_error_rad": 0.8045807461013488
}
