{
  "schema_version": 1,
  "trial_id": "fixed_cold_0p10_r7",
  "trial_type": "fixed_time",
  "thermal_state": "cold",
  "feedback_source": null,
  "ground_truth_used_for_control": false,
  "target_heading_rad": null,
  "feedback_heading_rad": null,
  "runner_complete": true,
  "error": null,
  "complete": true,
  "sample_count": 401,
  "duration_sec": 8.0,
  "target_yaw_rate_rad_s": 0.1,
  "requested_command_integral_rad": 0.7970000000000049,
  "actual_output_command_integral_rad": 0.7930000000000047,
  "ground_truth_yaw_delta_rad": 0.788677032387433,
  "raw_odom_yaw_delta_rad": 0.7914999920879223,
  "imu_integrated_yaw_rad": 0.7879947938568452,
  "ekf_yaw_delta_rad": 0.7870318530442114,
  "body_yaw_error_deg": 0.4768709172244446,
  "request_to_output_delay_sec": 0.03999999999999915,
  "output_to_body_delay_sec": 0.040000000000000924,
  "rise_time_sec": 0.11999999999999922,
  "settling_time_sec": null,
  "overshoot_ratio": 0.36663252550877656,
  "steady_state_yaw_rate_gain": 0.8044264894526008,
  "integral_tracking_error_rad": 0.12226874612381518
}
