{
  "schema_version": 1,
  "trial_id": "fixed_hot_0p45_r3",
  "trial_type": "fixed_time",
  "thermal_state": "hot",
  "feedback_source": null,
  "ground_truth_used_for_control": false,
  "target_heading_rad": null,
  "feedback_heading_rad": null,
  "runner_complete": true,
  "error": null,
  "complete": true,
  "sample_count": 400,
  "duration_sec": 7.979999999999997,
  "target_yaw_rate_rad_s": 0.45,
  "requested_command_integral_rad": 3.586499999999975,
  "actual_output_command_integral_rad": 3.5684999999999745,
  "ground_truth_yaw_delta_rad": 3.4992106682845625,
  "raw_odom_yaw_delta_rad": 3.552749992185945,
  "imu_integrated_yaw_rad": 3.494435297558096,
  "ekf_yaw_delta_rad": 3.49195353951421,
  "body_yaw_error_deg": 5.001310303810587,
  "request_to_output_delay_sec": 0.04000000000000625,
  "output_to_body_delay_sec": 0.01999999999999602,
  "rise_time_sec": 0.28000000000000114,
  "settling_time_sec": null,
  "overshoot_ratio": 0.3764586457569423,
  "steady_state_yaw_rate_gain": 0.9663967958331616,
  "integral_tracking_error_rad": 5.58798558440787
}
