{
  "schema_version": 1,
  "trial_id": "fixed_cold_0p10_r1",
  "trial_type": "fixed_time",
  "thermal_state": "cold",
  "feedback_source": null,
  "ground_truth_used_for_control": false,
  "target_heading_rad": null,
  "feedback_heading_rad": null,
  "runner_complete": true,
  "error": null,
  "complete": true,
  "sample_count": 400,
  "duration_sec": 7.980000000000002,
  "target_yaw_rate_rad_s": 0.1,
  "requested_command_integral_rad": 0.7970000000000051,
  "actual_output_command_integral_rad": 0.793000000000005,
  "ground_truth_yaw_delta_rad": 0.7886770323901576,
  "raw_odom_yaw_delta_rad": 0.7914999920879223,
  "imu_integrated_yaw_rad": 0.7879760318530183,
  "ekf_yaw_delta_rad": 0.7870318530469419,
  "body_yaw_error_deg": 0.4768709170683493,
  "request_to_output_delay_sec": 0.03999999999999915,
  "output_to_body_delay_sec": 0.03999999999999915,
  "rise_time_sec": 0.120000000000001,
  "settling_time_sec": null,
  "overshoot_ratio": 0.36663252550923087,
  "steady_state_yaw_rate_gain": 0.8040875989077574,
  "integral_tracking_error_rad": 0.12226874611211647
}
