{
  "schema_version": 1,
  "trial_id": "fixed_hot_0p60_r0",
  "trial_type": "fixed_time",
  "thermal_state": "hot",
  "feedback_source": null,
  "ground_truth_used_for_control": false,
  "target_heading_rad": null,
  "feedback_heading_rad": null,
  "runner_complete": true,
  "error": null,
  "complete": true,
  "sample_count": 399,
  "duration_sec": 7.959999999999994,
  "target_yaw_rate_rad_s": 0.6,
  "requested_command_integral_rad": 4.770000000000015,
  "actual_output_command_integral_rad": 4.746000000000015,
  "ground_truth_yaw_delta_rad": 4.542840032285013,
  "raw_odom_yaw_delta_rad": 4.742999992058086,
  "imu_integrated_yaw_rad": 4.540736802073111,
  "ekf_yaw_delta_rad": 4.529895417611102,
  "body_yaw_error_deg": 13.015307424397642,
  "request_to_output_delay_sec": 0.03999999999999915,
  "output_to_body_delay_sec": 0.020000000000003126,
  "rise_time_sec": 0.5600000000000023,
  "settling_time_sec": null,
  "overshoot_ratio": 0.37412240061014246,
  "steady_state_yaw_rate_gain": 0.8914295976609576,
  "integral_tracking_error_rad": 0.7670551610030144
}
