{
  "schema_version": 1,
  "trial_id": "fixed_cold_0p60_r7",
  "trial_type": "fixed_time",
  "thermal_state": "cold",
  "feedback_source": null,
  "ground_truth_used_for_control": false,
  "target_heading_rad": null,
  "feedback_heading_rad": null,
  "runner_complete": true,
  "error": null,
  "complete": true,
  "sample_count": 400,
  "duration_sec": 7.979999999999999,
  "target_yaw_rate_rad_s": 0.6,
  "requested_command_integral_rad": 4.781999999999968,
  "actual_output_command_integral_rad": 4.769999999999968,
  "ground_truth_yaw_delta_rad": 4.4746855113078325,
  "raw_odom_yaw_delta_rad": 4.766999992010472,
  "imu_integrated_yaw_rad": 4.472406790994479,
  "ekf_yaw_delta_rad": 4.460987385736296,
  "body_yaw_error_deg": 17.60782318528023,
  "request_to_output_delay_sec": 0.02000000000000135,
  "output_to_body_delay_sec": 0.05999999999999872,
  "rise_time_sec": 0.620000000000001,
  "settling_time_sec": null,
  "overshoot_ratio": 0.37332760463016434,
  "steady_state_yaw_rate_gain": -6.954935987514916,
  "integral_tracking_error_rad": 8.372806222863609
}
