{
  "schema_version": 1,
  "trial_id": "fixed_cold_0p10_r3",
  "trial_type": "fixed_time",
  "thermal_state": "cold",
  "feedback_source": null,
  "ground_truth_used_for_control": false,
  "target_heading_rad": null,
  "feedback_heading_rad": null,
  "runner_complete": true,
  "error": null,
  "complete": true,
  "sample_count": 400,
  "duration_sec": 7.980000000000002,
  "target_yaw_rate_rad_s": 0.1,
  "requested_command_integral_rad": 0.797000000000005,
  "actual_output_command_integral_rad": 0.7910000000000049,
  "ground_truth_yaw_delta_rad": 0.7878549910076549,
  "raw_odom_yaw_delta_rad": 0.790499992096321,
  "imu_integrated_yaw_rad": 0.7877403992465402,
  "ekf_yaw_delta_rad": 0.786208209240371,
  "body_yaw_error_deg": 0.5239704188708497,
  "request_to_output_delay_sec": 0.05999999999999872,
  "output_to_body_delay_sec": 0.02000000000000135,
  "rise_time_sec": 0.09999999999999964,
  "settling_time_sec": null,
  "overshoot_ratio": 0.3682258680768604,
  "steady_state_yaw_rate_gain": 0.8041388832220719,
  "integral_tracking_error_rad": 0.12111774969293186
}
