{
  "schema_version": 1,
  "trial_id": "fixed_cold_m0p35_r5",
  "trial_type": "fixed_time",
  "thermal_state": "cold",
  "feedback_source": null,
  "ground_truth_used_for_control": false,
  "target_heading_rad": null,
  "feedback_heading_rad": null,
  "runner_complete": true,
  "error": null,
  "complete": true,
  "sample_count": 400,
  "duration_sec": 7.980000000000002,
  "target_yaw_rate_rad_s": -0.35,
  "requested_command_integral_rad": -2.7894999999999883,
  "actual_output_command_integral_rad": -2.7754999999999885,
  "ground_truth_yaw_delta_rad": -2.6357267880843227,
  "raw_odom_yaw_delta_rad": -2.770249992132971,
  "imu_integrated_yaw_rad": -2.6343233360511458,
  "ekf_yaw_delta_rad": -2.6291761427077587,
  "body_yaw_error_deg": 8.81055604493846,
  "request_to_output_delay_sec": 0.03999999999999915,
  "output_to_body_delay_sec": 0.0600000000000005,
  "rise_time_sec": 0.35999999999999943,
  "settling_time_sec": null,
  "overshoot_ratio": 0.37915853110685993,
  "steady_state_yaw_rate_gain": 0.8337571234403901,
  "integral_tracking_error_rad": 5.4876000656908746
}
