{
  "schema_version": 1,
  "trial_id": "fixed_hot_0p45_r7",
  "trial_type": "fixed_time",
  "thermal_state": "hot",
  "feedback_source": null,
  "ground_truth_used_for_control": false,
  "target_heading_rad": null,
  "feedback_heading_rad": null,
  "runner_complete": true,
  "error": null,
  "complete": true,
  "sample_count": 400,
  "duration_sec": 7.980000000000004,
  "target_yaw_rate_rad_s": 0.45,
  "requested_command_integral_rad": 3.586499999999977,
  "actual_output_command_integral_rad": 3.5594999999999777,
  "ground_truth_yaw_delta_rad": 3.5049230327035072,
  "raw_odom_yaw_delta_rad": 3.548249992062189,
  "imu_integrated_yaw_rad": 3.5050059137665612,
  "ekf_yaw_delta_rad": 3.496880782244958,
  "body_yaw_error_deg": 4.674015931564455,
  "request_to_output_delay_sec": 0.05999999999999517,
  "output_to_body_delay_sec": 0.020000000000003126,
  "rise_time_sec": 0.38000000000000256,
  "settling_time_sec": null,
  "overshoot_ratio": 0.3764805178107684,
  "steady_state_yaw_rate_gain": 1.1435177459057726,
  "integral_tracking_error_rad": 5.578837940435237
}
