{
  "schema_version": 1,
  "trial_id": "fixed_cold_m0p35_r2",
  "trial_type": "fixed_time",
  "thermal_state": "cold",
  "feedback_source": null,
  "ground_truth_used_for_control": false,
  "target_heading_rad": null,
  "feedback_heading_rad": null,
  "runner_complete": true,
  "error": null,
  "complete": true,
  "sample_count": 399,
  "duration_sec": 7.960000000000001,
  "target_yaw_rate_rad_s": -0.35,
  "requested_command_integral_rad": -2.7824999999999873,
  "actual_output_command_integral_rad": -2.768499999999988,
  "ground_truth_yaw_delta_rad": -2.632450884788536,
  "raw_odom_yaw_delta_rad": -2.7667499921428997,
  "imu_integrated_yaw_rad": -2.6304626506483744,
  "ekf_yaw_delta_rad": -2.625916591592473,
  "body_yaw_error_deg": 8.597181021288392,
  "request_to_output_delay_sec": 0.03999999999999915,
  "output_to_body_delay_sec": 0.0600000000000005,
  "rise_time_sec": 0.35999999999999943,
  "settling_time_sec": null,
  "overshoot_ratio": 0.37851390743461155,
  "steady_state_yaw_rate_gain": 0.833412929913112,
  "integral_tracking_error_rad": 7.9971884679471685
}
