{
  "schema_version": 1,
  "trial_id": "fixed_hot_0p60_r1",
  "trial_type": "fixed_time",
  "thermal_state": "hot",
  "feedback_source": null,
  "ground_truth_used_for_control": false,
  "target_heading_rad": null,
  "feedback_heading_rad": null,
  "runner_complete": true,
  "error": null,
  "complete": true,
  "sample_count": 400,
  "duration_sec": 7.979999999999997,
  "target_yaw_rate_rad_s": 0.6,
  "requested_command_integral_rad": 4.782000000000014,
  "actual_output_command_integral_rad": 4.758000000000014,
  "ground_truth_yaw_delta_rad": 4.77452614707145,
  "raw_odom_yaw_delta_rad": 4.754999992096485,
  "imu_integrated_yaw_rad": 4.772755152810477,
  "ekf_yaw_delta_rad": 4.765020039038131,
  "body_yaw_error_deg": 0.4282202295082238,
  "request_to_output_delay_sec": 0.03999999999999915,
  "output_to_body_delay_sec": 0.01999999999999602,
  "rise_time_sec": 0.5200000000000031,
  "settling_time_sec": null,
  "overshoot_ratio": 0.3740041561390528,
  "steady_state_yaw_rate_gain": 1.0399581395175854,
  "integral_tracking_error_rad": 5.746633052757955
}
