{
  "schema_version": 1,
  "trial_id": "fixed_hot_m0p10_r2",
  "trial_type": "fixed_time",
  "thermal_state": "hot",
  "feedback_source": null,
  "ground_truth_used_for_control": false,
  "target_heading_rad": null,
  "feedback_heading_rad": null,
  "runner_complete": true,
  "error": null,
  "complete": true,
  "sample_count": 400,
  "duration_sec": 7.980000000000004,
  "target_yaw_rate_rad_s": -0.1,
  "requested_command_integral_rad": -0.7970000000000014,
  "actual_output_command_integral_rad": -0.7930000000000015,
  "ground_truth_yaw_delta_rad": -0.6833906501154972,
  "raw_odom_yaw_delta_rad": -0.7894999927463773,
  "imu_integrated_yaw_rad": -0.6829866034069595,
  "ekf_yaw_delta_rad": -0.6793676403925322,
  "body_yaw_error_deg": 6.509336261607178,
  "request_to_output_delay_sec": 0.03999999999999915,
  "output_to_body_delay_sec": 0.01999999999999602,
  "rise_time_sec": 0.0800000000000054,
  "settling_time_sec": 6.460000000000001,
  "overshoot_ratio": 0.005209478366072773,
  "steady_state_yaw_rate_gain": 0.9493817106749328,
  "integral_tracking_error_rad": 0.1121604865283614
}
