{
  "schema_version": 1,
  "trial_id": "fixed_hot_0p60_r7",
  "trial_type": "fixed_time",
  "thermal_state": "hot",
  "feedback_source": null,
  "ground_truth_used_for_control": false,
  "target_heading_rad": null,
  "feedback_heading_rad": null,
  "runner_complete": true,
  "error": null,
  "complete": true,
  "sample_count": 400,
  "duration_sec": 7.980000000000004,
  "target_yaw_rate_rad_s": 0.6,
  "requested_command_integral_rad": 4.782000000000019,
  "actual_output_command_integral_rad": 4.758000000000019,
  "ground_truth_yaw_delta_rad": 4.50651570697074,
  "raw_odom_yaw_delta_rad": 4.748999992044932,
  "imu_integrated_yaw_rad": 4.505455362962813,
  "ekf_yaw_delta_rad": 4.4932469175321765,
  "body_yaw_error_deg": 15.784087312722912,
  "request_to_output_delay_sec": 0.03999999999999915,
  "output_to_body_delay_sec": 0.03999999999999915,
  "rise_time_sec": 0.5999999999999943,
  "settling_time_sec": null,
  "overshoot_ratio": 0.37329165435441647,
  "steady_state_yaw_rate_gain": 0.8938290289925914,
  "integral_tracking_error_rad": 0.7980906322679402
}
