{
  "schema_version": 1,
  "trial_id": "fixed_cold_0p60_r5",
  "trial_type": "fixed_time",
  "thermal_state": "cold",
  "feedback_source": null,
  "ground_truth_used_for_control": false,
  "target_heading_rad": null,
  "feedback_heading_rad": null,
  "runner_complete": true,
  "error": null,
  "complete": true,
  "sample_count": 400,
  "duration_sec": 7.979999999999999,
  "target_yaw_rate_rad_s": 0.6,
  "requested_command_integral_rad": 4.781999999999968,
  "actual_output_command_integral_rad": 4.757999999999967,
  "ground_truth_yaw_delta_rad": 4.461016501421175,
  "raw_odom_yaw_delta_rad": 4.7549999920326345,
  "imu_integrated_yaw_rad": 4.458623685883845,
  "ekf_yaw_delta_rad": 4.447458131483277,
  "body_yaw_error_deg": 18.39099976190832,
  "request_to_output_delay_sec": 0.040000000000000924,
  "output_to_body_delay_sec": 0.0600000000000005,
  "rise_time_sec": 0.6199999999999992,
  "settling_time_sec": null,
  "overshoot_ratio": 0.373327604615588,
  "steady_state_yaw_rate_gain": -6.956860632248797,
  "integral_tracking_error_rad": 8.371309521595807
}
