{
  "schema_version": 1,
  "trial_id": "fixed_hot_0p60_r2",
  "trial_type": "fixed_time",
  "thermal_state": "hot",
  "feedback_source": null,
  "ground_truth_used_for_control": false,
  "target_heading_rad": null,
  "feedback_heading_rad": null,
  "runner_complete": true,
  "error": null,
  "complete": true,
  "sample_count": 400,
  "duration_sec": 7.979999999999997,
  "target_yaw_rate_rad_s": 0.6,
  "requested_command_integral_rad": 4.782000000000014,
  "actual_output_command_integral_rad": 4.758000000000014,
  "ground_truth_yaw_delta_rad": 4.5570402147943945,
  "raw_odom_yaw_delta_rad": 4.754999992036453,
  "imu_integrated_yaw_rad": 4.555270095793084,
  "ekf_yaw_delta_rad": 4.543976756686951,
  "body_yaw_error_deg": 12.88924625245155,
  "request_to_output_delay_sec": 0.03999999999999915,
  "output_to_body_delay_sec": 0.01999999999999602,
  "rise_time_sec": 0.5600000000000023,
  "settling_time_sec": null,
  "overshoot_ratio": 0.3741256155689381,
  "steady_state_yaw_rate_gain": 0.8921408418886003,
  "integral_tracking_error_rad": 0.7673681900911945
}
