{
  "schema_version": 1,
  "trial_id": "fixed_hot_0p35_r8",
  "trial_type": "fixed_time",
  "thermal_state": "hot",
  "feedback_source": null,
  "ground_truth_used_for_control": false,
  "target_heading_rad": null,
  "feedback_heading_rad": null,
  "runner_complete": true,
  "error": null,
  "complete": true,
  "sample_count": 400,
  "duration_sec": 7.980000000000004,
  "target_yaw_rate_rad_s": 0.35,
  "requested_command_integral_rad": 2.789499999999994,
  "actual_output_command_integral_rad": 2.7684999999999933,
  "ground_truth_yaw_delta_rad": 2.7265650300802844,
  "raw_odom_yaw_delta_rad": 2.7597499921211446,
  "imu_integrated_yaw_rad": 2.7258046143341397,
  "ekf_yaw_delta_rad": 2.7205317060477014,
  "body_yaw_error_deg": 3.6059081601821554,
  "request_to_output_delay_sec": 0.060000000000002274,
  "output_to_body_delay_sec": 0.01999999999999602,
  "rise_time_sec": 0.30000000000000426,
  "settling_time_sec": null,
  "overshoot_ratio": 0.37915999868662276,
  "steady_state_yaw_rate_gain": 0.8374885121603014,
  "integral_tracking_error_rad": 5.487319154213117
}
