{
  "schema_version": 1,
  "trial_id": "fixed_cold_m0p60_r7",
  "trial_type": "fixed_time",
  "thermal_state": "cold",
  "feedback_source": null,
  "ground_truth_used_for_control": false,
  "target_heading_rad": null,
  "feedback_heading_rad": null,
  "runner_complete": true,
  "error": null,
  "complete": true,
  "sample_count": 401,
  "duration_sec": 8.000000000000002,
  "target_yaw_rate_rad_s": -0.6,
  "requested_command_integral_rad": -4.793999999999971,
  "actual_output_command_integral_rad": -4.781999999999971,
  "ground_truth_yaw_delta_rad": -4.488497025467477,
  "raw_odom_yaw_delta_rad": -4.778999991988242,
  "imu_integrated_yaw_rad": -4.4848635474406615,
  "ekf_yaw_delta_rad": -4.47465572730841,
  "body_yaw_error_deg": 17.504031069404604,
  "request_to_output_delay_sec": 0.02000000000000135,
  "output_to_body_delay_sec": 0.05999999999999872,
  "rise_time_sec": 0.6199999999999992,
  "settling_time_sec": null,
  "overshoot_ratio": 0.37332760475408366,
  "steady_state_yaw_rate_gain": 0.902046175058263,
  "integral_tracking_error_rad": 5.8611671666251555
}
