{
  "schema_version": 1,
  "trial_id": "fixed_cold_0p35_r9",
  "trial_type": "fixed_time",
  "thermal_state": "cold",
  "feedback_source": null,
  "ground_truth_used_for_control": false,
  "target_heading_rad": null,
  "feedback_heading_rad": null,
  "runner_complete": true,
  "error": null,
  "complete": true,
  "sample_count": 400,
  "duration_sec": 7.979999999999999,
  "target_yaw_rate_rad_s": 0.35,
  "requested_command_integral_rad": 2.7894999999999874,
  "actual_output_command_integral_rad": 2.7754999999999876,
  "ground_truth_yaw_delta_rad": 2.6390109016909933,
  "raw_odom_yaw_delta_rad": 2.773749992123027,
  "imu_integrated_yaw_rad": 2.6377152071849235,
  "ekf_yaw_delta_rad": 2.632443841012998,
  "body_yaw_error_deg": 8.622390195834699,
  "request_to_output_delay_sec": 0.040000000000000924,
  "output_to_body_delay_sec": 0.0600000000000005,
  "rise_time_sec": 0.3600000000000012,
  "settling_time_sec": null,
  "overshoot_ratio": 0.37851390745559765,
  "steady_state_yaw_rate_gain": 0.8341238622803144,
  "integral_tracking_error_rad": 0.4578468527791504
}
