{
  "schema_version": 1,
  "trial_id": "fixed_hot_m0p35_r4",
  "trial_type": "fixed_time",
  "thermal_state": "hot",
  "feedback_source": null,
  "ground_truth_used_for_control": false,
  "target_heading_rad": null,
  "feedback_heading_rad": null,
  "runner_complete": true,
  "error": null,
  "complete": true,
  "sample_count": 400,
  "duration_sec": 7.979999999999997,
  "target_yaw_rate_rad_s": -0.35,
  "requested_command_integral_rad": -2.789499999999993,
  "actual_output_command_integral_rad": -2.782499999999993,
  "ground_truth_yaw_delta_rad": -2.813583498270224,
  "raw_odom_yaw_delta_rad": -2.7807499920067853,
  "imu_integrated_yaw_rad": -2.8135489079806315,
  "ekf_yaw_delta_rad": -2.808054326934047,
  "body_yaw_error_deg": 1.3798828067948508,
  "request_to_output_delay_sec": 0.020000000000003126,
  "output_to_body_delay_sec": 0.01999999999999602,
  "rise_time_sec": 0.22000000000000597,
  "settling_time_sec": null,
  "overshoot_ratio": 0.37915952175619205,
  "steady_state_yaw_rate_gain": 0.876719522336171,
  "integral_tracking_error_rad": 0.45069698985723367
}
