{
  "schema_version": 1,
  "trial_id": "fixed_hot_0p10_r6",
  "trial_type": "fixed_time",
  "thermal_state": "hot",
  "feedback_source": null,
  "ground_truth_used_for_control": false,
  "target_heading_rad": null,
  "feedback_heading_rad": null,
  "runner_complete": true,
  "error": null,
  "complete": true,
  "sample_count": 399,
  "duration_sec": 7.960000000000001,
  "target_yaw_rate_rad_s": 0.1,
  "requested_command_integral_rad": 0.7950000000000014,
  "actual_output_command_integral_rad": 0.7910000000000015,
  "ground_truth_yaw_delta_rad": 0.8642746838589639,
  "raw_odom_yaw_delta_rad": 0.789499991745154,
  "imu_integrated_yaw_rad": 0.8637321776819896,
  "ekf_yaw_delta_rad": 0.8618919199989576,
  "body_yaw_error_deg": 3.9691470122215993,
  "request_to_output_delay_sec": 0.03999999999999915,
  "output_to_body_delay_sec": 0.020000000000003126,
  "rise_time_sec": 1.3800000000000026,
  "settling_time_sec": null,
  "overshoot_ratio": 0.3842340336414105,
  "steady_state_yaw_rate_gain": 1.291161606184576,
  "integral_tracking_error_rad": 0.13212489990339424
}
