{
  "schema_version": 1,
  "trial_id": "fixed_hot_m0p45_r4",
  "trial_type": "fixed_time",
  "thermal_state": "hot",
  "feedback_source": null,
  "ground_truth_used_for_control": false,
  "target_heading_rad": null,
  "feedback_heading_rad": null,
  "runner_complete": true,
  "error": null,
  "complete": true,
  "sample_count": 400,
  "duration_sec": 7.980000000000004,
  "target_yaw_rate_rad_s": -0.45,
  "requested_command_integral_rad": -3.586499999999977,
  "actual_output_command_integral_rad": -3.5684999999999762,
  "ground_truth_yaw_delta_rad": -3.50962528698901,
  "raw_odom_yaw_delta_rad": -3.5662499919950577,
  "imu_integrated_yaw_rad": -3.5097928148390163,
  "ekf_yaw_delta_rad": -3.5012087961803346,
  "body_yaw_error_deg": 4.404596606807836,
  "request_to_output_delay_sec": 0.03999999999999915,
  "output_to_body_delay_sec": 0.020000000000003126,
  "rise_time_sec": 0.4199999999999946,
  "settling_time_sec": null,
  "overshoot_ratio": 0.37689051412009267,
  "steady_state_yaw_rate_gain": 1.1597345347327892,
  "integral_tracking_error_rad": 0.5655321651146038
}
