{
  "schema_version": 1,
  "trial_id": "fixed_cold_0p25_r0",
  "trial_type": "fixed_time",
  "thermal_state": "cold",
  "feedback_source": null,
  "ground_truth_used_for_control": false,
  "target_heading_rad": null,
  "feedback_heading_rad": null,
  "runner_complete": true,
  "error": null,
  "complete": true,
  "sample_count": 400,
  "duration_sec": 7.980000000000002,
  "target_yaw_rate_rad_s": 0.25,
  "requested_command_integral_rad": 1.9925000000000004,
  "actual_output_command_integral_rad": 1.9775000000000005,
  "ground_truth_yaw_delta_rad": 1.9960664677807816,
  "raw_odom_yaw_delta_rad": 1.9762499919360401,
  "imu_integrated_yaw_rad": 1.9947429792815505,
  "ekf_yaw_delta_rad": 1.9910762463208862,
  "body_yaw_error_deg": 0.2043435516081505,
  "request_to_output_delay_sec": 0.05999999999999872,
  "output_to_body_delay_sec": 0.040000000000000924,
  "rise_time_sec": 0.2599999999999998,
  "settling_time_sec": 7.74,
  "overshoot_ratio": 0.3805714640863318,
  "steady_state_yaw_rate_gain": 1.1861104419090527,
  "integral_tracking_error_rad": 0.32237507054692705
}
