{
  "schema_version": 1,
  "trial_id": "fixed_hot_m0p25_r7",
  "trial_type": "fixed_time",
  "thermal_state": "hot",
  "feedback_source": null,
  "ground_truth_used_for_control": false,
  "target_heading_rad": null,
  "feedback_heading_rad": null,
  "runner_complete": true,
  "error": null,
  "complete": true,
  "sample_count": 400,
  "duration_sec": 7.980000000000004,
  "target_yaw_rate_rad_s": -0.25,
  "requested_command_integral_rad": -1.9925000000000006,
  "actual_output_command_integral_rad": -1.9825000000000008,
  "ground_truth_yaw_delta_rad": -1.9849654359255615,
  "raw_odom_yaw_delta_rad": -1.9787499919682672,
  "imu_integrated_yaw_rad": -1.9831678039148652,
  "ekf_yaw_delta_rad": -1.9802826032618477,
  "body_yaw_error_deg": 0.43169872193625314,
  "request_to_output_delay_sec": 0.03999999999999915,
  "output_to_body_delay_sec": 0.03999999999999915,
  "rise_time_sec": 0.240000000000002,
  "settling_time_sec": null,
  "overshoot_ratio": 0.3811900261243124,
  "steady_state_yaw_rate_gain": 1.1026967242403545,
  "integral_tracking_error_rad": 5.325051395338751
}
