{
  "schema_version": 1,
  "trial_id": "fixed_hot_m0p35_r7",
  "trial_type": "fixed_time",
  "thermal_state": "hot",
  "feedback_source": null,
  "ground_truth_used_for_control": false,
  "target_heading_rad": null,
  "feedback_heading_rad": null,
  "runner_complete": true,
  "error": null,
  "complete": true,
  "sample_count": 400,
  "duration_sec": 7.979999999999997,
  "target_yaw_rate_rad_s": -0.35,
  "requested_command_integral_rad": -2.789499999999993,
  "actual_output_command_integral_rad": -2.7754999999999934,
  "ground_truth_yaw_delta_rad": -2.805127165146114,
  "raw_odom_yaw_delta_rad": -2.7737499920272803,
  "imu_integrated_yaw_rad": -2.8043063728882096,
  "ekf_yaw_delta_rad": -2.7995976602958845,
  "body_yaw_error_deg": 0.8953706086266516,
  "request_to_output_delay_sec": 0.03999999999999915,
  "output_to_body_delay_sec": 0.020000000000003126,
  "rise_time_sec": 0.21999999999999886,
  "settling_time_sec": null,
  "overshoot_ratio": 0.3791593103497082,
  "steady_state_yaw_rate_gain": 0.8766855578169221,
  "integral_tracking_error_rad": 0.4506573748763933
}
