{
  "schema_version": 1,
  "trial_id": "fixed_hot_0p25_r1",
  "trial_type": "fixed_time",
  "thermal_state": "hot",
  "feedback_source": null,
  "ground_truth_used_for_control": false,
  "target_heading_rad": null,
  "feedback_heading_rad": null,
  "runner_complete": true,
  "error": null,
  "complete": true,
  "sample_count": 400,
  "duration_sec": 7.979999999999997,
  "target_yaw_rate_rad_s": 0.25,
  "requested_command_integral_rad": 1.9924999999999997,
  "actual_output_command_integral_rad": 1.9874999999999998,
  "ground_truth_yaw_delta_rad": 1.9342401543081191,
  "raw_odom_yaw_delta_rad": 1.978749992175941,
  "imu_integrated_yaw_rad": 1.933663283548488,
  "ekf_yaw_delta_rad": 1.9303040442031638,
  "body_yaw_error_deg": 3.3380432732281893,
  "request_to_output_delay_sec": 0.020000000000003126,
  "output_to_body_delay_sec": 0.03999999999999915,
  "rise_time_sec": 0.17999999999999972,
  "settling_time_sec": null,
  "overshoot_ratio": 0.3811897273797018,
  "steady_state_yaw_rate_gain": 0.8935856233899585,
  "integral_tracking_error_rad": 0.2997571215479436
}
