{
  "schema_version": 1,
  "trial_id": "fixed_hot_m0p45_r6",
  "trial_type": "fixed_time",
  "thermal_state": "hot",
  "feedback_source": null,
  "ground_truth_used_for_control": false,
  "target_heading_rad": null,
  "feedback_heading_rad": null,
  "runner_complete": true,
  "error": null,
  "complete": true,
  "sample_count": 400,
  "duration_sec": 7.979999999999997,
  "target_yaw_rate_rad_s": -0.45,
  "requested_command_integral_rad": -3.5864999999999756,
  "actual_output_command_integral_rad": -3.5684999999999762,
  "ground_truth_yaw_delta_rad": -3.5104811292867275,
  "raw_odom_yaw_delta_rad": -3.566249992000317,
  "imu_integrated_yaw_rad": -3.509695082257853,
  "ekf_yaw_delta_rad": -3.5021455569157824,
  "body_yaw_error_deg": 4.3555604552197735,
  "request_to_output_delay_sec": 0.03999999999999915,
  "output_to_body_delay_sec": 0.020000000000003126,
  "rise_time_sec": 0.4200000000000017,
  "settling_time_sec": null,
  "overshoot_ratio": 0.3769817986412507,
  "steady_state_yaw_rate_gain": 1.1570545989515821,
  "integral_tracking_error_rad": 0.5626873409036453
}
