{
  "schema_version": 1,
  "trial_id": "fixed_hot_m0p60_r6",
  "trial_type": "fixed_time",
  "thermal_state": "hot",
  "feedback_source": null,
  "ground_truth_used_for_control": false,
  "target_heading_rad": null,
  "feedback_heading_rad": null,
  "runner_complete": true,
  "error": null,
  "complete": true,
  "sample_count": 400,
  "duration_sec": 7.979999999999997,
  "target_yaw_rate_rad_s": -0.6,
  "requested_command_integral_rad": -4.782000000000017,
  "actual_output_command_integral_rad": -4.758000000000017,
  "ground_truth_yaw_delta_rad": -4.467878430621365,
  "raw_odom_yaw_delta_rad": -4.748999992045524,
  "imu_integrated_yaw_rad": -4.464210254289236,
  "ekf_yaw_delta_rad": -4.4540420424694585,
  "body_yaw_error_deg": 17.99784017942263,
  "request_to_output_delay_sec": 0.03999999999999915,
  "output_to_body_delay_sec": 0.060000000000002274,
  "rise_time_sec": 0.6199999999999974,
  "settling_time_sec": null,
  "overshoot_ratio": 0.3732018617232793,
  "steady_state_yaw_rate_gain": -6.952837347957319,
  "integral_tracking_error_rad": 8.36720767825817
}
