{
  "schema_version": 1,
  "trial_id": "fixed_hot_m0p45_r5",
  "trial_type": "fixed_time",
  "thermal_state": "hot",
  "feedback_source": null,
  "ground_truth_used_for_control": false,
  "target_heading_rad": null,
  "feedback_heading_rad": null,
  "runner_complete": true,
  "error": null,
  "complete": true,
  "sample_count": 399,
  "duration_sec": 7.960000000000001,
  "target_yaw_rate_rad_s": -0.45,
  "requested_command_integral_rad": -3.577499999999977,
  "actual_output_command_integral_rad": -3.5594999999999763,
  "ground_truth_yaw_delta_rad": -3.490939300538793,
  "raw_odom_yaw_delta_rad": -3.5527499920042453,
  "imu_integrated_yaw_rad": -3.4888693094887424,
  "ekf_yaw_delta_rad": -3.4731417979565435,
  "body_yaw_error_deg": 4.959562750826185,
  "request_to_output_delay_sec": 0.04000000000000625,
  "output_to_body_delay_sec": 0.03999999999999915,
  "rise_time_sec": 0.4399999999999977,
  "settling_time_sec": 7.799999999999997,
  "overshoot_ratio": 0.376591018836429,
  "steady_state_yaw_rate_gain": 1.1674672373205879,
  "integral_tracking_error_rad": 0.585334466342761
}
