{
  "schema_version": 1,
  "trial_id": "fixed_hot_m0p35_r0",
  "trial_type": "fixed_time",
  "thermal_state": "hot",
  "feedback_source": null,
  "ground_truth_used_for_control": false,
  "target_heading_rad": null,
  "feedback_heading_rad": null,
  "runner_complete": true,
  "error": null,
  "complete": true,
  "sample_count": 400,
  "duration_sec": 7.979999999999997,
  "target_yaw_rate_rad_s": -0.35,
  "requested_command_integral_rad": -2.789499999999993,
  "actual_output_command_integral_rad": -2.775499999999992,
  "ground_truth_yaw_delta_rad": -2.8236278948851847,
  "raw_odom_yaw_delta_rad": -2.7702499920077295,
  "imu_integrated_yaw_rad": -2.8222218171577538,
  "ekf_yaw_delta_rad": -2.817970660116964,
  "body_yaw_error_deg": 1.9553843405875835,
  "request_to_output_delay_sec": 0.04000000000000625,
  "output_to_body_delay_sec": 0.01999999999999602,
  "rise_time_sec": 0.21999999999999886,
  "settling_time_sec": null,
  "overshoot_ratio": 0.3788984821695842,
  "steady_state_yaw_rate_gain": 0.9072028581978792,
  "integral_tracking_error_rad": 0.4407688545333017
}
