{
  "schema_version": 1,
  "trial_id": "fixed_cold_m0p60_r4",
  "trial_type": "fixed_time",
  "thermal_state": "cold",
  "feedback_source": null,
  "ground_truth_used_for_control": false,
  "target_heading_rad": null,
  "feedback_heading_rad": null,
  "runner_complete": true,
  "error": null,
  "complete": true,
  "sample_count": 335,
  "duration_sec": 6.68,
  "target_yaw_rate_rad_s": -0.6,
  "requested_command_integral_rad": -4.007999999999976,
  "actual_output_command_integral_rad": -3.749999999999979,
  "ground_truth_yaw_delta_rad": -3.5508662609946957,
  "raw_odom_yaw_delta_rad": -3.746999993619731,
  "imu_integrated_yaw_rad": -3.549487647093574,
  "ekf_yaw_delta_rad": -3.538720161010213,
  "body_yaw_error_deg": 26.19183391803746,
  "request_to_output_delay_sec": 0.4400000000000013,
  "output_to_body_delay_sec": 0.05999999999999872,
  "rise_time_sec": 0.620000000000001,
  "settling_time_sec": 6.640000000000001,
  "overshoot_ratio": 0.3733276047906269,
  "steady_state_yaw_rate_gain": 1.1450550909758357,
  "integral_tracking_error_rad": 5.741638180652976
}
