{
  "schema_version": 1,
  "trial_id": "fixed_hot_0p35_r3",
  "trial_type": "fixed_time",
  "thermal_state": "hot",
  "feedback_source": null,
  "ground_truth_used_for_control": false,
  "target_heading_rad": null,
  "feedback_heading_rad": null,
  "runner_complete": true,
  "error": null,
  "complete": true,
  "sample_count": 400,
  "duration_sec": 7.979999999999997,
  "target_yaw_rate_rad_s": 0.35,
  "requested_command_integral_rad": 2.7929999999999926,
  "actual_output_command_integral_rad": 2.7684999999999933,
  "ground_truth_yaw_delta_rad": 2.73110088980745,
  "raw_odom_yaw_delta_rad": 2.7667499921000664,
  "imu_integrated_yaw_rad": 2.728434275739649,
  "ekf_yaw_delta_rad": 2.7250942288525657,
  "body_yaw_error_deg": 3.546557769647906,
  "request_to_output_delay_sec": 0.0799999999999983,
  "output_to_body_delay_sec": 0.01999999999999602,
  "rise_time_sec": 0.30000000000000426,
  "settling_time_sec": null,
  "overshoot_ratio": 0.3791585420273331,
  "steady_state_yaw_rate_gain": 0.8385925176352644,
  "integral_tracking_error_rad": 5.487602786592193
}
