{
  "schema_version": 1,
  "trial_id": "fixed_hot_0p25_r9",
  "trial_type": "fixed_time",
  "thermal_state": "hot",
  "feedback_source": null,
  "ground_truth_used_for_control": false,
  "target_heading_rad": null,
  "feedback_heading_rad": null,
  "runner_complete": true,
  "error": null,
  "complete": true,
  "sample_count": 400,
  "duration_sec": 7.979999999999997,
  "target_yaw_rate_rad_s": 0.25,
  "requested_command_integral_rad": 1.9924999999999997,
  "actual_output_command_integral_rad": 1.9825,
  "ground_truth_yaw_delta_rad": 1.945639355581447,
  "raw_odom_yaw_delta_rad": 1.981249992124257,
  "imu_integrated_yaw_rad": 1.945444243599876,
  "ekf_yaw_delta_rad": 1.9416429680294107,
  "body_yaw_error_deg": 2.6849171504463443,
  "request_to_output_delay_sec": 0.03999999999999915,
  "output_to_body_delay_sec": 0.020000000000003126,
  "rise_time_sec": 0.17999999999999972,
  "settling_time_sec": null,
  "overshoot_ratio": 0.3804979633748198,
  "steady_state_yaw_rate_gain": 0.9244276245605818,
  "integral_tracking_error_rad": 0.2853143668533606
}
