{
  "schema_version": 1,
  "trial_id": "fixed_hot_0p25_r3",
  "trial_type": "fixed_time",
  "thermal_state": "hot",
  "feedback_source": null,
  "ground_truth_used_for_control": false,
  "target_heading_rad": null,
  "feedback_heading_rad": null,
  "runner_complete": true,
  "error": null,
  "complete": true,
  "sample_count": 400,
  "duration_sec": 7.979999999999997,
  "target_yaw_rate_rad_s": 0.25,
  "requested_command_integral_rad": 1.9924999999999997,
  "actual_output_command_integral_rad": 1.9874999999999998,
  "ground_truth_yaw_delta_rad": 1.9829107649521907,
  "raw_odom_yaw_delta_rad": 1.9787499919757239,
  "imu_integrated_yaw_rad": 1.981571536498623,
  "ekf_yaw_delta_rad": 1.9782701147147677,
  "body_yaw_error_deg": 0.5494226969983895,
  "request_to_output_delay_sec": 0.020000000000003126,
  "output_to_body_delay_sec": 0.03999999999999915,
  "rise_time_sec": 0.240000000000002,
  "settling_time_sec": null,
  "overshoot_ratio": 0.3804166267703881,
  "steady_state_yaw_rate_gain": 1.090953433829238,
  "integral_tracking_error_rad": 0.30061538443424274
}
