{
  "schema_version": 1,
  "trial_id": "fixed_cold_0p25_r1",
  "trial_type": "fixed_time",
  "thermal_state": "cold",
  "feedback_source": null,
  "ground_truth_used_for_control": false,
  "target_heading_rad": null,
  "feedback_heading_rad": null,
  "runner_complete": true,
  "error": null,
  "complete": true,
  "sample_count": 401,
  "duration_sec": 8.0,
  "target_yaw_rate_rad_s": 0.25,
  "requested_command_integral_rad": 1.9975,
  "actual_output_command_integral_rad": 1.9874999999999998,
  "ground_truth_yaw_delta_rad": 2.003523178589586,
  "raw_odom_yaw_delta_rad": 1.9837499919055288,
  "imu_integrated_yaw_rad": 2.0019919919655136,
  "ekf_yaw_delta_rad": 1.9985607669521421,
  "body_yaw_error_deg": 0.3451027124368445,
  "request_to_output_delay_sec": 0.040000000000000924,
  "output_to_body_delay_sec": 0.0600000000000005,
  "rise_time_sec": 0.2599999999999998,
  "settling_time_sec": 7.739999999999998,
  "overshoot_ratio": 0.3811897228082459,
  "steady_state_yaw_rate_gain": 1.181743939592858,
  "integral_tracking_error_rad": 0.32495662910300355
}
