{
  "schema_version": 1,
  "trial_id": "fixed_cold_m0p25_r9",
  "trial_type": "fixed_time",
  "thermal_state": "cold",
  "feedback_source": null,
  "ground_truth_used_for_control": false,
  "target_heading_rad": null,
  "feedback_heading_rad": null,
  "runner_complete": true,
  "error": null,
  "complete": true,
  "sample_count": 400,
  "duration_sec": 7.98,
  "target_yaw_rate_rad_s": -0.25,
  "requested_command_integral_rad": -1.9925000000000002,
  "actual_output_command_integral_rad": -1.9825,
  "ground_truth_yaw_delta_rad": -1.9985566671583854,
  "raw_odom_yaw_delta_rad": -1.9787499919258598,
  "imu_integrated_yaw_rad": -1.9972244643126496,
  "ekf_yaw_delta_rad": -1.993575746496565,
  "body_yaw_error_deg": 0.347021466090969,
  "request_to_output_delay_sec": 0.0400000000000027,
  "output_to_body_delay_sec": 0.05999999999999872,
  "rise_time_sec": 0.26000000000000156,
  "settling_time_sec": 7.740000000000002,
  "overshoot_ratio": 0.38118972284955244,
  "steady_state_yaw_rate_gain": 1.1840646644160069,
  "integral_tracking_error_rad": 0.3249463742081211
}
