{
  "schema_version": 1,
  "trial_id": "fixed_hot_m0p10_r0",
  "trial_type": "fixed_time",
  "thermal_state": "hot",
  "feedback_source": null,
  "ground_truth_used_for_control": false,
  "target_heading_rad": null,
  "feedback_heading_rad": null,
  "runner_complete": true,
  "error": null,
  "complete": true,
  "sample_count": 400,
  "duration_sec": 7.979999999999997,
  "target_yaw_rate_rad_s": -0.1,
  "requested_command_integral_rad": -0.7970000000000009,
  "actual_output_command_integral_rad": -0.795000000000001,
  "ground_truth_yaw_delta_rad": -0.756431287195686,
  "raw_odom_yaw_delta_rad": -0.7934999922978283,
  "imu_integrated_yaw_rad": -0.7559087681747476,
  "ekf_yaw_delta_rad": -0.7538842370921885,
  "body_yaw_error_deg": 2.3244160239655893,
  "request_to_output_delay_sec": 0.020000000000003126,
  "output_to_body_delay_sec": 0.020000000000003126,
  "rise_time_sec": 3.6599999999999966,
  "settling_time_sec": null,
  "overshoot_ratio": 0.27102216295162296,
  "steady_state_yaw_rate_gain": 1.181176536509218,
  "integral_tracking_error_rad": 0.11106689978416712
}
