{
  "schema_version": 1,
  "trial_id": "fixed_hot_0p60_r8",
  "trial_type": "fixed_time",
  "thermal_state": "hot",
  "feedback_source": null,
  "ground_truth_used_for_control": false,
  "target_heading_rad": null,
  "feedback_heading_rad": null,
  "runner_complete": true,
  "error": null,
  "complete": true,
  "sample_count": 400,
  "duration_sec": 7.979999999999997,
  "target_yaw_rate_rad_s": 0.6,
  "requested_command_integral_rad": 4.782000000000017,
  "actual_output_command_integral_rad": 4.7700000000000164,
  "ground_truth_yaw_delta_rad": 4.544797341022539,
  "raw_odom_yaw_delta_rad": 4.742999992058272,
  "imu_integrated_yaw_rad": 4.540545886748799,
  "ekf_yaw_delta_rad": 4.531864478015476,
  "body_yaw_error_deg": 13.590711248690427,
  "request_to_output_delay_sec": 0.020000000000003126,
  "output_to_body_delay_sec": 0.060000000000002274,
  "rise_time_sec": 0.5599999999999952,
  "settling_time_sec": null,
  "overshoot_ratio": 0.374128777058927,
  "steady_state_yaw_rate_gain": 0.8913696938937427,
  "integral_tracking_error_rad": 0.7901060252747193
}
