{
  "schema_version": 1,
  "trial_id": "fixed_cold_m0p25_r1",
  "trial_type": "fixed_time",
  "thermal_state": "cold",
  "feedback_source": null,
  "ground_truth_used_for_control": false,
  "target_heading_rad": null,
  "feedback_heading_rad": null,
  "runner_complete": true,
  "error": null,
  "complete": true,
  "sample_count": 400,
  "duration_sec": 7.98,
  "target_yaw_rate_rad_s": -0.25,
  "requested_command_integral_rad": -1.9925000000000002,
  "actual_output_command_integral_rad": -1.9825000000000004,
  "ground_truth_yaw_delta_rad": -1.9985566671458421,
  "raw_odom_yaw_delta_rad": -1.9787499919258595,
  "imu_integrated_yaw_rad": -1.9973045645239298,
  "ekf_yaw_delta_rad": -1.993575746483975,
  "body_yaw_error_deg": 0.34702146537229084,
  "request_to_output_delay_sec": 0.03999999999999915,
  "output_to_body_delay_sec": 0.0600000000000005,
  "rise_time_sec": 0.2599999999999998,
  "settling_time_sec": 7.739999999999998,
  "overshoot_ratio": 0.38118972278797947,
  "steady_state_yaw_rate_gain": 1.1840646644085044,
  "integral_tracking_error_rad": 0.3249463742140215
}
