{
  "schema_version": 1,
  "trial_id": "fixed_hot_m0p45_r7",
  "trial_type": "fixed_time",
  "thermal_state": "hot",
  "feedback_source": null,
  "ground_truth_used_for_control": false,
  "target_heading_rad": null,
  "feedback_heading_rad": null,
  "runner_complete": true,
  "error": null,
  "complete": true,
  "sample_count": 400,
  "duration_sec": 7.979999999999997,
  "target_yaw_rate_rad_s": -0.45,
  "requested_command_integral_rad": -3.586499999999975,
  "actual_output_command_integral_rad": -3.5684999999999745,
  "ground_truth_yaw_delta_rad": -3.4992085051094555,
  "raw_odom_yaw_delta_rad": -3.5617499919823343,
  "imu_integrated_yaw_rad": -3.4985255143060634,
  "ekf_yaw_delta_rad": -3.490363446342668,
  "body_yaw_error_deg": 5.001434244614568,
  "request_to_output_delay_sec": 0.04000000000000625,
  "output_to_body_delay_sec": 0.03999999999999915,
  "rise_time_sec": 0.46000000000000085,
  "settling_time_sec": 7.82,
  "overshoot_ratio": 0.3766813433431069,
  "steady_state_yaw_rate_gain": 1.1673674927335995,
  "integral_tracking_error_rad": 0.5872988467243393
}
