{
  "schema_version": 1,
  "trial_id": "fixed_hot_m0p35_r3",
  "trial_type": "fixed_time",
  "thermal_state": "hot",
  "feedback_source": null,
  "ground_truth_used_for_control": false,
  "target_heading_rad": null,
  "feedback_heading_rad": null,
  "runner_complete": true,
  "error": null,
  "complete": true,
  "sample_count": 400,
  "duration_sec": 7.979999999999997,
  "target_yaw_rate_rad_s": -0.35,
  "requested_command_integral_rad": -2.7929999999999926,
  "actual_output_command_integral_rad": -2.782499999999993,
  "ground_truth_yaw_delta_rad": -2.8320576161702338,
  "raw_odom_yaw_delta_rad": -2.7807499919825336,
  "imu_integrated_yaw_rad": -2.8320945609192427,
  "ekf_yaw_delta_rad": -2.8264527652843925,
  "body_yaw_error_deg": 2.237836564396737,
  "request_to_output_delay_sec": 0.03999999999999915,
  "output_to_body_delay_sec": 0.01999999999999602,
  "rise_time_sec": 0.20000000000000284,
  "settling_time_sec": null,
  "overshoot_ratio": 0.37904755542071933,
  "steady_state_yaw_rate_gain": 0.9018079131446828,
  "integral_tracking_error_rad": 0.43934781149896457
}
