{
  "schema_version": 1,
  "trial_id": "fixed_cold_0p25_r4",
  "trial_type": "fixed_time",
  "thermal_state": "cold",
  "feedback_source": null,
  "ground_truth_used_for_control": false,
  "target_heading_rad": null,
  "feedback_heading_rad": null,
  "runner_complete": true,
  "error": null,
  "complete": true,
  "sample_count": 401,
  "duration_sec": 8.000000000000002,
  "target_yaw_rate_rad_s": 0.25,
  "requested_command_integral_rad": 1.9925000000000002,
  "actual_output_command_integral_rad": 1.9825000000000004,
  "ground_truth_yaw_delta_rad": 2.001042232367678,
  "raw_odom_yaw_delta_rad": 1.981249991915687,
  "imu_integrated_yaw_rad": 2.000666391016716,
  "ekf_yaw_delta_rad": 1.996070581554302,
  "body_yaw_error_deg": 0.4894338622879833,
  "request_to_output_delay_sec": 0.03999999999999915,
  "output_to_body_delay_sec": 0.040000000000000924,
  "rise_time_sec": 0.2599999999999998,
  "settling_time_sec": 7.74,
  "overshoot_ratio": 0.38057146410673326,
  "steady_state_yaw_rate_gain": 1.1837874228233503,
  "integral_tracking_error_rad": 0.3223844172104991
}
