{
  "schema_version": 1,
  "trial_id": "fixed_hot_m0p10_r8",
  "trial_type": "fixed_time",
  "thermal_state": "hot",
  "feedback_source": null,
  "ground_truth_used_for_control": false,
  "target_heading_rad": null,
  "feedback_heading_rad": null,
  "runner_complete": true,
  "error": null,
  "complete": true,
  "sample_count": 400,
  "duration_sec": 7.979999999999997,
  "target_yaw_rate_rad_s": -0.1,
  "requested_command_integral_rad": -0.7970000000000009,
  "actual_output_command_integral_rad": -0.7930000000000007,
  "ground_truth_yaw_delta_rad": -0.7635857745629923,
  "raw_odom_yaw_delta_rad": -0.791499992268616,
  "imu_integrated_yaw_rad": -0.7629939539346726,
  "ekf_yaw_delta_rad": -0.7609920188099515,
  "body_yaw_error_deg": 1.9144940932392756,
  "request_to_output_delay_sec": 0.04000000000000625,
  "output_to_body_delay_sec": 0.01999999999999602,
  "rise_time_sec": 3.460000000000001,
  "settling_time_sec": null,
  "overshoot_ratio": 0.294246949988509,
  "steady_state_yaw_rate_gain": 1.2003959848725483,
  "integral_tracking_error_rad": 0.11187000733521119
}
