{
  "schema_version": 1,
  "trial_id": "fixed_hot_m0p35_r6",
  "trial_type": "fixed_time",
  "thermal_state": "hot",
  "feedback_source": null,
  "ground_truth_used_for_control": false,
  "target_heading_rad": null,
  "feedback_heading_rad": null,
  "runner_complete": true,
  "error": null,
  "complete": true,
  "sample_count": 400,
  "duration_sec": 7.979999999999997,
  "target_yaw_rate_rad_s": -0.35,
  "requested_command_integral_rad": -2.789499999999992,
  "actual_output_command_integral_rad": -2.7684999999999924,
  "ground_truth_yaw_delta_rad": -2.780008882097896,
  "raw_odom_yaw_delta_rad": -2.766749992064668,
  "imu_integrated_yaw_rad": -2.7785848528555,
  "ekf_yaw_delta_rad": -2.774336744743129,
  "body_yaw_error_deg": 0.5438009986511483,
  "request_to_output_delay_sec": 0.05999999999999517,
  "output_to_body_delay_sec": 0.020000000000003126,
  "rise_time_sec": 0.240000000000002,
  "settling_time_sec": null,
  "overshoot_ratio": 0.3791585820321248,
  "steady_state_yaw_rate_gain": 0.8616313291159463,
  "integral_tracking_error_rad": 0.45638121355345096
}
