{
  "schema_version": 1,
  "trial_id": "fixed_hot_m0p60_r3",
  "trial_type": "fixed_time",
  "thermal_state": "hot",
  "feedback_source": null,
  "ground_truth_used_for_control": false,
  "target_heading_rad": null,
  "feedback_heading_rad": null,
  "runner_complete": true,
  "error": null,
  "complete": true,
  "sample_count": 402,
  "duration_sec": 8.020000000000003,
  "target_yaw_rate_rad_s": -0.6,
  "requested_command_integral_rad": -4.806000000000019,
  "actual_output_command_integral_rad": -4.7700000000000164,
  "ground_truth_yaw_delta_rad": -4.56774116900462,
  "raw_odom_yaw_delta_rad": -4.7609999920258215,
  "imu_integrated_yaw_rad": -4.5649138132615,
  "ekf_yaw_delta_rad": -4.541691969624452,
  "body_yaw_error_deg": 13.651225447757113,
  "request_to_output_delay_sec": 0.060000000000002274,
  "output_to_body_delay_sec": 0.01999999999999602,
  "rise_time_sec": 0.5399999999999991,
  "settling_time_sec": null,
  "overshoot_ratio": 0.3741207684829957,
  "steady_state_yaw_rate_gain": -4.277415427604886,
  "integral_tracking_error_rad": 5.798405065078588
}
