{
  "schema_version": 1,
  "trial_id": "fixed_cold_m0p25_r2",
  "trial_type": "fixed_time",
  "thermal_state": "cold",
  "feedback_source": null,
  "ground_truth_used_for_control": false,
  "target_heading_rad": null,
  "feedback_heading_rad": null,
  "runner_complete": true,
  "error": null,
  "complete": true,
  "sample_count": 401,
  "duration_sec": 7.999999999999998,
  "target_yaw_rate_rad_s": -0.25,
  "requested_command_integral_rad": -1.9974999999999996,
  "actual_output_command_integral_rad": -1.9874999999999996,
  "ground_truth_yaw_delta_rad": -2.0035231786168746,
  "raw_odom_yaw_delta_rad": -1.9837499919055288,
  "imu_integrated_yaw_rad": -2.0009694961515505,
  "ekf_yaw_delta_rad": -1.9935757465316468,
  "body_yaw_error_deg": 0.34510271400037973,
  "request_to_output_delay_sec": 0.040000000000000924,
  "output_to_body_delay_sec": 0.05999999999999872,
  "rise_time_sec": 0.2599999999999998,
  "settling_time_sec": 7.74,
  "overshoot_ratio": 0.38118972282915253,
  "steady_state_yaw_rate_gain": 1.181743939558273,
  "integral_tracking_error_rad": 0.32495662909292394
}
