{
  "schema_version": 1,
  "trial_id": "fixed_cold_m0p60_r3",
  "trial_type": "fixed_time",
  "thermal_state": "cold",
  "feedback_source": null,
  "ground_truth_used_for_control": false,
  "target_heading_rad": null,
  "feedback_heading_rad": null,
  "runner_complete": true,
  "error": null,
  "complete": true,
  "sample_count": 400,
  "duration_sec": 7.979999999999999,
  "target_yaw_rate_rad_s": -0.6,
  "requested_command_integral_rad": -4.78199999999997,
  "actual_output_command_integral_rad": -4.745999999999969,
  "ground_truth_yaw_delta_rad": -4.447486613418891,
  "raw_odom_yaw_delta_rad": -4.742999992054714,
  "imu_integrated_yaw_rad": -4.4431693722088115,
  "ekf_yaw_delta_rad": -4.434064764422678,
  "body_yaw_error_deg": 19.166205241723947,
  "request_to_output_delay_sec": 0.0600000000000005,
  "output_to_body_delay_sec": 0.05999999999999872,
  "rise_time_sec": 0.6199999999999992,
  "settling_time_sec": null,
  "overshoot_ratio": 0.37332760475408366,
  "steady_state_yaw_rate_gain": 0.8954472978255287,
  "integral_tracking_error_rad": 5.856673897711383
}
