{
  "schema_version": 1,
  "trial_id": "fixed_hot_m0p60_r2",
  "trial_type": "fixed_time",
  "thermal_state": "hot",
  "feedback_source": null,
  "ground_truth_used_for_control": false,
  "target_heading_rad": null,
  "feedback_heading_rad": null,
  "runner_complete": true,
  "error": null,
  "complete": true,
  "sample_count": 399,
  "duration_sec": 7.960000000000001,
  "target_yaw_rate_rad_s": -0.6,
  "requested_command_integral_rad": -4.7700000000000164,
  "actual_output_command_integral_rad": -4.746000000000016,
  "ground_truth_yaw_delta_rad": -4.464009437775037,
  "raw_odom_yaw_delta_rad": -4.73699999206891,
  "imu_integrated_yaw_rad": -4.458536923654546,
  "ekf_yaw_delta_rad": -4.45008802164312,
  "body_yaw_error_deg": 17.531967786326543,
  "request_to_output_delay_sec": 0.03999999999999915,
  "output_to_body_delay_sec": 0.05999999999999517,
  "rise_time_sec": 0.6199999999999974,
  "settling_time_sec": null,
  "overshoot_ratio": 0.3741208526736324,
  "steady_state_yaw_rate_gain": -4.333464826343945,
  "integral_tracking_error_rad": 5.845876259304495
}
