{
  "schema_version": 1,
  "trial_id": "fixed_hot_0p25_r6",
  "trial_type": "fixed_time",
  "thermal_state": "hot",
  "feedback_source": null,
  "ground_truth_used_for_control": false,
  "target_heading_rad": null,
  "feedback_heading_rad": null,
  "runner_complete": true,
  "error": null,
  "complete": true,
  "sample_count": 400,
  "duration_sec": 7.979999999999997,
  "target_yaw_rate_rad_s": 0.25,
  "requested_command_integral_rad": 1.9949999999999992,
  "actual_output_command_integral_rad": 1.9874999999999998,
  "ground_truth_yaw_delta_rad": 1.9423400941635296,
  "raw_odom_yaw_delta_rad": 1.9862499921403227,
  "imu_integrated_yaw_rad": 1.9399016977585484,
  "ekf_yaw_delta_rad": 1.9384225217628919,
  "body_yaw_error_deg": 3.0171903539860403,
  "request_to_output_delay_sec": 0.03999999999999915,
  "output_to_body_delay_sec": 0.01999999999999602,
  "rise_time_sec": 0.17999999999999972,
  "settling_time_sec": null,
  "overshoot_ratio": 0.38118988412645893,
  "steady_state_yaw_rate_gain": 0.8965097036772107,
  "integral_tracking_error_rad": 0.2917833574667163
}
