{
  "schema_version": 1,
  "trial_id": "fixed_hot_0p35_r4",
  "trial_type": "fixed_time",
  "thermal_state": "hot",
  "feedback_source": null,
  "ground_truth_used_for_control": false,
  "target_heading_rad": null,
  "feedback_heading_rad": null,
  "runner_complete": true,
  "error": null,
  "complete": true,
  "sample_count": 400,
  "duration_sec": 7.980000000000004,
  "target_yaw_rate_rad_s": 0.35,
  "requested_command_integral_rad": 2.789499999999994,
  "actual_output_command_integral_rad": 2.7684999999999933,
  "ground_truth_yaw_delta_rad": 2.724641947288366,
  "raw_odom_yaw_delta_rad": 2.76674999210356,
  "imu_integrated_yaw_rad": 2.7238995886714896,
  "ekf_yaw_delta_rad": 2.7185975923239774,
  "body_yaw_error_deg": 3.716092687813311,
  "request_to_output_delay_sec": 0.060000000000002274,
  "output_to_body_delay_sec": 0.01999999999999602,
  "rise_time_sec": 0.30000000000000426,
  "settling_time_sec": null,
  "overshoot_ratio": 0.3788499641698244,
  "steady_state_yaw_rate_gain": 0.8370553234382604,
  "integral_tracking_error_rad": 5.487202078268524
}
