{
  "schema_version": 1,
  "trial_id": "fixed_cold_m0p10_r9",
  "trial_type": "fixed_time",
  "thermal_state": "cold",
  "feedback_source": null,
  "ground_truth_used_for_control": false,
  "target_heading_rad": null,
  "feedback_heading_rad": null,
  "runner_complete": true,
  "error": null,
  "complete": true,
  "sample_count": 400,
  "duration_sec": 7.979999999999999,
  "target_yaw_rate_rad_s": -0.1,
  "requested_command_integral_rad": -0.7970000000000048,
  "actual_output_command_integral_rad": -0.7930000000000046,
  "ground_truth_yaw_delta_rad": -0.7894983781266761,
  "raw_odom_yaw_delta_rad": -0.7924999920795217,
  "imu_integrated_yaw_rad": -0.7894240155204186,
  "ekf_yaw_delta_rad": -0.7878548910527098,
  "body_yaw_error_deg": 0.42981127284475684,
  "request_to_output_delay_sec": 0.040000000000000924,
  "output_to_body_delay_sec": 0.019999999999999574,
  "rise_time_sec": 0.10000000000000142,
  "settling_time_sec": null,
  "overshoot_ratio": 0.36822586820725745,
  "steady_state_yaw_rate_gain": 0.8040360083649634,
  "integral_tracking_error_rad": 0.12147159048380154
}
