{
  "schema_version": 1,
  "trial_id": "fixed_hot_m0p60_r5",
  "trial_type": "fixed_time",
  "thermal_state": "hot",
  "feedback_source": null,
  "ground_truth_used_for_control": false,
  "target_heading_rad": null,
  "feedback_heading_rad": null,
  "runner_complete": true,
  "error": null,
  "complete": true,
  "sample_count": 400,
  "duration_sec": 7.980000000000004,
  "target_yaw_rate_rad_s": -0.6,
  "requested_command_integral_rad": -4.782000000000019,
  "actual_output_command_integral_rad": -4.758000000000019,
  "ground_truth_yaw_delta_rad": -4.469955973086009,
  "raw_odom_yaw_delta_rad": -4.754999992033861,
  "imu_integrated_yaw_rad": -4.467988766566054,
  "ekf_yaw_delta_rad": -4.456157332445104,
  "body_yaw_error_deg": 17.878805764439438,
  "request_to_output_delay_sec": 0.03999999999999915,
  "output_to_body_delay_sec": 0.060000000000002274,
  "rise_time_sec": 0.6199999999999974,
  "settling_time_sec": null,
  "overshoot_ratio": 0.3738514444238561,
  "steady_state_yaw_rate_gain": -4.335439462534918,
  "integral_tracking_error_rad": 5.8519087063072055
}
