{
  "schema_version": 1,
  "trial_id": "fixed_hot_0p45_r4",
  "trial_type": "fixed_time",
  "thermal_state": "hot",
  "feedback_source": null,
  "ground_truth_used_for_control": false,
  "target_heading_rad": null,
  "feedback_heading_rad": null,
  "runner_complete": true,
  "error": null,
  "complete": true,
  "sample_count": 400,
  "duration_sec": 7.980000000000004,
  "target_yaw_rate_rad_s": 0.45,
  "requested_command_integral_rad": 3.586499999999977,
  "actual_output_command_integral_rad": 3.5774999999999775,
  "ground_truth_yaw_delta_rad": 3.517115754642978,
  "raw_odom_yaw_delta_rad": 3.57074999202121,
  "imu_integrated_yaw_rad": 3.511556808530836,
  "ekf_yaw_delta_rad": 3.5012584579142696,
  "body_yaw_error_deg": 3.9754244236562237,
  "request_to_output_delay_sec": 0.01999999999999602,
  "output_to_body_delay_sec": 0.020000000000003126,
  "rise_time_sec": 0.38000000000000256,
  "settling_time_sec": null,
  "overshoot_ratio": 0.3768439599625224,
  "steady_state_yaw_rate_gain": 1.1344498825390563,
  "integral_tracking_error_rad": 5.583432002371087
}
