{
  "schema_version": 1,
  "trial_id": "fixed_cold_m0p25_r8",
  "trial_type": "fixed_time",
  "thermal_state": "cold",
  "feedback_source": null,
  "ground_truth_used_for_control": false,
  "target_heading_rad": null,
  "feedback_heading_rad": null,
  "runner_complete": true,
  "error": null,
  "complete": true,
  "sample_count": 400,
  "duration_sec": 7.98,
  "target_yaw_rate_rad_s": -0.25,
  "requested_command_integral_rad": -1.9925000000000002,
  "actual_output_command_integral_rad": -1.9874999999999998,
  "ground_truth_yaw_delta_rad": -2.0059995211651,
  "raw_odom_yaw_delta_rad": -1.986249991895378,
  "imu_integrated_yaw_rad": -2.0055994393552172,
  "ekf_yaw_delta_rad": -2.0010463183059635,
  "body_yaw_error_deg": 0.7734655882077517,
  "request_to_output_delay_sec": 0.020000000000003126,
  "output_to_body_delay_sec": 0.03999999999999915,
  "rise_time_sec": 0.259999999999998,
  "settling_time_sec": 7.700000000000003,
  "overshoot_ratio": 0.38057146408598164,
  "steady_state_yaw_rate_gain": 1.1777093380385533,
  "integral_tracking_error_rad": 0.3224039719930388
}
