{
  "schema_version": 1,
  "trial_id": "fixed_hot_0p60_r5",
  "trial_type": "fixed_time",
  "thermal_state": "hot",
  "feedback_source": null,
  "ground_truth_used_for_control": false,
  "target_heading_rad": null,
  "feedback_heading_rad": null,
  "runner_complete": true,
  "error": null,
  "complete": true,
  "sample_count": 400,
  "duration_sec": 7.980000000000004,
  "target_yaw_rate_rad_s": 0.6,
  "requested_command_integral_rad": 4.782000000000019,
  "actual_output_command_integral_rad": 4.746000000000019,
  "ground_truth_yaw_delta_rad": 4.56440308636749,
  "raw_odom_yaw_delta_rad": 4.742999992059809,
  "imu_integrated_yaw_rad": 4.560917368130143,
  "ekf_yaw_delta_rad": 4.551594708233056,
  "body_yaw_error_deg": 12.467384786216604,
  "request_to_output_delay_sec": 0.05999999999999517,
  "output_to_body_delay_sec": 0.020000000000003126,
  "rise_time_sec": 0.5200000000000031,
  "settling_time_sec": null,
  "overshoot_ratio": 0.3741298119365557,
  "steady_state_yaw_rate_gain": 0.890873435284361,
  "integral_tracking_error_rad": 0.7576748651842062
}
