{
  "schema_version": 1,
  "trial_id": "fixed_cold_0p45_r1",
  "trial_type": "fixed_time",
  "thermal_state": "cold",
  "feedback_source": null,
  "ground_truth_used_for_control": false,
  "target_heading_rad": null,
  "feedback_heading_rad": null,
  "runner_complete": true,
  "error": null,
  "complete": true,
  "sample_count": 401,
  "duration_sec": 8.000000000000002,
  "target_yaw_rate_rad_s": 0.45,
  "requested_command_integral_rad": 3.5865000000000187,
  "actual_output_command_integral_rad": 3.5685000000000184,
  "ground_truth_yaw_delta_rad": 3.4797977743887327,
  "raw_odom_yaw_delta_rad": 3.561749991957411,
  "imu_integrated_yaw_rad": 3.4790068008576367,
  "ekf_yaw_delta_rad": 3.470200341355269,
  "body_yaw_error_deg": 6.113587192179406,
  "request_to_output_delay_sec": 0.03999999999999915,
  "output_to_body_delay_sec": 0.0600000000000005,
  "rise_time_sec": 0.4599999999999991,
  "settling_time_sec": null,
  "overshoot_ratio": 0.377040987376406,
  "steady_state_yaw_rate_gain": 1.1570017621939839,
  "integral_tracking_error_rad": 0.6258231449739708
}
