{
  "schema_version": 1,
  "trial_id": "fixed_hot_m0p35_r5",
  "trial_type": "fixed_time",
  "thermal_state": "hot",
  "feedback_source": null,
  "ground_truth_used_for_control": false,
  "target_heading_rad": null,
  "feedback_heading_rad": null,
  "runner_complete": true,
  "error": null,
  "complete": true,
  "sample_count": 400,
  "duration_sec": 7.980000000000004,
  "target_yaw_rate_rad_s": -0.35,
  "requested_command_integral_rad": -2.792999999999995,
  "actual_output_command_integral_rad": -2.7684999999999946,
  "ground_truth_yaw_delta_rad": -2.809836876942371,
  "raw_odom_yaw_delta_rad": -2.756249992053052,
  "imu_integrated_yaw_rad": -2.809422576276172,
  "ekf_yaw_delta_rad": -2.8042661685613903,
  "body_yaw_error_deg": 0.9646819889792819,
  "request_to_output_delay_sec": 0.0799999999999983,
  "output_to_body_delay_sec": 0.020000000000003126,
  "rise_time_sec": 0.21999999999999886,
  "settling_time_sec": null,
  "overshoot_ratio": 0.3790069627669177,
  "steady_state_yaw_rate_gain": 0.8981689937805836,
  "integral_tracking_error_rad": 0.44482898495797757
}
