{
  "schema_version": 1,
  "trial_id": "fixed_hot_0p45_r8",
  "trial_type": "fixed_time",
  "thermal_state": "hot",
  "feedback_source": null,
  "ground_truth_used_for_control": false,
  "target_heading_rad": null,
  "feedback_heading_rad": null,
  "runner_complete": true,
  "error": null,
  "complete": true,
  "sample_count": 400,
  "duration_sec": 7.979999999999997,
  "target_yaw_rate_rad_s": 0.45,
  "requested_command_integral_rad": 3.586499999999974,
  "actual_output_command_integral_rad": 3.559499999999975,
  "ground_truth_yaw_delta_rad": 3.4853200429347284,
  "raw_odom_yaw_delta_rad": 3.557249991977927,
  "imu_integrated_yaw_rad": 3.4836549269774766,
  "ekf_yaw_delta_rad": 3.4760663031254757,
  "body_yaw_error_deg": 5.797184511153437,
  "request_to_output_delay_sec": 0.05999999999999517,
  "output_to_body_delay_sec": 0.03999999999999915,
  "rise_time_sec": 0.46000000000000085,
  "settling_time_sec": 7.939999999999998,
  "overshoot_ratio": 0.3771381210642972,
  "steady_state_yaw_rate_gain": 1.1660328817686618,
  "integral_tracking_error_rad": 8.14264356489413
}
