{
  "schema_version": 1,
  "trial_id": "fixed_cold_0p60_r6",
  "trial_type": "fixed_time",
  "thermal_state": "cold",
  "feedback_source": null,
  "ground_truth_used_for_control": false,
  "target_heading_rad": null,
  "feedback_heading_rad": null,
  "runner_complete": true,
  "error": null,
  "complete": true,
  "sample_count": 401,
  "duration_sec": 8.000000000000002,
  "target_yaw_rate_rad_s": 0.6,
  "requested_command_integral_rad": 4.78199999999997,
  "actual_output_command_integral_rad": 4.757999999999971,
  "ground_truth_yaw_delta_rad": 4.454234371297617,
  "raw_odom_yaw_delta_rad": 4.748999992043683,
  "imu_integrated_yaw_rad": 4.4510662914326415,
  "ekf_yaw_delta_rad": 4.440744655300311,
  "body_yaw_error_deg": 18.77958719409681,
  "request_to_output_delay_sec": 0.03999999999999915,
  "output_to_body_delay_sec": 0.08000000000000007,
  "rise_time_sec": 0.6199999999999992,
  "settling_time_sec": null,
  "overshoot_ratio": 0.3741220338756299,
  "steady_state_yaw_rate_gain": -4.27394529613535,
  "integral_tracking_error_rad": 5.863284111686283
}
