{
  "schema_version": 1,
  "trial_id": "fixed_hot_0p35_r7",
  "trial_type": "fixed_time",
  "thermal_state": "hot",
  "feedback_source": null,
  "ground_truth_used_for_control": false,
  "target_heading_rad": null,
  "feedback_heading_rad": null,
  "runner_complete": true,
  "error": null,
  "complete": true,
  "sample_count": 399,
  "duration_sec": 7.959999999999994,
  "target_yaw_rate_rad_s": 0.35,
  "requested_command_integral_rad": 2.782499999999992,
  "actual_output_command_integral_rad": 2.7684999999999924,
  "ground_truth_yaw_delta_rad": 2.725911123503635,
  "raw_odom_yaw_delta_rad": 2.7667499921029095,
  "imu_integrated_yaw_rad": 2.7260023012260035,
  "ekf_yaw_delta_rad": 2.719874046522243,
  "body_yaw_error_deg": 3.2423037906283376,
  "request_to_output_delay_sec": 0.03999999999999915,
  "output_to_body_delay_sec": 0.020000000000003126,
  "rise_time_sec": 0.29999999999999716,
  "settling_time_sec": null,
  "overshoot_ratio": 0.37915832636699043,
  "steady_state_yaw_rate_gain": 0.8373379009891331,
  "integral_tracking_error_rad": 5.4872741794960325
}
