{
  "schema_version": 1,
  "trial_id": "fixed_hot_0p60_r3",
  "trial_type": "fixed_time",
  "thermal_state": "hot",
  "feedback_source": null,
  "ground_truth_used_for_control": false,
  "target_heading_rad": null,
  "feedback_heading_rad": null,
  "runner_complete": true,
  "error": null,
  "complete": true,
  "sample_count": 400,
  "duration_sec": 7.979999999999997,
  "target_yaw_rate_rad_s": 0.6,
  "requested_command_integral_rad": 4.782000000000016,
  "actual_output_command_integral_rad": 4.734000000000013,
  "ground_truth_yaw_delta_rad": 4.530485266969409,
  "raw_odom_yaw_delta_rad": 4.724999992091066,
  "imu_integrated_yaw_rad": 4.526089621540587,
  "ekf_yaw_delta_rad": 4.5177658646582,
  "body_yaw_error_deg": 14.410732688013429,
  "request_to_output_delay_sec": 0.0800000000000054,
  "output_to_body_delay_sec": 0.01999999999999602,
  "rise_time_sec": 0.5399999999999991,
  "settling_time_sec": null,
  "overshoot_ratio": 0.3741228755453896,
  "steady_state_yaw_rate_gain": 0.890665016051964,
  "integral_tracking_error_rad": 0.768725283744342
}
