{
  "schema_version": 1,
  "trial_id": "fixed_hot_0p45_r2",
  "trial_type": "fixed_time",
  "thermal_state": "hot",
  "feedback_source": null,
  "ground_truth_used_for_control": false,
  "target_heading_rad": null,
  "feedback_heading_rad": null,
  "runner_complete": true,
  "error": null,
  "complete": true,
  "sample_count": 400,
  "duration_sec": 7.979999999999997,
  "target_yaw_rate_rad_s": 0.45,
  "requested_command_integral_rad": 3.5864999999999756,
  "actual_output_command_integral_rad": 3.5684999999999762,
  "ground_truth_yaw_delta_rad": 3.512926018014715,
  "raw_odom_yaw_delta_rad": 3.5662499920249946,
  "imu_integrated_yaw_rad": 3.5122330743969727,
  "ekf_yaw_delta_rad": 3.5049342686377294,
  "body_yaw_error_deg": 4.215478649726992,
  "request_to_output_delay_sec": 0.03999999999999915,
  "output_to_body_delay_sec": 0.020000000000003126,
  "rise_time_sec": 0.37999999999999545,
  "settling_time_sec": null,
  "overshoot_ratio": 0.3764805177977122,
  "steady_state_yaw_rate_gain": 1.1405306384355065,
  "integral_tracking_error_rad": 5.579771480627473
}
