{
  "schema_version": 1,
  "trial_id": "fixed_hot_0p60_r6",
  "trial_type": "fixed_time",
  "thermal_state": "hot",
  "feedback_source": null,
  "ground_truth_used_for_control": false,
  "target_heading_rad": null,
  "feedback_heading_rad": null,
  "runner_complete": true,
  "error": null,
  "complete": true,
  "sample_count": 400,
  "duration_sec": 7.979999999999997,
  "target_yaw_rate_rad_s": 0.6,
  "requested_command_integral_rad": 4.782000000000017,
  "actual_output_command_integral_rad": 4.758000000000014,
  "ground_truth_yaw_delta_rad": 4.511704273297817,
  "raw_odom_yaw_delta_rad": 4.7489999920451496,
  "imu_integrated_yaw_rad": 4.508135445717784,
  "ekf_yaw_delta_rad": 4.498460898843405,
  "body_yaw_error_deg": 15.486804360457592,
  "request_to_output_delay_sec": 0.04000000000000625,
  "output_to_body_delay_sec": 0.03999999999999915,
  "rise_time_sec": 0.5800000000000054,
  "settling_time_sec": null,
  "overshoot_ratio": 0.37403065257713286,
  "steady_state_yaw_rate_gain": 0.893587966989705,
  "integral_tracking_error_rad": 0.794693225942319
}
