{
  "schema_version": 1,
  "trial_id": "fixed_hot_m0p45_r1",
  "trial_type": "fixed_time",
  "thermal_state": "hot",
  "feedback_source": null,
  "ground_truth_used_for_control": false,
  "target_heading_rad": null,
  "feedback_heading_rad": null,
  "runner_complete": true,
  "error": null,
  "complete": true,
  "sample_count": 400,
  "duration_sec": 7.980000000000004,
  "target_yaw_rate_rad_s": -0.45,
  "requested_command_integral_rad": -3.586499999999977,
  "actual_output_command_integral_rad": -3.5684999999999762,
  "ground_truth_yaw_delta_rad": -3.5104848285575327,
  "raw_odom_yaw_delta_rad": -3.56624999200033,
  "imu_integrated_yaw_rad": -3.5096355619619737,
  "ekf_yaw_delta_rad": -3.5021496356252118,
  "body_yaw_error_deg": 4.355348502615434,
  "request_to_output_delay_sec": 0.03999999999999915,
  "output_to_body_delay_sec": 0.020000000000003126,
  "rise_time_sec": 0.4199999999999946,
  "settling_time_sec": null,
  "overshoot_ratio": 0.3770022571459104,
  "steady_state_yaw_rate_gain": 1.1570410897858323,
  "integral_tracking_error_rad": 0.5626734301114421
}
