{
  "schema_version": 1,
  "trial_id": "fixed_cold_0p60_r0",
  "trial_type": "fixed_time",
  "thermal_state": "cold",
  "feedback_source": null,
  "ground_truth_used_for_control": false,
  "target_heading_rad": null,
  "feedback_heading_rad": null,
  "runner_complete": true,
  "error": null,
  "complete": true,
  "sample_count": 400,
  "duration_sec": 7.979999999999999,
  "target_yaw_rate_rad_s": 0.6,
  "requested_command_integral_rad": 4.781999999999967,
  "actual_output_command_integral_rad": 4.757999999999968,
  "ground_truth_yaw_delta_rad": 4.454234371383607,
  "raw_odom_yaw_delta_rad": 4.736999992065721,
  "imu_integrated_yaw_rad": 4.4510899743660755,
  "ekf_yaw_delta_rad": 4.440744655385433,
  "body_yaw_error_deg": 18.7795871891698,
  "request_to_output_delay_sec": 0.040000000000000924,
  "output_to_body_delay_sec": 0.08000000000000007,
  "rise_time_sec": 0.6199999999999992,
  "settling_time_sec": null,
  "overshoot_ratio": 0.37412203388627785,
  "steady_state_yaw_rate_gain": -4.3397386355012415,
  "integral_tracking_error_rad": 5.863284111587325
}
