{
  "schema_version": 1,
  "trial_id": "fixed_hot_m0p45_r9",
  "trial_type": "fixed_time",
  "thermal_state": "hot",
  "feedback_source": null,
  "ground_truth_used_for_control": false,
  "target_heading_rad": null,
  "feedback_heading_rad": null,
  "runner_complete": true,
  "error": null,
  "complete": true,
  "sample_count": 400,
  "duration_sec": 7.979999999999997,
  "target_yaw_rate_rad_s": -0.45,
  "requested_command_integral_rad": -3.5864999999999756,
  "actual_output_command_integral_rad": -3.5594999999999763,
  "ground_truth_yaw_delta_rad": -3.498138033112884,
  "raw_odom_yaw_delta_rad": -3.5527499920302112,
  "imu_integrated_yaw_rad": -3.4965846099242386,
  "ekf_yaw_delta_rad": -3.481275668283081,
  "body_yaw_error_deg": 5.062767772105084,
  "request_to_output_delay_sec": 0.060000000000002274,
  "output_to_body_delay_sec": 0.01999999999999602,
  "rise_time_sec": 0.3999999999999986,
  "settling_time_sec": null,
  "overshoot_ratio": 0.376517528934287,
  "steady_state_yaw_rate_gain": 1.1591574563964162,
  "integral_tracking_error_rad": 0.5656796846135325
}
