{
  "schema_version": 1,
  "trial_id": "fixed_hot_m0p60_r7",
  "trial_type": "fixed_time",
  "thermal_state": "hot",
  "feedback_source": null,
  "ground_truth_used_for_control": false,
  "target_heading_rad": null,
  "feedback_heading_rad": null,
  "runner_complete": true,
  "error": null,
  "complete": true,
  "sample_count": 399,
  "duration_sec": 7.959999999999994,
  "target_yaw_rate_rad_s": -0.6,
  "requested_command_integral_rad": -4.770000000000015,
  "actual_output_command_integral_rad": -4.746000000000015,
  "ground_truth_yaw_delta_rad": -4.525876028778934,
  "raw_odom_yaw_delta_rad": -4.73699999206837,
  "imu_integrated_yaw_rad": -4.521509105519963,
  "ekf_yaw_delta_rad": -4.512914053396188,
  "body_yaw_error_deg": 13.987273228941085,
  "request_to_output_delay_sec": 0.03999999999999915,
  "output_to_body_delay_sec": 0.020000000000003126,
  "rise_time_sec": 0.5600000000000023,
  "settling_time_sec": null,
  "overshoot_ratio": 0.3741240470279801,
  "steady_state_yaw_rate_gain": -4.344472151068026,
  "integral_tracking_error_rad": 5.804190098175293
}
