{
  "schema_version": 1,
  "trial_id": "fixed_hot_0p25_r7",
  "trial_type": "fixed_time",
  "thermal_state": "hot",
  "feedback_source": null,
  "ground_truth_used_for_control": false,
  "target_heading_rad": null,
  "feedback_heading_rad": null,
  "runner_complete": true,
  "error": null,
  "complete": true,
  "sample_count": 400,
  "duration_sec": 7.980000000000004,
  "target_yaw_rate_rad_s": 0.25,
  "requested_command_integral_rad": 1.9925000000000006,
  "actual_output_command_integral_rad": 1.977500000000001,
  "ground_truth_yaw_delta_rad": 1.9514352982822507,
  "raw_odom_yaw_delta_rad": 1.9762499920981298,
  "imu_integrated_yaw_rad": 1.9511041587084548,
  "ekf_yaw_delta_rad": 1.9472776512487568,
  "body_yaw_error_deg": 2.352834095390691,
  "request_to_output_delay_sec": 0.05999999999999517,
  "output_to_body_delay_sec": 0.020000000000003126,
  "rise_time_sec": 0.20000000000000284,
  "settling_time_sec": null,
  "overshoot_ratio": 0.3811898037811283,
  "steady_state_yaw_rate_gain": 0.9641966661159053,
  "integral_tracking_error_rad": 0.280232760571889
}
