{
  "schema_version": 1,
  "trial_id": "fixed_hot_0p45_r6",
  "trial_type": "fixed_time",
  "thermal_state": "hot",
  "feedback_source": null,
  "ground_truth_used_for_control": false,
  "target_heading_rad": null,
  "feedback_heading_rad": null,
  "runner_complete": true,
  "error": null,
  "complete": true,
  "sample_count": 400,
  "duration_sec": 7.980000000000004,
  "target_yaw_rate_rad_s": 0.45,
  "requested_command_integral_rad": 3.586499999999977,
  "actual_output_command_integral_rad": 3.577499999999977,
  "ground_truth_yaw_delta_rad": 3.5170884563358724,
  "raw_odom_yaw_delta_rad": 3.5707499920203096,
  "imu_integrated_yaw_rad": 3.515292153633818,
  "ekf_yaw_delta_rad": 3.509178863220699,
  "body_yaw_error_deg": 3.9769885014412183,
  "request_to_output_delay_sec": 0.01999999999999602,
  "output_to_body_delay_sec": 0.020000000000003126,
  "rise_time_sec": 0.37999999999999545,
  "settling_time_sec": null,
  "overshoot_ratio": 0.3771361599955172,
  "steady_state_yaw_rate_gain": 1.1352276751956634,
  "integral_tracking_error_rad": 8.09688861360478
}
