{
  "schema_version": 1,
  "trial_id": "fixed_hot_m0p45_r3",
  "trial_type": "fixed_time",
  "thermal_state": "hot",
  "feedback_source": null,
  "ground_truth_used_for_control": false,
  "target_heading_rad": null,
  "feedback_heading_rad": null,
  "runner_complete": true,
  "error": null,
  "complete": true,
  "sample_count": 400,
  "duration_sec": 7.979999999999997,
  "target_yaw_rate_rad_s": -0.45,
  "requested_command_integral_rad": -3.5864999999999756,
  "actual_output_command_integral_rad": -3.5774999999999757,
  "ground_truth_yaw_delta_rad": -3.5183365612162887,
  "raw_odom_yaw_delta_rad": -3.566249991997196,
  "imu_integrated_yaw_rad": -3.5176194447966194,
  "ekf_yaw_delta_rad": -3.5100069551412463,
  "body_yaw_error_deg": 3.90547735940361,
  "request_to_output_delay_sec": 0.020000000000003126,
  "output_to_body_delay_sec": 0.01999999999999602,
  "rise_time_sec": 0.4200000000000017,
  "settling_time_sec": null,
  "overshoot_ratio": 0.3771380589267024,
  "steady_state_yaw_rate_gain": 1.156842447850257,
  "integral_tracking_error_rad": 0.5648987002143493
}
