{
  "schema_version": 1,
  "trial_id": "fixed_hot_0p45_r5",
  "trial_type": "fixed_time",
  "thermal_state": "hot",
  "feedback_source": null,
  "ground_truth_used_for_control": false,
  "target_heading_rad": null,
  "feedback_heading_rad": null,
  "runner_complete": true,
  "error": null,
  "complete": true,
  "sample_count": 400,
  "duration_sec": 7.979999999999997,
  "target_yaw_rate_rad_s": 0.45,
  "requested_command_integral_rad": 3.5864999999999756,
  "actual_output_command_integral_rad": 3.568499999999976,
  "ground_truth_yaw_delta_rad": 3.5078270025318217,
  "raw_odom_yaw_delta_rad": 3.56174999202109,
  "imu_integrated_yaw_rad": 3.505434159904749,
  "ekf_yaw_delta_rad": 3.499630705327358,
  "body_yaw_error_deg": 4.507630716568631,
  "request_to_output_delay_sec": 0.03999999999999915,
  "output_to_body_delay_sec": 0.020000000000003126,
  "rise_time_sec": 0.3999999999999986,
  "settling_time_sec": null,
  "overshoot_ratio": 0.3764730824086582,
  "steady_state_yaw_rate_gain": 1.1514077150729745,
  "integral_tracking_error_rad": 5.5882410210231965
}
