{
  "schema_version": 1,
  "trial_id": "fixed_hot_0p35_r0",
  "trial_type": "fixed_time",
  "thermal_state": "hot",
  "feedback_source": null,
  "ground_truth_used_for_control": false,
  "target_heading_rad": null,
  "feedback_heading_rad": null,
  "runner_complete": true,
  "error": null,
  "complete": true,
  "sample_count": 400,
  "duration_sec": 7.979999999999997,
  "target_yaw_rate_rad_s": 0.35,
  "requested_command_integral_rad": 2.789499999999993,
  "actual_output_command_integral_rad": 2.7684999999999924,
  "ground_truth_yaw_delta_rad": 2.7173546573289764,
  "raw_odom_yaw_delta_rad": 2.766749992107215,
  "imu_integrated_yaw_rad": 2.7169167460678105,
  "ekf_yaw_delta_rad": 2.7112698495051877,
  "body_yaw_error_deg": 4.133623646574348,
  "request_to_output_delay_sec": 0.060000000000002274,
  "output_to_body_delay_sec": 0.020000000000003126,
  "rise_time_sec": 0.3200000000000003,
  "settling_time_sec": null,
  "overshoot_ratio": 0.37915859156016785,
  "steady_state_yaw_rate_gain": 0.8356311394847771,
  "integral_tracking_error_rad": 7.99987083438604
}
