{
  "schema_version": 1,
  "trial_id": "fixed_hot_m0p35_r8",
  "trial_type": "fixed_time",
  "thermal_state": "hot",
  "feedback_source": null,
  "ground_truth_used_for_control": false,
  "target_heading_rad": null,
  "feedback_heading_rad": null,
  "runner_complete": true,
  "error": null,
  "complete": true,
  "sample_count": 400,
  "duration_sec": 7.979999999999997,
  "target_yaw_rate_rad_s": -0.35,
  "requested_command_integral_rad": -2.7929999999999926,
  "actual_output_command_integral_rad": -2.782499999999992,
  "ground_truth_yaw_delta_rad": -2.8236374471905767,
  "raw_odom_yaw_delta_rad": -2.780749991994406,
  "imu_integrated_yaw_rad": -2.8230368130118246,
  "ekf_yaw_delta_rad": -2.8181489219065665,
  "body_yaw_error_deg": 1.7553964190754126,
  "request_to_output_delay_sec": 0.03999999999999915,
  "output_to_body_delay_sec": 0.020000000000003126,
  "rise_time_sec": 0.21999999999999886,
  "settling_time_sec": null,
  "overshoot_ratio": 0.3788581434033036,
  "steady_state_yaw_rate_gain": 0.8893047171766435,
  "integral_tracking_error_rad": 0.4450740464142305
}
