{
  "schema_version": 1,
  "trial_id": "fixed_hot_0p35_r5",
  "trial_type": "fixed_time",
  "thermal_state": "hot",
  "feedback_source": null,
  "ground_truth_used_for_control": false,
  "target_heading_rad": null,
  "feedback_heading_rad": null,
  "runner_complete": true,
  "error": null,
  "complete": true,
  "sample_count": 400,
  "duration_sec": 7.979999999999997,
  "target_yaw_rate_rad_s": 0.35,
  "requested_command_integral_rad": 2.789499999999992,
  "actual_output_command_integral_rad": 2.7614999999999923,
  "ground_truth_yaw_delta_rad": 2.7153473197029094,
  "raw_odom_yaw_delta_rad": 2.756249992131586,
  "imu_integrated_yaw_rad": 2.7146046691110874,
  "ekf_yaw_delta_rad": 2.709345307786715,
  "body_yaw_error_deg": 4.248635620605719,
  "request_to_output_delay_sec": 0.0799999999999983,
  "output_to_body_delay_sec": 0.01999999999999602,
  "rise_time_sec": 0.29999999999999716,
  "settling_time_sec": null,
  "overshoot_ratio": 0.3791055573875082,
  "steady_state_yaw_rate_gain": 0.8387979356101845,
  "integral_tracking_error_rad": 8.00247626610528
}
