{
  "schema_version": 1,
  "trial_id": "fixed_cold_m0p45_r2",
  "trial_type": "fixed_time",
  "thermal_state": "cold",
  "feedback_source": null,
  "ground_truth_used_for_control": false,
  "target_heading_rad": null,
  "feedback_heading_rad": null,
  "runner_complete": true,
  "error": null,
  "complete": true,
  "sample_count": 399,
  "duration_sec": 7.959999999999999,
  "target_yaw_rate_rad_s": -0.45,
  "requested_command_integral_rad": -3.577500000000017,
  "actual_output_command_integral_rad": -3.559500000000017,
  "ground_truth_yaw_delta_rad": -3.470184739390412,
  "raw_odom_yaw_delta_rad": -3.5527499919786076,
  "imu_integrated_yaw_rad": -3.468973790793773,
  "ekf_yaw_delta_rad": -3.4605181681894495,
  "body_yaw_error_deg": 6.148711510276887,
  "request_to_output_delay_sec": 0.03999999999999915,
  "output_to_body_delay_sec": 0.05999999999999872,
  "rise_time_sec": 0.4599999999999973,
  "settling_time_sec": null,
  "overshoot_ratio": 0.377040987363674,
  "steady_state_yaw_rate_gain": 1.1580403844055862,
  "integral_tracking_error_rad": 8.164945211095892
}
