{
  "schema_version": 1,
  "trial_id": "fixed_hot_0p60_r9",
  "trial_type": "fixed_time",
  "thermal_state": "hot",
  "feedback_source": null,
  "ground_truth_used_for_control": false,
  "target_heading_rad": null,
  "feedback_heading_rad": null,
  "runner_complete": true,
  "error": null,
  "complete": true,
  "sample_count": 400,
  "duration_sec": 7.980000000000004,
  "target_yaw_rate_rad_s": 0.6,
  "requested_command_integral_rad": 4.782000000000019,
  "actual_output_command_integral_rad": 4.770000000000019,
  "ground_truth_yaw_delta_rad": 4.562346059429561,
  "raw_odom_yaw_delta_rad": 4.760999992025415,
  "imu_integrated_yaw_rad": 4.5557285032682895,
  "ekf_yaw_delta_rad": 4.536229467827996,
  "body_yaw_error_deg": 12.585243748104654,
  "request_to_output_delay_sec": 0.01999999999999602,
  "output_to_body_delay_sec": 0.020000000000003126,
  "rise_time_sec": 0.5399999999999991,
  "settling_time_sec": null,
  "overshoot_ratio": 0.37339108395965215,
  "steady_state_yaw_rate_gain": 0.8926635517786532,
  "integral_tracking_error_rad": 0.7745229055818719
}
