{
  "schema_version": 1,
  "trial_id": "fixed_hot_m0p60_r8",
  "trial_type": "fixed_time",
  "thermal_state": "hot",
  "feedback_source": null,
  "ground_truth_used_for_control": false,
  "target_heading_rad": null,
  "feedback_heading_rad": null,
  "runner_complete": true,
  "error": null,
  "complete": true,
  "sample_count": 400,
  "duration_sec": 7.979999999999997,
  "target_yaw_rate_rad_s": -0.6,
  "requested_command_integral_rad": -4.782000000000017,
  "actual_output_command_integral_rad": -4.734000000000017,
  "ground_truth_yaw_delta_rad": -4.505338597195528,
  "raw_odom_yaw_delta_rad": -4.730999992078497,
  "imu_integrated_yaw_rad": -4.504243064363345,
  "ekf_yaw_delta_rad": -4.47952707780828,
  "body_yaw_error_deg": 15.851530734866065,
  "request_to_output_delay_sec": 0.0799999999999983,
  "output_to_body_delay_sec": 0.020000000000003126,
  "rise_time_sec": 0.5799999999999983,
  "settling_time_sec": null,
  "overshoot_ratio": 0.3741211688953654,
  "steady_state_yaw_rate_gain": -4.344371030756672,
  "integral_tracking_error_rad": 5.805526167121699
}
