{
  "schema_version": 1,
  "trial_id": "fixed_cold_m0p25_r3",
  "trial_type": "fixed_time",
  "thermal_state": "cold",
  "feedback_source": null,
  "ground_truth_used_for_control": false,
  "target_heading_rad": null,
  "feedback_heading_rad": null,
  "runner_complete": true,
  "error": null,
  "complete": true,
  "sample_count": 400,
  "duration_sec": 7.979999999999999,
  "target_yaw_rate_rad_s": -0.25,
  "requested_command_integral_rad": -1.9924999999999997,
  "actual_output_command_integral_rad": -1.9824999999999997,
  "ground_truth_yaw_delta_rad": -2.0010422323460726,
  "raw_odom_yaw_delta_rad": -1.9812499919156898,
  "imu_integrated_yaw_rad": -1.9996046486772645,
  "ekf_yaw_delta_rad": -1.996070581532615,
  "body_yaw_error_deg": 0.4894338610501114,
  "request_to_output_delay_sec": 0.040000000000000924,
  "output_to_body_delay_sec": 0.03999999999999915,
  "rise_time_sec": 0.2599999999999998,
  "settling_time_sec": 7.720000000000001,
  "overshoot_ratio": 0.38057146412750353,
  "steady_state_yaw_rate_gain": 1.1819791943809186,
  "integral_tracking_error_rad": 0.32238441724370054
}
