{
  "schema_version": 1,
  "trial_id": "fixed_cold_0p10_r6",
  "trial_type": "fixed_time",
  "thermal_state": "cold",
  "feedback_source": null,
  "ground_truth_used_for_control": false,
  "target_heading_rad": null,
  "feedback_heading_rad": null,
  "runner_complete": true,
  "error": null,
  "complete": true,
  "sample_count": 400,
  "duration_sec": 7.979999999999999,
  "target_yaw_rate_rad_s": 0.1,
  "requested_command_integral_rad": 0.7970000000000048,
  "actual_output_command_integral_rad": 0.7950000000000048,
  "ground_truth_yaw_delta_rad": 0.7903190288406715,
  "raw_odom_yaw_delta_rad": 0.7934999920711224,
  "imu_integrated_yaw_rad": 0.7893008838266307,
  "ekf_yaw_delta_rad": 0.7886771411171426,
  "body_yaw_error_deg": 0.382791450478423,
  "request_to_output_delay_sec": 0.019999999999999574,
  "output_to_body_delay_sec": 0.040000000000000924,
  "rise_time_sec": 0.11999999999999922,
  "settling_time_sec": null,
  "overshoot_ratio": 0.3666325249895346,
  "steady_state_yaw_rate_gain": 0.8039831918519783,
  "integral_tracking_error_rad": 0.12262348526114805
}
