{
  "schema_version": 1,
  "trial_id": "fixed_cold_m0p25_r6",
  "trial_type": "fixed_time",
  "thermal_state": "cold",
  "feedback_source": null,
  "ground_truth_used_for_control": false,
  "target_heading_rad": null,
  "feedback_heading_rad": null,
  "runner_complete": true,
  "error": null,
  "complete": true,
  "sample_count": 437,
  "duration_sec": 8.72,
  "target_yaw_rate_rad_s": -0.25,
  "requested_command_integral_rad": -2.0325,
  "actual_output_command_integral_rad": -1.9825000000000002,
  "ground_truth_yaw_delta_rad": -2.0010422323438144,
  "raw_odom_yaw_delta_rad": -1.9812499919156905,
  "imu_integrated_yaw_rad": -1.998299355401914,
  "ekf_yaw_delta_rad": -1.9960705815303488,
  "body_yaw_error_deg": 1.802397319602594,
  "request_to_output_delay_sec": 0.20000000000000107,
  "output_to_body_delay_sec": 0.03999999999999915,
  "rise_time_sec": 0.26000000000000156,
  "settling_time_sec": 8.459999999999999,
  "overshoot_ratio": 0.38057146408634823,
  "steady_state_yaw_rate_gain": 1.1930534498208596,
  "integral_tracking_error_rad": 0.3223844172568509
}
