{
  "schema_version": 1,
  "trial_id": "fixed_hot_m0p10_r6",
  "trial_type": "fixed_time",
  "thermal_state": "hot",
  "feedback_source": null,
  "ground_truth_used_for_control": false,
  "target_heading_rad": null,
  "feedback_heading_rad": null,
  "runner_complete": true,
  "error": null,
  "complete": true,
  "sample_count": 400,
  "duration_sec": 7.980000000000004,
  "target_yaw_rate_rad_s": -0.1,
  "requested_command_integral_rad": -0.7970000000000014,
  "actual_output_command_integral_rad": -0.7950000000000014,
  "ground_truth_yaw_delta_rad": -0.7530815825896702,
  "raw_odom_yaw_delta_rad": -0.7914999923380708,
  "imu_integrated_yaw_rad": -0.7525091982727257,
  "ekf_yaw_delta_rad": -0.7505526917818259,
  "body_yaw_error_deg": 2.5163399605058525,
  "request_to_output_delay_sec": 0.01999999999999602,
  "output_to_body_delay_sec": 0.020000000000003126,
  "rise_time_sec": 3.719999999999999,
  "settling_time_sec": null,
  "overshoot_ratio": 0.2619905223191814,
  "steady_state_yaw_rate_gain": 1.1736548764367256,
  "integral_tracking_error_rad": 0.11063470877169294
}
