{
  "schema_version": 1,
  "trial_id": "fixed_hot_m0p45_r8",
  "trial_type": "fixed_time",
  "thermal_state": "hot",
  "feedback_source": null,
  "ground_truth_used_for_control": false,
  "target_heading_rad": null,
  "feedback_heading_rad": null,
  "runner_complete": true,
  "error": null,
  "complete": true,
  "sample_count": 400,
  "duration_sec": 7.979999999999997,
  "target_yaw_rate_rad_s": -0.45,
  "requested_command_integral_rad": -3.5909999999999744,
  "actual_output_command_integral_rad": -3.559499999999975,
  "ground_truth_yaw_delta_rad": -3.5046876132697413,
  "raw_odom_yaw_delta_rad": -3.5572499920404157,
  "imu_integrated_yaw_rad": -3.5055925614614507,
  "ekf_yaw_delta_rad": -3.4966033634770533,
  "body_yaw_error_deg": 4.945335479343329,
  "request_to_output_delay_sec": 0.0799999999999983,
  "output_to_body_delay_sec": 0.020000000000003126,
  "rise_time_sec": 0.3999999999999986,
  "settling_time_sec": null,
  "overshoot_ratio": 0.37644876481916967,
  "steady_state_yaw_rate_gain": 1.1458461731329201,
  "integral_tracking_error_rad": 0.5532334131521104
}
