{
  "schema_version": 1,
  "trial_id": "fixed_cold_m0p25_r7",
  "trial_type": "fixed_time",
  "thermal_state": "cold",
  "feedback_source": null,
  "ground_truth_used_for_control": false,
  "target_heading_rad": null,
  "feedback_heading_rad": null,
  "runner_complete": true,
  "error": null,
  "complete": true,
  "sample_count": 400,
  "duration_sec": 7.980000000000002,
  "target_yaw_rate_rad_s": -0.25,
  "requested_command_integral_rad": -1.9925000000000004,
  "actual_output_command_integral_rad": -1.9775000000000005,
  "ground_truth_yaw_delta_rad": -1.9960664677745485,
  "raw_odom_yaw_delta_rad": -1.9762499919360412,
  "imu_integrated_yaw_rad": -1.994476527067878,
  "ekf_yaw_delta_rad": -1.9860631871471808,
  "body_yaw_error_deg": 0.20434355125102507,
  "request_to_output_delay_sec": 0.05999999999999872,
  "output_to_body_delay_sec": 0.040000000000000924,
  "rise_time_sec": 0.2599999999999998,
  "settling_time_sec": 7.74,
  "overshoot_ratio": 0.38057146408624076,
  "steady_state_yaw_rate_gain": 1.1861104419152826,
  "integral_tracking_error_rad": 0.32237507054210446
}
