{
  "schema_version": 1,
  "trial_id": "fixed_cold_0p45_r7",
  "trial_type": "fixed_time",
  "thermal_state": "cold",
  "feedback_source": null,
  "ground_truth_used_for_control": false,
  "target_heading_rad": null,
  "feedback_heading_rad": null,
  "runner_complete": true,
  "error": null,
  "complete": true,
  "sample_count": 400,
  "duration_sec": 7.98,
  "target_yaw_rate_rad_s": 0.45,
  "requested_command_integral_rad": 3.5865000000000182,
  "actual_output_command_integral_rad": 3.5775000000000183,
  "ground_truth_yaw_delta_rad": 3.4893424455617423,
  "raw_odom_yaw_delta_rad": 3.561749991957409,
  "imu_integrated_yaw_rad": 3.487340390342802,
  "ekf_yaw_delta_rad": 3.4798131363489437,
  "body_yaw_error_deg": 5.566717817125748,
  "request_to_output_delay_sec": 0.019999999999999574,
  "output_to_body_delay_sec": 0.060000000000002274,
  "rise_time_sec": 0.46000000000000085,
  "settling_time_sec": null,
  "overshoot_ratio": 0.37704098733183056,
  "steady_state_yaw_rate_gain": 1.1613348587863959,
  "integral_tracking_error_rad": 0.6264537847394797
}
