{
  "schema_version": 1,
  "trial_id": "fixed_cold_0p35_r3",
  "trial_type": "fixed_time",
  "thermal_state": "cold",
  "feedback_source": null,
  "ground_truth_used_for_control": false,
  "target_heading_rad": null,
  "feedback_heading_rad": null,
  "runner_complete": true,
  "error": null,
  "complete": true,
  "sample_count": 399,
  "duration_sec": 7.960000000000001,
  "target_yaw_rate_rad_s": 0.35,
  "requested_command_integral_rad": 2.7824999999999878,
  "actual_output_command_integral_rad": 2.7684999999999875,
  "ground_truth_yaw_delta_rad": 2.6291831603282847,
  "raw_odom_yaw_delta_rad": 2.7632499921528093,
  "imu_integrated_yaw_rad": 2.6288334098066515,
  "ekf_yaw_delta_rad": 2.616186514781967,
  "body_yaw_error_deg": 8.784407841472492,
  "request_to_output_delay_sec": 0.03999999999999915,
  "output_to_body_delay_sec": 0.05999999999999872,
  "rise_time_sec": 0.35999999999999943,
  "settling_time_sec": null,
  "overshoot_ratio": 0.37915853105421893,
  "steady_state_yaw_rate_gain": 0.8331020385672634,
  "integral_tracking_error_rad": 0.4605548321577025
}
