{
  "schema_version": 1,
  "trial_id": "fixed_hot_0p35_r6",
  "trial_type": "fixed_time",
  "thermal_state": "hot",
  "feedback_source": null,
  "ground_truth_used_for_control": false,
  "target_heading_rad": null,
  "feedback_heading_rad": null,
  "runner_complete": true,
  "error": null,
  "complete": true,
  "sample_count": 399,
  "duration_sec": 7.960000000000001,
  "target_yaw_rate_rad_s": 0.35,
  "requested_command_integral_rad": 2.7824999999999944,
  "actual_output_command_integral_rad": 2.7684999999999946,
  "ground_truth_yaw_delta_rad": 2.7400012046999187,
  "raw_odom_yaw_delta_rad": 2.76674999209489,
  "imu_integrated_yaw_rad": 2.7394549636156977,
  "ekf_yaw_delta_rad": 2.7340483290009825,
  "body_yaw_error_deg": 2.4350016050847576,
  "request_to_output_delay_sec": 0.03999999999999915,
  "output_to_body_delay_sec": 0.020000000000003126,
  "rise_time_sec": 0.29999999999999716,
  "settling_time_sec": null,
  "overshoot_ratio": 0.3791005909544922,
  "steady_state_yaw_rate_gain": 0.8411330840739062,
  "integral_tracking_error_rad": 5.487838437069334
}
