{
  "schema_version": 1,
  "trial_id": "fixed_hot_m0p25_r1",
  "trial_type": "fixed_time",
  "thermal_state": "hot",
  "feedback_source": null,
  "ground_truth_used_for_control": false,
  "target_heading_rad": null,
  "feedback_heading_rad": null,
  "runner_complete": true,
  "error": null,
  "complete": true,
  "sample_count": 400,
  "duration_sec": 7.979999999999997,
  "target_yaw_rate_rad_s": -0.25,
  "requested_command_integral_rad": -1.9924999999999997,
  "actual_output_command_integral_rad": -1.982499999999999,
  "ground_truth_yaw_delta_rad": -1.9718713757939272,
  "raw_odom_yaw_delta_rad": -1.9787499920174385,
  "imu_integrated_yaw_rad": -1.9712945293908952,
  "ekf_yaw_delta_rad": -1.967436704343499,
  "body_yaw_error_deg": 1.1819331041693615,
  "request_to_output_delay_sec": 0.04000000000000625,
  "output_to_body_delay_sec": 0.01999999999999602,
  "rise_time_sec": 0.21999999999999886,
  "settling_time_sec": null,
  "overshoot_ratio": 0.38072673986692385,
  "steady_state_yaw_rate_gain": 1.0352771686606015,
  "integral_tracking_error_rad": 5.311865191315722
}
