{
  "schema_version": 1,
  "trial_id": "heading_hot_m1p5707963267948966_r1",
  "trial_type": "closed_loop_heading",
  "thermal_state": "hot",
  "feedback_source": "imu_angular_velocity_integral",
  "ground_truth_used_for_control": false,
  "target_heading_rad": -1.5707963267948966,
  "feedback_heading_rad": -1.559518750557548,
  "runner_complete": true,
  "error": null,
  "complete": true,
  "sample_count": 304,
  "duration_sec": 6.059999999999995,
  "target_yaw_rate_rad_s": -0.35,
  "requested_command_integral_rad": -1.6347595905250834,
  "actual_output_command_integral_rad": -1.6363025376215725,
  "ground_truth_yaw_delta_rad": -1.5618792074022732,
  "raw_odom_yaw_delta_rad": -1.633968436208748,
  "imu_integrated_yaw_rad": -1.5589134036724202,
  "ekf_yaw_delta_rad": -1.5618791793686349,
  "body_yaw_error_deg": 4.175738362233499,
  "request_to_output_delay_sec": 0.03999999999999915,
  "output_to_body_delay_sec": 0.03999999999999915,
  "rise_time_sec": 0.35999999999999943,
  "settling_time_sec": null,
  "overshoot_ratio": 0.18527349592375897,
  "steady_state_yaw_rate_gain": 0.18658293922944075,
  "integral_tracking_error_rad": 7.836216391267104,
  "ground_truth_heading_error_deg": 0.5109133066115813,
  "imu_feedback_heading_error_deg": 0.6461575215370954
}
