{
  "schema_version": 1,
  "trial_id": "heading_hot_m6p283185307179586_r0",
  "trial_type": "closed_loop_heading",
  "thermal_state": "hot",
  "feedback_source": "imu_angular_velocity_integral",
  "ground_truth_used_for_control": false,
  "target_heading_rad": -6.283185307179586,
  "feedback_heading_rad": -6.269256425417415,
  "runner_complete": true,
  "error": null,
  "complete": true,
  "sample_count": 968,
  "duration_sec": 19.340000000000003,
  "target_yaw_rate_rad_s": -0.35,
  "requested_command_integral_rad": -6.285809584738878,
  "actual_output_command_integral_rad": -6.29305411181375,
  "ground_truth_yaw_delta_rad": -6.271489267991601,
  "raw_odom_yaw_delta_rad": -6.290794182136962,
  "imu_integrated_yaw_rad": -6.268211367937474,
  "ekf_yaw_delta_rad": -6.271489285424101,
  "body_yaw_error_deg": 0.8204937109094811,
  "request_to_output_delay_sec": 0.020000000000003126,
  "output_to_body_delay_sec": 0.01999999999999602,
  "rise_time_sec": 0.3200000000000003,
  "settling_time_sec": null,
  "overshoot_ratio": 0.3790604124435093,
  "steady_state_yaw_rate_gain": 0.685704307806554,
  "integral_tracking_error_rad": 8.516479327180523,
  "ground_truth_heading_error_deg": 0.6701336824911595,
  "imu_feedback_heading_error_deg": 0.7980661383091812
}
