{
  "schema_version": 1,
  "trial_id": "heading_cold_m6p283185307179586_r4",
  "trial_type": "closed_loop_heading",
  "thermal_state": "cold",
  "feedback_source": "imu_angular_velocity_integral",
  "ground_truth_used_for_control": false,
  "target_heading_rad": -6.283185307179586,
  "feedback_heading_rad": -6.269262490347163,
  "runner_complete": true,
  "error": null,
  "complete": true,
  "sample_count": 1000,
  "duration_sec": 19.98,
  "target_yaw_rate_rad_s": -0.35,
  "requested_command_integral_rad": -6.427938074065911,
  "actual_output_command_integral_rad": -6.39355818865412,
  "ground_truth_yaw_delta_rad": -6.270382918302322,
  "raw_odom_yaw_delta_rad": -6.325384556876011,
  "imu_integrated_yaw_rad": -6.270456954733931,
  "ekf_yaw_delta_rad": -6.270382945154561,
  "body_yaw_error_deg": 9.027245465779938,
  "request_to_output_delay_sec": 0.14000000000000057,
  "output_to_body_delay_sec": 0.259999999999998,
  "rise_time_sec": 0.35999999999999943,
  "settling_time_sec": null,
  "overshoot_ratio": 0.3791583555500637,
  "steady_state_yaw_rate_gain": 0.6490407230314025,
  "integral_tracking_error_rad": 8.597351419144541,
  "ground_truth_heading_error_deg": 0.7335228503524769,
  "imu_feedback_heading_error_deg": 0.7977186434315409
}
