{
  "schema_version": 1,
  "trial_id": "heading_hot_1p5707963267948966_r6",
  "trial_type": "closed_loop_heading",
  "thermal_state": "hot",
  "feedback_source": "imu_angular_velocity_integral",
  "ground_truth_used_for_control": false,
  "target_heading_rad": 1.5707963267948966,
  "feedback_heading_rad": 1.5590507976970327,
  "runner_complete": true,
  "error": null,
  "complete": true,
  "sample_count": 309,
  "duration_sec": 6.160000000000004,
  "target_yaw_rate_rad_s": 0.35,
  "requested_command_integral_rad": 1.640096742893383,
  "actual_output_command_integral_rad": 1.642312855351523,
  "ground_truth_yaw_delta_rad": 1.5605861153804834,
  "raw_odom_yaw_delta_rad": 1.64082135904798,
  "imu_integrated_yaw_rad": 1.558083710413379,
  "ekf_yaw_delta_rad": 1.560586189208449,
  "body_yaw_error_deg": 4.555623382925913,
  "request_to_output_delay_sec": 0.03999999999999915,
  "output_to_body_delay_sec": 0.04000000000000625,
  "rise_time_sec": 0.3400000000000034,
  "settling_time_sec": null,
  "overshoot_ratio": 0.3039545155479477,
  "steady_state_yaw_rate_gain": 0.16992732962448864,
  "integral_tracking_error_rad": 0.2894061679148098,
  "ground_truth_heading_error_deg": 0.5850020219821717,
  "imu_feedback_heading_error_deg": 0.6729692454557005
}
