{
  "schema_version": 1,
  "trial_id": "heading_hot_m6p283185307179586_r5",
  "trial_type": "closed_loop_heading",
  "thermal_state": "hot",
  "feedback_source": "imu_angular_velocity_integral",
  "ground_truth_used_for_control": false,
  "target_heading_rad": -6.283185307179586,
  "feedback_heading_rad": -6.269999807698357,
  "runner_complete": true,
  "error": null,
  "complete": true,
  "sample_count": 968,
  "duration_sec": 19.339999999999996,
  "target_yaw_rate_rad_s": -0.35,
  "requested_command_integral_rad": -6.283323940031119,
  "actual_output_command_integral_rad": -6.290913369043491,
  "ground_truth_yaw_delta_rad": -6.27115812692065,
  "raw_odom_yaw_delta_rad": -6.29009048155229,
  "imu_integrated_yaw_rad": -6.269674670476792,
  "ekf_yaw_delta_rad": -6.27115814423991,
  "body_yaw_error_deg": 0.6970497455748071,
  "request_to_output_delay_sec": 0.020000000000003126,
  "output_to_body_delay_sec": 0.020000000000003126,
  "rise_time_sec": 0.3200000000000003,
  "settling_time_sec": null,
  "overshoot_ratio": 0.37916103738158125,
  "steady_state_yaw_rate_gain": 0.685722220836006,
  "integral_tracking_error_rad": 6.004428863491076,
  "ground_truth_heading_error_deg": 0.6891066682801195,
  "imu_feedback_heading_error_deg": 0.7554734710463481
}
