{
  "schema_version": 1,
  "trial_id": "heading_cold_3p141592653589793_r7",
  "trial_type": "closed_loop_heading",
  "thermal_state": "cold",
  "feedback_source": "imu_angular_velocity_integral",
  "ground_truth_used_for_control": false,
  "target_heading_rad": 3.141592653589793,
  "feedback_heading_rad": 3.127519679008958,
  "runner_complete": true,
  "error": null,
  "complete": true,
  "sample_count": 531,
  "duration_sec": 10.6,
  "target_yaw_rate_rad_s": 0.35,
  "requested_command_integral_rad": 3.2109778079490914,
  "actual_output_command_integral_rad": 3.211477490538637,
  "ground_truth_yaw_delta_rad": 3.128927256474301,
  "raw_odom_yaw_delta_rad": 3.209567236083082,
  "imu_integrated_yaw_rad": 3.1293666955539665,
  "ekf_yaw_delta_rad": 3.1289272833366466,
  "body_yaw_error_deg": 4.701150306226405,
  "request_to_output_delay_sec": 0.03999999999999915,
  "output_to_body_delay_sec": 0.0600000000000005,
  "rise_time_sec": 0.35999999999999943,
  "settling_time_sec": null,
  "overshoot_ratio": 0.37915853105423536,
  "steady_state_yaw_rate_gain": 0.4520517775104466,
  "integral_tracking_error_rad": 0.5332996407599141,
  "ground_truth_heading_error_deg": 0.7256738005748695,
  "imu_feedback_heading_error_deg": 0.8063220486767474
}
