{
  "schema_version": 1,
  "trial_id": "heading_cold_m3p141592653589793_r5",
  "trial_type": "closed_loop_heading",
  "thermal_state": "cold",
  "feedback_source": "imu_angular_velocity_integral",
  "ground_truth_used_for_control": false,
  "target_heading_rad": -3.141592653589793,
  "feedback_heading_rad": -3.127264416342957,
  "runner_complete": true,
  "error": null,
  "complete": true,
  "sample_count": 530,
  "duration_sec": 10.580000000000002,
  "target_yaw_rate_rad_s": -0.35,
  "requested_command_integral_rad": -3.2130323300128074,
  "actual_output_command_integral_rad": -3.204952660875991,
  "ground_truth_yaw_delta_rad": -3.1289657278314342,
  "raw_odom_yaw_delta_rad": -3.209595084896323,
  "imu_integrated_yaw_rad": -3.1277660109479695,
  "ekf_yaw_delta_rad": -3.128965754696777,
  "body_yaw_error_deg": 4.816661502997963,
  "request_to_output_delay_sec": 0.05999999999999872,
  "output_to_body_delay_sec": 0.040000000000000924,
  "rise_time_sec": 0.35999999999999943,
  "settling_time_sec": null,
  "overshoot_ratio": 0.37915853104363784,
  "steady_state_yaw_rate_gain": 0.44638605522523644,
  "integral_tracking_error_rad": 5.552391250342771,
  "ground_truth_heading_error_deg": 0.7234695541789907,
  "imu_feedback_heading_error_deg": 0.8209475221058661
}
