{
  "schema_version": 1,
  "trial_id": "heading_hot_3p141592653589793_r1",
  "trial_type": "closed_loop_heading",
  "thermal_state": "hot",
  "feedback_source": "imu_angular_velocity_integral",
  "ground_truth_used_for_control": false,
  "target_heading_rad": 3.141592653589793,
  "feedback_heading_rad": 3.129199352729726,
  "runner_complete": true,
  "error": null,
  "complete": true,
  "sample_count": 531,
  "duration_sec": 10.600000000000001,
  "target_yaw_rate_rad_s": 0.35,
  "requested_command_integral_rad": 3.1863293416112506,
  "actual_output_command_integral_rad": 3.1785650159583705,
  "ground_truth_yaw_delta_rad": 3.1296781664807893,
  "raw_odom_yaw_delta_rad": 3.182960030617816,
  "imu_integrated_yaw_rad": 3.128830846040758,
  "ekf_yaw_delta_rad": 3.129678181841734,
  "body_yaw_error_deg": 3.2458732394319205,
  "request_to_output_delay_sec": 0.060000000000002274,
  "output_to_body_delay_sec": 0.020000000000003126,
  "rise_time_sec": 0.3399999999999963,
  "settling_time_sec": null,
  "overshoot_ratio": 0.37835091930351106,
  "steady_state_yaw_rate_gain": 0.3728548162014793,
  "integral_tracking_error_rad": 5.536040660158486,
  "ground_truth_heading_error_deg": 0.6826498264089422,
  "imu_feedback_heading_error_deg": 0.71008383351769
}
