{
  "schema_version": 1,
  "trial_id": "heading_hot_m6p283185307179586_r7",
  "trial_type": "closed_loop_heading",
  "thermal_state": "hot",
  "feedback_source": "imu_angular_velocity_integral",
  "ground_truth_used_for_control": false,
  "target_heading_rad": -6.283185307179586,
  "feedback_heading_rad": -6.26876062347299,
  "runner_complete": true,
  "error": null,
  "complete": true,
  "sample_count": 969,
  "duration_sec": 19.36,
  "target_yaw_rate_rad_s": -0.35,
  "requested_command_integral_rad": -6.287556662348036,
  "actual_output_command_integral_rad": -6.287284594061668,
  "ground_truth_yaw_delta_rad": -6.270923544736099,
  "raw_odom_yaw_delta_rad": -6.284591214737207,
  "imu_integrated_yaw_rad": -6.2684007758829265,
  "ekf_yaw_delta_rad": -6.2709235262902405,
  "body_yaw_error_deg": 0.9530074393087455,
  "request_to_output_delay_sec": 0.03999999999999915,
  "output_to_body_delay_sec": 0.020000000000003126,
  "rise_time_sec": 0.3200000000000003,
  "settling_time_sec": null,
  "overshoot_ratio": 0.37915862496183994,
  "steady_state_yaw_rate_gain": 0.6884666275131519,
  "integral_tracking_error_rad": 8.514133393048834,
  "ground_truth_heading_error_deg": 0.7025472374038553,
  "imu_feedback_heading_error_deg": 0.826473497199088
}
