{
  "schema_version": 1,
  "trial_id": "heading_cold_1p5707963267948966_r9",
  "trial_type": "closed_loop_heading",
  "thermal_state": "cold",
  "feedback_source": "imu_angular_velocity_integral",
  "ground_truth_used_for_control": false,
  "target_heading_rad": 1.5707963267948966,
  "feedback_heading_rad": 1.558282834765663,
  "runner_complete": true,
  "error": null,
  "complete": true,
  "sample_count": 307,
  "duration_sec": 6.119999999999999,
  "target_yaw_rate_rad_s": 0.35,
  "requested_command_integral_rad": 1.6578386415451052,
  "actual_output_command_integral_rad": 1.650374306442794,
  "ground_truth_yaw_delta_rad": 1.55895498592214,
  "raw_odom_yaw_delta_rad": 1.6522109131601355,
  "imu_integrated_yaw_rad": 1.5581295906219133,
  "ekf_yaw_delta_rad": 1.5589550128545293,
  "body_yaw_error_deg": 5.665616130020971,
  "request_to_output_delay_sec": 0.05999999999999872,
  "output_to_body_delay_sec": 0.0600000000000005,
  "rise_time_sec": 0.3600000000000012,
  "settling_time_sec": null,
  "overshoot_ratio": 0.2428133625894504,
  "steady_state_yaw_rate_gain": 0.18738825532731934,
  "integral_tracking_error_rad": 0.30506858828729894,
  "ground_truth_heading_error_deg": 0.6784588557847038,
  "imu_feedback_heading_error_deg": 0.7169702802456799
}
