{
  "schema_version": 1,
  "trial_id": "heading_hot_m3p141592653589793_r6",
  "trial_type": "closed_loop_heading",
  "thermal_state": "hot",
  "feedback_source": "imu_angular_velocity_integral",
  "ground_truth_used_for_control": false,
  "target_heading_rad": -3.141592653589793,
  "feedback_heading_rad": -3.126426764821876,
  "runner_complete": true,
  "error": null,
  "complete": true,
  "sample_count": 524,
  "duration_sec": 10.459999999999994,
  "target_yaw_rate_rad_s": -0.35,
  "requested_command_integral_rad": -3.1914163488147342,
  "actual_output_command_integral_rad": -3.190606443131472,
  "ground_truth_yaw_delta_rad": -3.1282658922866706,
  "raw_odom_yaw_delta_rad": -3.18897617077562,
  "imu_integrated_yaw_rad": -3.127203741092751,
  "ekf_yaw_delta_rad": -3.128265862790287,
  "body_yaw_error_deg": 3.6182546333824233,
  "request_to_output_delay_sec": 0.04000000000000625,
  "output_to_body_delay_sec": 0.03999999999999915,
  "rise_time_sec": 0.3400000000000034,
  "settling_time_sec": null,
  "overshoot_ratio": 0.3783105341065196,
  "steady_state_yaw_rate_gain": 0.49177328449297963,
  "integral_tracking_error_rad": 0.5249125162869032,
  "ground_truth_heading_error_deg": 0.7635671772471839,
  "imu_feedback_heading_error_deg": 0.8689414189665119
}
