{
  "schema_version": 1,
  "trial_id": "heading_cold_m6p283185307179586_r7",
  "trial_type": "closed_loop_heading",
  "thermal_state": "cold",
  "feedback_source": "imu_angular_velocity_integral",
  "ground_truth_used_for_control": false,
  "target_heading_rad": -6.283185307179586,
  "feedback_heading_rad": -6.271880666257941,
  "runner_complete": true,
  "error": null,
  "complete": true,
  "sample_count": 975,
  "duration_sec": 19.480000000000004,
  "target_yaw_rate_rad_s": -0.35,
  "requested_command_integral_rad": -6.326089809462097,
  "actual_output_command_integral_rad": -6.327264314373913,
  "ground_truth_yaw_delta_rad": -6.274167375433336,
  "raw_odom_yaw_delta_rad": -6.32814057835659,
  "imu_integrated_yaw_rad": -6.272455797418943,
  "ekf_yaw_delta_rad": -6.2741674025770555,
  "body_yaw_error_deg": 2.9749363318944377,
  "request_to_output_delay_sec": 0.03999999999999915,
  "output_to_body_delay_sec": 0.05999999999999872,
  "rise_time_sec": 0.35999999999999943,
  "settling_time_sec": null,
  "overshoot_ratio": 0.3791583555500637,
  "steady_state_yaw_rate_gain": 0.6430441710752535,
  "integral_tracking_error_rad": 8.527429884629578,
  "ground_truth_heading_error_deg": 0.5166894289971646,
  "imu_feedback_heading_error_deg": 0.6477082137211692
}
