{
  "schema_version": 1,
  "trial_id": "heading_hot_3p141592653589793_r2",
  "trial_type": "closed_loop_heading",
  "thermal_state": "hot",
  "feedback_source": "imu_angular_velocity_integral",
  "ground_truth_used_for_control": false,
  "target_heading_rad": 3.141592653589793,
  "feedback_heading_rad": 3.13018540828911,
  "runner_complete": true,
  "error": null,
  "complete": true,
  "sample_count": 531,
  "duration_sec": 10.600000000000001,
  "target_yaw_rate_rad_s": 0.35,
  "requested_command_integral_rad": 3.200925847791653,
  "actual_output_command_integral_rad": 3.193310417193672,
  "ground_truth_yaw_delta_rad": 3.1312353399054706,
  "raw_odom_yaw_delta_rad": 3.1988431081056854,
  "imu_integrated_yaw_rad": 3.1318444145893007,
  "ekf_yaw_delta_rad": 3.131235415887841,
  "body_yaw_error_deg": 3.9929719740014358,
  "request_to_output_delay_sec": 0.060000000000002274,
  "output_to_body_delay_sec": 0.020000000000003126,
  "rise_time_sec": 0.3400000000000034,
  "settling_time_sec": null,
  "overshoot_ratio": 0.37885567144941534,
  "steady_state_yaw_rate_gain": 0.40728952772204413,
  "integral_tracking_error_rad": 8.051104214465065,
  "ground_truth_heading_error_deg": 0.5934303612047703,
  "imu_feedback_heading_error_deg": 0.6535870115995802
}
