{
  "schema_version": 1,
  "trial_id": "heading_hot_m1p5707963267948966_r0",
  "trial_type": "closed_loop_heading",
  "thermal_state": "hot",
  "feedback_source": "imu_angular_velocity_integral",
  "ground_truth_used_for_control": false,
  "target_heading_rad": -1.5707963267948966,
  "feedback_heading_rad": -1.5586784557948457,
  "runner_complete": true,
  "error": null,
  "complete": true,
  "sample_count": 303,
  "duration_sec": 6.039999999999999,
  "target_yaw_rate_rad_s": -0.35,
  "requested_command_integral_rad": -1.6303571103877839,
  "actual_output_command_integral_rad": -1.6309624413520132,
  "ground_truth_yaw_delta_rad": -1.56031590884839,
  "raw_odom_yaw_delta_rad": -1.620065813409671,
  "imu_integrated_yaw_rad": -1.559196118884481,
  "ekf_yaw_delta_rad": -1.5603159170559184,
  "body_yaw_error_deg": 4.013065240232473,
  "request_to_output_delay_sec": 0.03999999999999915,
  "output_to_body_delay_sec": 0.060000000000002274,
  "rise_time_sec": 0.3399999999999963,
  "settling_time_sec": null,
  "overshoot_ratio": 0.22286657558541667,
  "steady_state_yaw_rate_gain": 0.17575143139047658,
  "integral_tracking_error_rad": 7.840042557260145,
  "ground_truth_heading_error_deg": 0.6004837158679909,
  "imu_feedback_heading_error_deg": 0.6943028649868911
}
