{
  "schema_version": 1,
  "trial_id": "heading_hot_m6p283185307179586_r9",
  "trial_type": "closed_loop_heading",
  "thermal_state": "hot",
  "feedback_source": "imu_angular_velocity_integral",
  "ground_truth_used_for_control": false,
  "target_heading_rad": -6.283185307179586,
  "feedback_heading_rad": -6.268417202240713,
  "runner_complete": true,
  "error": null,
  "complete": true,
  "sample_count": 970,
  "duration_sec": 19.379999999999995,
  "target_yaw_rate_rad_s": -0.35,
  "requested_command_integral_rad": -6.285726977285962,
  "actual_output_command_integral_rad": -6.289775223963137,
  "ground_truth_yaw_delta_rad": -6.270755408381801,
  "raw_odom_yaw_delta_rad": -6.289720439214652,
  "imu_integrated_yaw_rad": -6.26978289755512,
  "ekf_yaw_delta_rad": -6.270755425722113,
  "body_yaw_error_deg": 0.8578077108977386,
  "request_to_output_delay_sec": 0.01999999999999602,
  "output_to_body_delay_sec": 0.020000000000003126,
  "rise_time_sec": 0.3200000000000003,
  "settling_time_sec": null,
  "overshoot_ratio": 0.3791602278174011,
  "steady_state_yaw_rate_gain": 0.6770818258053248,
  "integral_tracking_error_rad": 6.005093620748084,
  "ground_truth_heading_error_deg": 0.7121807408878482,
  "imu_feedback_heading_error_deg": 0.846150084403719
}
