{
  "schema_version": 1,
  "trial_id": "heading_hot_3p141592653589793_r0",
  "trial_type": "closed_loop_heading",
  "thermal_state": "hot",
  "feedback_source": "imu_angular_velocity_integral",
  "ground_truth_used_for_control": false,
  "target_heading_rad": 3.141592653589793,
  "feedback_heading_rad": 3.1284316402603416,
  "runner_complete": true,
  "error": null,
  "complete": true,
  "sample_count": 531,
  "duration_sec": 10.600000000000009,
  "target_yaw_rate_rad_s": 0.35,
  "requested_command_integral_rad": 3.177111708729404,
  "actual_output_command_integral_rad": 3.1764183810805484,
  "ground_truth_yaw_delta_rad": 3.1291189948659315,
  "raw_odom_yaw_delta_rad": 3.1785451238444646,
  "imu_integrated_yaw_rad": 3.1298978589604145,
  "ekf_yaw_delta_rad": 3.1291190090675487,
  "body_yaw_error_deg": 2.7497799517559747,
  "request_to_output_delay_sec": 0.03999999999999915,
  "output_to_body_delay_sec": 0.020000000000003126,
  "rise_time_sec": 0.3200000000000003,
  "settling_time_sec": null,
  "overshoot_ratio": 0.3790980334359255,
  "steady_state_yaw_rate_gain": 0.35369356508661565,
  "integral_tracking_error_rad": 8.045847778366785,
  "ground_truth_heading_error_deg": 0.7146879999638122,
  "imu_feedback_heading_error_deg": 0.7540705178929918
}
