{
  "schema_version": 1,
  "trial_id": "heading_hot_1p5707963267948966_r4",
  "trial_type": "closed_loop_heading",
  "thermal_state": "hot",
  "feedback_source": "imu_angular_velocity_integral",
  "ground_truth_used_for_control": false,
  "target_heading_rad": 1.5707963267948966,
  "feedback_heading_rad": 1.5588080173187182,
  "runner_complete": true,
  "error": null,
  "complete": true,
  "sample_count": 307,
  "duration_sec": 6.1200000000000045,
  "target_yaw_rate_rad_s": 0.35,
  "requested_command_integral_rad": 1.6175222801776972,
  "actual_output_command_integral_rad": 1.6240529220261442,
  "ground_truth_yaw_delta_rad": 1.55939374731882,
  "raw_odom_yaw_delta_rad": 1.6264216013551325,
  "imu_integrated_yaw_rad": 1.5584518896176833,
  "ekf_yaw_delta_rad": 1.559393763038467,
  "body_yaw_error_deg": 3.330519602101189,
  "request_to_output_delay_sec": 0.01999999999999602,
  "output_to_body_delay_sec": 0.020000000000003126,
  "rise_time_sec": 0.3399999999999963,
  "settling_time_sec": null,
  "overshoot_ratio": 0.35948358589780693,
  "steady_state_yaw_rate_gain": 0.15694408700719115,
  "integral_tracking_error_rad": 0.27907854172902957,
  "ground_truth_heading_error_deg": 0.6533196795416821,
  "imu_feedback_heading_error_deg": 0.6868795364817101
}
