{
  "schema_version": 1,
  "trial_id": "heading_hot_m6p283185307179586_r8",
  "trial_type": "closed_loop_heading",
  "thermal_state": "hot",
  "feedback_source": "imu_angular_velocity_integral",
  "ground_truth_used_for_control": false,
  "target_heading_rad": -6.283185307179586,
  "feedback_heading_rad": -6.269738463589896,
  "runner_complete": true,
  "error": null,
  "complete": true,
  "sample_count": 968,
  "duration_sec": 19.340000000000003,
  "target_yaw_rate_rad_s": -0.35,
  "requested_command_integral_rad": -6.282827758806375,
  "actual_output_command_integral_rad": -6.287928220522181,
  "ground_truth_yaw_delta_rad": -6.270381071015747,
  "raw_odom_yaw_delta_rad": -6.289704959308168,
  "imu_integrated_yaw_rad": -6.270704517658584,
  "ekf_yaw_delta_rad": -6.270381088474608,
  "body_yaw_error_deg": 0.7131426793200317,
  "request_to_output_delay_sec": 0.020000000000003126,
  "output_to_body_delay_sec": 0.01999999999999602,
  "rise_time_sec": 0.3400000000000034,
  "settling_time_sec": null,
  "overshoot_ratio": 0.37901458952871825,
  "steady_state_yaw_rate_gain": 0.6829324488971115,
  "integral_tracking_error_rad": 8.513223867421653,
  "ground_truth_heading_error_deg": 0.7336286920767906,
  "imu_feedback_heading_error_deg": 0.770447385461818
}
