{
  "schema_version": 1,
  "trial_id": "heading_hot_m1p5707963267948966_r9",
  "trial_type": "closed_loop_heading",
  "thermal_state": "hot",
  "feedback_source": "imu_angular_velocity_integral",
  "ground_truth_used_for_control": false,
  "target_heading_rad": -1.5707963267948966,
  "feedback_heading_rad": -1.556254832800372,
  "runner_complete": true,
  "error": null,
  "complete": true,
  "sample_count": 303,
  "duration_sec": 6.039999999999999,
  "target_yaw_rate_rad_s": -0.35,
  "requested_command_integral_rad": -1.6177658173368796,
  "actual_output_command_integral_rad": -1.6179544023152883,
  "ground_truth_yaw_delta_rad": -1.5583168516066945,
  "raw_odom_yaw_delta_rad": -1.61587180938092,
  "imu_integrated_yaw_rad": -1.5553120144292762,
  "ekf_yaw_delta_rad": -1.5583168689669746,
  "body_yaw_error_deg": 3.4061748327574723,
  "request_to_output_delay_sec": 0.03999999999999915,
  "output_to_body_delay_sec": 0.020000000000003126,
  "rise_time_sec": 0.3200000000000003,
  "settling_time_sec": null,
  "overshoot_ratio": 0.23875192910898924,
  "steady_state_yaw_rate_gain": 0.15731812686761198,
  "integral_tracking_error_rad": 7.8300936850023115,
  "ground_truth_heading_error_deg": 0.7150212588222049,
  "imu_feedback_heading_error_deg": 0.8331662337010884
}
