{
  "schema_version": 1,
  "trial_id": "heading_cold_1p5707963267948966_r3",
  "trial_type": "closed_loop_heading",
  "thermal_state": "cold",
  "feedback_source": "imu_angular_velocity_integral",
  "ground_truth_used_for_control": false,
  "target_heading_rad": 1.5707963267948966,
  "feedback_heading_rad": 1.5571293876877823,
  "runner_complete": true,
  "error": null,
  "complete": true,
  "sample_count": 304,
  "duration_sec": 6.059999999999999,
  "target_yaw_rate_rad_s": 0.35,
  "requested_command_integral_rad": 1.641035932877659,
  "actual_output_command_integral_rad": 1.6494936497016635,
  "ground_truth_yaw_delta_rad": 1.5578614957593357,
  "raw_odom_yaw_delta_rad": 1.6514132137986532,
  "imu_integrated_yaw_rad": 1.5565570822809736,
  "ekf_yaw_delta_rad": 1.557861522602746,
  "body_yaw_error_deg": 4.7655442102561745,
  "request_to_output_delay_sec": 0.019999999999999574,
  "output_to_body_delay_sec": 0.0600000000000005,
  "rise_time_sec": 0.3600000000000012,
  "settling_time_sec": null,
  "overshoot_ratio": 0.24357504146147102,
  "steady_state_yaw_rate_gain": 0.1866520530186637,
  "integral_tracking_error_rad": 0.30140963976567525,
  "ground_truth_heading_error_deg": 0.7411112270524666,
  "imu_feedback_heading_error_deg": 0.7830579296999404
}
