{
  "schema_version": 1,
  "trial_id": "heading_cold_m1p5707963267948966_r2",
  "trial_type": "closed_loop_heading",
  "thermal_state": "cold",
  "feedback_source": "imu_angular_velocity_integral",
  "ground_truth_used_for_control": false,
  "target_heading_rad": -1.5707963267948966,
  "feedback_heading_rad": -1.5562255774273894,
  "runner_complete": true,
  "error": null,
  "complete": true,
  "sample_count": 307,
  "duration_sec": 6.119999999999999,
  "target_yaw_rate_rad_s": -0.35,
  "requested_command_integral_rad": -1.651317557262659,
  "actual_output_command_integral_rad": -1.6503970468868616,
  "ground_truth_yaw_delta_rad": -1.5581988407144813,
  "raw_odom_yaw_delta_rad": -1.6516416019416895,
  "imu_integrated_yaw_rad": -1.5580166320916855,
  "ekf_yaw_delta_rad": -1.558198867582118,
  "body_yaw_error_deg": 5.335309451885601,
  "request_to_output_delay_sec": 0.040000000000000924,
  "output_to_body_delay_sec": 0.05999999999999872,
  "rise_time_sec": 0.3600000000000012,
  "settling_time_sec": null,
  "overshoot_ratio": 0.24357504134509433,
  "steady_state_yaw_rate_gain": 0.17826017680447792,
  "integral_tracking_error_rad": 0.30079532704536893,
  "ground_truth_heading_error_deg": 0.7217827848825942,
  "imu_feedback_heading_error_deg": 0.8348424431010723
}
