{
  "schema_version": 1,
  "trial_id": "heading_hot_6p283185307179586_r9",
  "trial_type": "closed_loop_heading",
  "thermal_state": "hot",
  "feedback_source": "imu_angular_velocity_integral",
  "ground_truth_used_for_control": false,
  "target_heading_rad": 6.283185307179586,
  "feedback_heading_rad": 6.269687288288742,
  "runner_complete": true,
  "error": null,
  "complete": true,
  "sample_count": 976,
  "duration_sec": 19.5,
  "target_yaw_rate_rad_s": 0.35,
  "requested_command_integral_rad": 6.297014760290949,
  "actual_output_command_integral_rad": 6.296887080376932,
  "ground_truth_yaw_delta_rad": 6.270845539862749,
  "raw_odom_yaw_delta_rad": 6.2982417725549364,
  "imu_integrated_yaw_rad": 6.270095507993043,
  "ekf_yaw_delta_rad": 6.270845555064353,
  "body_yaw_error_deg": 1.4993858836834237,
  "request_to_output_delay_sec": 0.03999999999999915,
  "output_to_body_delay_sec": 0.020000000000003126,
  "rise_time_sec": 0.3399999999999963,
  "settling_time_sec": null,
  "overshoot_ratio": 0.3789805419131995,
  "steady_state_yaw_rate_gain": 0.5851098457919903,
  "integral_tracking_error_rad": 8.50359714745713,
  "ground_truth_heading_error_deg": 0.7070165874282609,
  "imu_feedback_heading_error_deg": 0.7733795142332057
}
