{
  "schema_version": 1,
  "trial_id": "heading_cold_3p141592653589793_r5",
  "trial_type": "closed_loop_heading",
  "thermal_state": "cold",
  "feedback_source": "imu_angular_velocity_integral",
  "ground_truth_used_for_control": false,
  "target_heading_rad": 3.141592653589793,
  "feedback_heading_rad": 3.127608132950015,
  "runner_complete": true,
  "error": null,
  "complete": true,
  "sample_count": 530,
  "duration_sec": 10.580000000000002,
  "target_yaw_rate_rad_s": 0.35,
  "requested_command_integral_rad": 3.2160508237022616,
  "actual_output_command_integral_rad": 3.207404526360107,
  "ground_truth_yaw_delta_rad": 3.12886008973074,
  "raw_odom_yaw_delta_rad": 3.2095179001006655,
  "imu_integrated_yaw_rad": 3.1275952268364042,
  "ekf_yaw_delta_rad": 3.128860116588428,
  "body_yaw_error_deg": 4.995661069216109,
  "request_to_output_delay_sec": 0.0600000000000005,
  "output_to_body_delay_sec": 0.0600000000000005,
  "rise_time_sec": 0.35999999999999943,
  "settling_time_sec": null,
  "overshoot_ratio": 0.37851390745559477,
  "steady_state_yaw_rate_gain": 0.4512282965391689,
  "integral_tracking_error_rad": 0.5303517481747896,
  "ground_truth_heading_error_deg": 0.7295221715045397,
  "imu_feedback_heading_error_deg": 0.8012540111728793
}
