{
  "schema_version": 1,
  "trial_id": "heading_cold_m3p141592653589793_r4",
  "trial_type": "closed_loop_heading",
  "thermal_state": "cold",
  "feedback_source": "imu_angular_velocity_integral",
  "ground_truth_used_for_control": false,
  "target_heading_rad": -3.141592653589793,
  "feedback_heading_rad": -3.1268755868680773,
  "runner_complete": true,
  "error": null,
  "complete": true,
  "sample_count": 530,
  "duration_sec": 10.58,
  "target_yaw_rate_rad_s": -0.35,
  "requested_command_integral_rad": -3.2132292939032925,
  "actual_output_command_integral_rad": -3.2121366515296494,
  "ground_truth_yaw_delta_rad": -3.1288035301971666,
  "raw_odom_yaw_delta_rad": -3.2094767081059823,
  "imu_integrated_yaw_rad": -3.1282007380221746,
  "ekf_yaw_delta_rad": -3.1288035570498627,
  "body_yaw_error_deg": 4.837239942529775,
  "request_to_output_delay_sec": 0.03999999999999915,
  "output_to_body_delay_sec": 0.0600000000000005,
  "rise_time_sec": 0.35999999999999943,
  "settling_time_sec": null,
  "overshoot_ratio": 0.37915853109628306,
  "steady_state_yaw_rate_gain": 0.4461675393079641,
  "integral_tracking_error_rad": 5.559045120880559,
  "ground_truth_heading_error_deg": 0.7327627940695314,
  "imu_feedback_heading_error_deg": 0.8432258099667496
}
