{
  "schema_version": 1,
  "trial_id": "heading_hot_6p283185307179586_r3",
  "trial_type": "closed_loop_heading",
  "thermal_state": "hot",
  "feedback_source": "imu_angular_velocity_integral",
  "ground_truth_used_for_control": false,
  "target_heading_rad": 6.283185307179586,
  "feedback_heading_rad": 6.2698106564909315,
  "runner_complete": true,
  "error": null,
  "complete": true,
  "sample_count": 975,
  "duration_sec": 19.480000000000004,
  "target_yaw_rate_rad_s": 0.35,
  "requested_command_integral_rad": 6.290671892999573,
  "actual_output_command_integral_rad": 6.297229095042114,
  "ground_truth_yaw_delta_rad": 6.271126851363237,
  "raw_odom_yaw_delta_rad": 6.298678265783568,
  "imu_integrated_yaw_rad": 6.267849888693793,
  "ekf_yaw_delta_rad": 6.2711268666766316,
  "body_yaw_error_deg": 1.119848396169475,
  "request_to_output_delay_sec": 0.01999999999999602,
  "output_to_body_delay_sec": 0.020000000000003126,
  "rise_time_sec": 0.3399999999999963,
  "settling_time_sec": null,
  "overshoot_ratio": 0.37907467716183274,
  "steady_state_yaw_rate_gain": 0.5842352447638979,
  "integral_tracking_error_rad": 8.503790847241236,
  "ground_truth_heading_error_deg": 0.6908986257217654,
  "imu_feedback_heading_error_deg": 0.7663110369216561
}
