{
  "schema_version": 1,
  "trial_id": "heading_cold_6p283185307179586_r2",
  "trial_type": "closed_loop_heading",
  "thermal_state": "cold",
  "feedback_source": "imu_angular_velocity_integral",
  "ground_truth_used_for_control": false,
  "target_heading_rad": 6.283185307179586,
  "feedback_heading_rad": 6.2721423082074645,
  "runner_complete": true,
  "error": null,
  "complete": true,
  "sample_count": 976,
  "duration_sec": 19.5,
  "target_yaw_rate_rad_s": 0.35,
  "requested_command_integral_rad": 6.3322044289766595,
  "actual_output_command_integral_rad": 6.326983119709827,
  "ground_truth_yaw_delta_rad": 6.274123080471202,
  "raw_odom_yaw_delta_rad": 6.328108730893173,
  "imu_integrated_yaw_rad": 6.272442304127565,
  "ekf_yaw_delta_rad": 6.274123107611591,
  "body_yaw_error_deg": 3.327816137791208,
  "request_to_output_delay_sec": 0.05999999999999872,
  "output_to_body_delay_sec": 0.060000000000002274,
  "rise_time_sec": 0.35999999999999943,
  "settling_time_sec": null,
  "overshoot_ratio": 0.3791583555501139,
  "steady_state_yaw_rate_gain": 0.6438940486652117,
  "integral_tracking_error_rad": 6.014392574482401,
  "ground_truth_heading_error_deg": 0.5192273433811718,
  "imu_feedback_heading_error_deg": 0.6327172342698789
}
