{
  "schema_version": 1,
  "trial_id": "heading_hot_3p141592653589793_r4",
  "trial_type": "closed_loop_heading",
  "thermal_state": "hot",
  "feedback_source": "imu_angular_velocity_integral",
  "ground_truth_used_for_control": false,
  "target_heading_rad": 3.141592653589793,
  "feedback_heading_rad": 3.1256277896722944,
  "runner_complete": true,
  "error": null,
  "complete": true,
  "sample_count": 528,
  "duration_sec": 10.54,
  "target_yaw_rate_rad_s": 0.35,
  "requested_command_integral_rad": 3.1719853999300076,
  "actual_output_command_integral_rad": 3.177563238845967,
  "ground_truth_yaw_delta_rad": 3.1258934756302112,
  "raw_odom_yaw_delta_rad": 3.1795826167956345,
  "imu_integrated_yaw_rad": 3.1256831442390394,
  "ekf_yaw_delta_rad": 3.125893490535229,
  "body_yaw_error_deg": 2.6408727320148135,
  "request_to_output_delay_sec": 0.020000000000003126,
  "output_to_body_delay_sec": 0.01999999999999602,
  "rise_time_sec": 0.3400000000000034,
  "settling_time_sec": null,
  "overshoot_ratio": 0.3786825281940591,
  "steady_state_yaw_rate_gain": 0.3705766871254689,
  "integral_tracking_error_rad": 5.532890864086367,
  "ground_truth_heading_error_deg": 0.8994966389088442,
  "imu_feedback_heading_error_deg": 0.9147193229733714
}
