{
  "schema_version": 1,
  "trial_id": "heading_cold_m3p141592653589793_r6",
  "trial_type": "closed_loop_heading",
  "thermal_state": "cold",
  "feedback_source": "imu_angular_velocity_integral",
  "ground_truth_used_for_control": false,
  "target_heading_rad": -3.141592653589793,
  "feedback_heading_rad": -3.1269220288923054,
  "runner_complete": true,
  "error": null,
  "complete": true,
  "sample_count": 530,
  "duration_sec": 10.58,
  "target_yaw_rate_rad_s": -0.35,
  "requested_command_integral_rad": -3.213997892970171,
  "actual_output_command_integral_rad": -3.218622416685444,
  "ground_truth_yaw_delta_rad": -3.128703645433305,
  "raw_odom_yaw_delta_rad": -3.2094036576714986,
  "imu_integrated_yaw_rad": -3.1287191541588593,
  "ekf_yaw_delta_rad": -3.1287036722782027,
  "body_yaw_error_deg": 4.887000400606557,
  "request_to_output_delay_sec": 0.019999999999999574,
  "output_to_body_delay_sec": 0.0799999999999983,
  "rise_time_sec": 0.360000000000003,
  "settling_time_sec": null,
  "overshoot_ratio": 0.3791585310962142,
  "steady_state_yaw_rate_gain": 0.44602448794212524,
  "integral_tracking_error_rad": 5.566453211592619,
  "ground_truth_heading_error_deg": 0.7384857694764735,
  "imu_feedback_heading_error_deg": 0.8405648779864353
}
