{
  "schema_version": 1,
  "trial_id": "heading_hot_m1p5707963267948966_r3",
  "trial_type": "closed_loop_heading",
  "thermal_state": "hot",
  "feedback_source": "imu_angular_velocity_integral",
  "ground_truth_used_for_control": false,
  "target_heading_rad": -1.5707963267948966,
  "feedback_heading_rad": -1.5570658065714134,
  "runner_complete": true,
  "error": null,
  "complete": true,
  "sample_count": 299,
  "duration_sec": 5.959999999999994,
  "target_yaw_rate_rad_s": -0.35,
  "requested_command_integral_rad": -1.605485855602574,
  "actual_output_command_integral_rad": -1.6143194193719266,
  "ground_truth_yaw_delta_rad": -1.5584178185607216,
  "raw_odom_yaw_delta_rad": -1.615927534012789,
  "imu_integrated_yaw_rad": -1.557535262313893,
  "ekf_yaw_delta_rad": -1.5584178359116914,
  "body_yaw_error_deg": 2.6967998724635645,
  "request_to_output_delay_sec": 0.020000000000003126,
  "output_to_body_delay_sec": 0.01999999999999602,
  "rise_time_sec": 0.3400000000000034,
  "settling_time_sec": null,
  "overshoot_ratio": 0.23314068324305448,
  "steady_state_yaw_rate_gain": 0.17256273237270744,
  "integral_tracking_error_rad": 5.31358103668132,
  "ground_truth_heading_error_deg": 0.709236278486163,
  "imu_feedback_heading_error_deg": 0.7867008593246113
}
