{
  "schema_version": 1,
  "trial_id": "heading_cold_m3p141592653589793_r8",
  "trial_type": "closed_loop_heading",
  "thermal_state": "cold",
  "feedback_source": "imu_angular_velocity_integral",
  "ground_truth_used_for_control": false,
  "target_heading_rad": -3.141592653589793,
  "feedback_heading_rad": -3.128188092891726,
  "runner_complete": true,
  "error": null,
  "complete": true,
  "sample_count": 529,
  "duration_sec": 10.559999999999999,
  "target_yaw_rate_rad_s": -0.35,
  "requested_command_integral_rad": -3.201896272261658,
  "actual_output_command_integral_rad": -3.2068710689441406,
  "ground_truth_yaw_delta_rad": -3.128902193313627,
  "raw_odom_yaw_delta_rad": -3.2095488730387443,
  "imu_integrated_yaw_rad": -3.1278121508539605,
  "ekf_yaw_delta_rad": -3.128902220174018,
  "body_yaw_error_deg": 4.1822526531669215,
  "request_to_output_delay_sec": 0.019999999999999574,
  "output_to_body_delay_sec": 0.0600000000000005,
  "rise_time_sec": 0.3600000000000012,
  "settling_time_sec": null,
  "overshoot_ratio": 0.37851390742430047,
  "steady_state_yaw_rate_gain": 0.4412821124038137,
  "integral_tracking_error_rad": 8.070734714028696,
  "ground_truth_heading_error_deg": 0.7271098139027461,
  "imu_feedback_heading_error_deg": 0.768024754226179
}
