{
  "schema_version": 1,
  "trial_id": "heading_hot_m1p5707963267948966_r2",
  "trial_type": "closed_loop_heading",
  "thermal_state": "hot",
  "feedback_source": "imu_angular_velocity_integral",
  "ground_truth_used_for_control": false,
  "target_heading_rad": -1.5707963267948966,
  "feedback_heading_rad": -1.5570772677742974,
  "runner_complete": true,
  "error": null,
  "complete": true,
  "sample_count": 299,
  "duration_sec": 5.960000000000001,
  "target_yaw_rate_rad_s": -0.35,
  "requested_command_integral_rad": -1.6067224490521135,
  "actual_output_command_integral_rad": -1.6137522101200898,
  "ground_truth_yaw_delta_rad": -1.5585985736689716,
  "raw_odom_yaw_delta_rad": -1.6161799040315041,
  "imu_integrated_yaw_rad": -1.556780814456588,
  "ekf_yaw_delta_rad": -1.5585985910457594,
  "body_yaw_error_deg": 2.757294953267548,
  "request_to_output_delay_sec": 0.01999999999999602,
  "output_to_body_delay_sec": 0.020000000000003126,
  "rise_time_sec": 0.3399999999999963,
  "settling_time_sec": null,
  "overshoot_ratio": 0.23287397709390967,
  "steady_state_yaw_rate_gain": 0.1720644259007155,
  "integral_tracking_error_rad": 5.314510455898402,
  "ground_truth_heading_error_deg": 0.6988797736580078,
  "imu_feedback_heading_error_deg": 0.7860441807712099
}
