{
  "schema_version": 1,
  "trial_id": "heading_cold_3p141592653589793_r0",
  "trial_type": "closed_loop_heading",
  "thermal_state": "cold",
  "feedback_source": "imu_angular_velocity_integral",
  "ground_truth_used_for_control": false,
  "target_heading_rad": 3.141592653589793,
  "feedback_heading_rad": 3.1280633408751606,
  "runner_complete": true,
  "error": null,
  "complete": true,
  "sample_count": 530,
  "duration_sec": 10.579999999999998,
  "target_yaw_rate_rad_s": 0.35,
  "requested_command_integral_rad": 3.2153962243087424,
  "actual_output_command_integral_rad": 3.207979147222453,
  "ground_truth_yaw_delta_rad": 3.129249231858344,
  "raw_odom_yaw_delta_rad": 3.209802445439666,
  "imu_integrated_yaw_rad": 3.1285846307992102,
  "ekf_yaw_delta_rad": 3.1292492587463245,
  "body_yaw_error_deg": 4.935859085153205,
  "request_to_output_delay_sec": 0.05999999999999872,
  "output_to_body_delay_sec": 0.060000000000002274,
  "rise_time_sec": 0.35999999999999943,
  "settling_time_sec": null,
  "overshoot_ratio": 0.3785139074028796,
  "steady_state_yaw_rate_gain": 0.45173554870622995,
  "integral_tracking_error_rad": 0.5301535084183635,
  "ground_truth_heading_error_deg": 0.7072259699621086,
  "imu_feedback_heading_error_deg": 0.775172518261127
}
