{
  "schema_version": 1,
  "trial_id": "heading_hot_3p141592653589793_r6",
  "trial_type": "closed_loop_heading",
  "thermal_state": "hot",
  "feedback_source": "imu_angular_velocity_integral",
  "ground_truth_used_for_control": false,
  "target_heading_rad": 3.141592653589793,
  "feedback_heading_rad": 3.1295071320437673,
  "runner_complete": true,
  "error": null,
  "complete": true,
  "sample_count": 531,
  "duration_sec": 10.600000000000001,
  "target_yaw_rate_rad_s": 0.35,
  "requested_command_integral_rad": 3.174535421003595,
  "actual_output_command_integral_rad": 3.182551408199254,
  "ground_truth_yaw_delta_rad": 3.1309917882661153,
  "raw_odom_yaw_delta_rad": 3.181256299097943,
  "imu_integrated_yaw_rad": 3.1304460265913807,
  "ekf_yaw_delta_rad": 3.130991849872003,
  "body_yaw_error_deg": 2.494866380525279,
  "request_to_output_delay_sec": 0.01999999999999602,
  "output_to_body_delay_sec": 0.020000000000003126,
  "rise_time_sec": 0.3200000000000003,
  "settling_time_sec": null,
  "overshoot_ratio": 0.37915840995019523,
  "steady_state_yaw_rate_gain": 0.35421406734535865,
  "integral_tracking_error_rad": 8.050146913094773,
  "ground_truth_heading_error_deg": 0.6073848422333213,
  "imu_feedback_heading_error_deg": 0.6924493778017013
}
