{
  "schema_version": 1,
  "trial_id": "heading_hot_3p141592653589793_r5",
  "trial_type": "closed_loop_heading",
  "thermal_state": "hot",
  "feedback_source": "imu_angular_velocity_integral",
  "ground_truth_used_for_control": false,
  "target_heading_rad": 3.141592653589793,
  "feedback_heading_rad": 3.1302793947473098,
  "runner_complete": true,
  "error": null,
  "complete": true,
  "sample_count": 532,
  "duration_sec": 10.619999999999997,
  "target_yaw_rate_rad_s": 0.35,
  "requested_command_integral_rad": 3.198560495541436,
  "actual_output_command_integral_rad": 3.19956438115974,
  "ground_truth_yaw_delta_rad": 3.1312936207272375,
  "raw_odom_yaw_delta_rad": 3.198140138610787,
  "imu_integrated_yaw_rad": 3.129580336054877,
  "ekf_yaw_delta_rad": 3.1312936904793665,
  "body_yaw_error_deg": 3.8541080278884254,
  "request_to_output_delay_sec": 0.03999999999999915,
  "output_to_body_delay_sec": 0.03999999999999915,
  "rise_time_sec": 0.35999999999999943,
  "settling_time_sec": null,
  "overshoot_ratio": 0.37915888699730815,
  "steady_state_yaw_rate_gain": 0.4053835091120927,
  "integral_tracking_error_rad": 8.057559418862592,
  "ground_truth_heading_error_deg": 0.5900911160909762,
  "imu_feedback_heading_error_deg": 0.6482019842133552
}
