{
  "schema_version": 1,
  "trial_id": "heading_cold_1p5707963267948966_r7",
  "trial_type": "closed_loop_heading",
  "thermal_state": "cold",
  "feedback_source": "imu_angular_velocity_integral",
  "ground_truth_used_for_control": false,
  "target_heading_rad": 1.5707963267948966,
  "feedback_heading_rad": 1.5580845293306786,
  "runner_complete": true,
  "error": null,
  "complete": true,
  "sample_count": 309,
  "duration_sec": 6.159999999999998,
  "target_yaw_rate_rad_s": 0.35,
  "requested_command_integral_rad": 1.653513578067182,
  "actual_output_command_integral_rad": 1.6522980505021274,
  "ground_truth_yaw_delta_rad": 1.55825179269909,
  "raw_odom_yaw_delta_rad": 1.6516976614940955,
  "imu_integrated_yaw_rad": 1.5583232447158115,
  "ekf_yaw_delta_rad": 1.5582518195714306,
  "body_yaw_error_deg": 5.4580982504727675,
  "request_to_output_delay_sec": 0.03999999999999915,
  "output_to_body_delay_sec": 0.0600000000000005,
  "rise_time_sec": 0.35999999999999943,
  "settling_time_sec": null,
  "overshoot_ratio": 0.24117064237814034,
  "steady_state_yaw_rate_gain": 0.18122307098930848,
  "integral_tracking_error_rad": 0.3059293501781099,
  "ground_truth_heading_error_deg": 0.7187488596476774,
  "imu_feedback_heading_error_deg": 0.7283323447247884
}
