{
  "schema_version": 1,
  "trial_id": "heading_cold_3p141592653589793_r1",
  "trial_type": "closed_loop_heading",
  "thermal_state": "cold",
  "feedback_source": "imu_angular_velocity_integral",
  "ground_truth_used_for_control": false,
  "target_heading_rad": 3.141592653589793,
  "feedback_heading_rad": 3.1266765801335428,
  "runner_complete": true,
  "error": null,
  "complete": true,
  "sample_count": 531,
  "duration_sec": 10.600000000000001,
  "target_yaw_rate_rad_s": 0.35,
  "requested_command_integral_rad": 3.2138569706515963,
  "actual_output_command_integral_rad": 3.2120550827004806,
  "ground_truth_yaw_delta_rad": 3.1289269986829145,
  "raw_odom_yaw_delta_rad": 3.2095666112357515,
  "imu_integrated_yaw_rad": 3.126681508184818,
  "ekf_yaw_delta_rad": 3.1289270255450177,
  "body_yaw_error_deg": 4.866128947969854,
  "request_to_output_delay_sec": 0.040000000000000924,
  "output_to_body_delay_sec": 0.0600000000000005,
  "rise_time_sec": 0.35999999999999943,
  "settling_time_sec": null,
  "overshoot_ratio": 0.379158531043996,
  "steady_state_yaw_rate_gain": 0.44216271400824764,
  "integral_tracking_error_rad": 0.5327020027059736,
  "ground_truth_heading_error_deg": 0.7256885709333086,
  "imu_feedback_heading_error_deg": 0.8546280559502596
}
