{
  "schema_version": 1,
  "trial_id": "heading_hot_1p5707963267948966_r9",
  "trial_type": "closed_loop_heading",
  "thermal_state": "hot",
  "feedback_source": "imu_angular_velocity_integral",
  "ground_truth_used_for_control": false,
  "target_heading_rad": 1.5707963267948966,
  "feedback_heading_rad": 1.558241705511716,
  "runner_complete": true,
  "error": null,
  "complete": true,
  "sample_count": 308,
  "duration_sec": 6.140000000000001,
  "target_yaw_rate_rad_s": 0.35,
  "requested_command_integral_rad": 1.6228156767812998,
  "actual_output_command_integral_rad": 1.6227332041725584,
  "ground_truth_yaw_delta_rad": 1.5587908488768005,
  "raw_odom_yaw_delta_rad": 1.6246467774596618,
  "imu_integrated_yaw_rad": 1.557867039798584,
  "ekf_yaw_delta_rad": 1.5587908641228065,
  "body_yaw_error_deg": 3.66835242297923,
  "request_to_output_delay_sec": 0.03999999999999915,
  "output_to_body_delay_sec": 0.020000000000003126,
  "rise_time_sec": 0.3399999999999963,
  "settling_time_sec": null,
  "overshoot_ratio": 0.36427594389689943,
  "steady_state_yaw_rate_gain": 0.15639129079873093,
  "integral_tracking_error_rad": 0.2782283241133156,
  "ground_truth_heading_error_deg": 0.6878632157444088,
  "imu_feedback_heading_error_deg": 0.7193268129113682
}
