{
  "schema_version": 1,
  "trial_id": "heading_cold_6p283185307179586_r8",
  "trial_type": "closed_loop_heading",
  "thermal_state": "cold",
  "feedback_source": "imu_angular_velocity_integral",
  "ground_truth_used_for_control": false,
  "target_heading_rad": 6.283185307179586,
  "feedback_heading_rad": 6.269271164318746,
  "runner_complete": true,
  "error": null,
  "complete": true,
  "sample_count": 974,
  "duration_sec": 19.46,
  "target_yaw_rate_rad_s": 0.35,
  "requested_command_integral_rad": 6.324703302227384,
  "actual_output_command_integral_rad": 6.323374936624659,
  "ground_truth_yaw_delta_rad": 6.270145390118104,
  "raw_odom_yaw_delta_rad": 6.325211047912172,
  "imu_integrated_yaw_rad": 6.269917349254447,
  "ekf_yaw_delta_rad": 6.270145416951785,
  "body_yaw_error_deg": 3.12593810290741,
  "request_to_output_delay_sec": 0.03999999999999915,
  "output_to_body_delay_sec": 0.05999999999999872,
  "rise_time_sec": 0.35999999999999943,
  "settling_time_sec": null,
  "overshoot_ratio": 0.3791583555500053,
  "steady_state_yaw_rate_gain": 0.6443011908143711,
  "integral_tracking_error_rad": 6.014049248213717,
  "ground_truth_heading_error_deg": 0.7471322128235466,
  "imu_feedback_heading_error_deg": 0.7972216614682315
}
