{
  "schema_version": 1,
  "trial_id": "heading_hot_m1p5707963267948966_r5",
  "trial_type": "closed_loop_heading",
  "thermal_state": "hot",
  "feedback_source": "imu_angular_velocity_integral",
  "ground_truth_used_for_control": false,
  "target_heading_rad": -1.5707963267948966,
  "feedback_heading_rad": -1.5568586055363265,
  "runner_complete": true,
  "error": null,
  "complete": true,
  "sample_count": 301,
  "duration_sec": 6.0,
  "target_yaw_rate_rad_s": -0.35,
  "requested_command_integral_rad": -1.6154517067981733,
  "actual_output_command_integral_rad": -1.6147271772014224,
  "ground_truth_yaw_delta_rad": -1.5580617935221148,
  "raw_odom_yaw_delta_rad": -1.6156524108625716,
  "imu_integrated_yaw_rad": -1.5567624330808214,
  "ekf_yaw_delta_rad": -1.5580618109028408,
  "body_yaw_error_deg": 3.288199817339962,
  "request_to_output_delay_sec": 0.03999999999999915,
  "output_to_body_delay_sec": 0.020000000000003126,
  "rise_time_sec": 0.3400000000000034,
  "settling_time_sec": null,
  "overshoot_ratio": 0.22632575826145662,
  "steady_state_yaw_rate_gain": 0.17010571954789225,
  "integral_tracking_error_rad": 5.312820760538595,
  "ground_truth_heading_error_deg": 0.7296350105993129,
  "imu_feedback_heading_error_deg": 0.798572604145831
}
