{
  "schema_version": 1,
  "trial_id": "heading_cold_m3p141592653589793_r0",
  "trial_type": "closed_loop_heading",
  "thermal_state": "cold",
  "feedback_source": "imu_angular_velocity_integral",
  "ground_truth_used_for_control": false,
  "target_heading_rad": -3.141592653589793,
  "feedback_heading_rad": -3.1321349116454855,
  "runner_complete": true,
  "error": null,
  "complete": true,
  "sample_count": 532,
  "duration_sec": 10.620000000000001,
  "target_yaw_rate_rad_s": -0.35,
  "requested_command_integral_rad": -3.226233269830074,
  "actual_output_command_integral_rad": -3.214170365503816,
  "ground_truth_yaw_delta_rad": -3.1330231447884893,
  "raw_odom_yaw_delta_rad": -3.212544150412132,
  "imu_integrated_yaw_rad": -3.131141070408654,
  "ekf_yaw_delta_rad": -3.133023171969822,
  "body_yaw_error_deg": 5.340546772769468,
  "request_to_output_delay_sec": 0.08000000000000007,
  "output_to_body_delay_sec": 0.0600000000000005,
  "rise_time_sec": 0.35999999999999943,
  "settling_time_sec": null,
  "overshoot_ratio": 0.37915853109634834,
  "steady_state_yaw_rate_gain": 0.45752871199589185,
  "integral_tracking_error_rad": 5.561257235516694,
  "ground_truth_heading_error_deg": 0.4909966868149212,
  "imu_feedback_heading_error_deg": 0.5418886971326785
}
