{
  "schema_version": 1,
  "trial_id": "heading_cold_1p5707963267948966_r6",
  "trial_type": "closed_loop_heading",
  "thermal_state": "cold",
  "feedback_source": "imu_angular_velocity_integral",
  "ground_truth_used_for_control": false,
  "target_heading_rad": 1.5707963267948966,
  "feedback_heading_rad": 1.5563569776945643,
  "runner_complete": true,
  "error": null,
  "complete": true,
  "sample_count": 307,
  "duration_sec": 6.119999999999997,
  "target_yaw_rate_rad_s": 0.35,
  "requested_command_integral_rad": 1.6520271660143282,
  "actual_output_command_integral_rad": 1.650428030833968,
  "ground_truth_yaw_delta_rad": 1.5581460969804786,
  "raw_odom_yaw_delta_rad": 1.651620371892174,
  "imu_integrated_yaw_rad": 1.5559423205752396,
  "ekf_yaw_delta_rad": 1.5581461238440053,
  "body_yaw_error_deg": 5.378989031815909,
  "request_to_output_delay_sec": 0.03999999999999915,
  "output_to_body_delay_sec": 0.05999999999999872,
  "rise_time_sec": 0.360000000000003,
  "settling_time_sec": null,
  "overshoot_ratio": 0.24357504147308529,
  "steady_state_yaw_rate_gain": 0.17825027927628598,
  "integral_tracking_error_rad": 0.30070714999190734,
  "ground_truth_heading_error_deg": 0.7248047782367135,
  "imu_feedback_heading_error_deg": 0.8273137623650624
}
