{
  "schema_version": 1,
  "trial_id": "heading_hot_6p283185307179586_r0",
  "trial_type": "closed_loop_heading",
  "thermal_state": "hot",
  "feedback_source": "imu_angular_velocity_integral",
  "ground_truth_used_for_control": false,
  "target_heading_rad": 6.283185307179586,
  "feedback_heading_rad": 6.2696010067921675,
  "runner_complete": true,
  "error": null,
  "complete": true,
  "sample_count": 975,
  "duration_sec": 19.479999999999997,
  "target_yaw_rate_rad_s": 0.35,
  "requested_command_integral_rad": 6.288945629684952,
  "actual_output_command_integral_rad": 6.295011142345382,
  "ground_truth_yaw_delta_rad": 6.271076003107062,
  "raw_odom_yaw_delta_rad": 6.296590937363736,
  "imu_integrated_yaw_rad": 6.269498004532774,
  "ekf_yaw_delta_rad": 6.271076072435575,
  "body_yaw_error_deg": 1.0238541843879099,
  "request_to_output_delay_sec": 0.020000000000003126,
  "output_to_body_delay_sec": 0.01999999999999602,
  "rise_time_sec": 0.3400000000000034,
  "settling_time_sec": null,
  "overshoot_ratio": 0.3790496285870044,
  "steady_state_yaw_rate_gain": 0.5811119588308934,
  "integral_tracking_error_rad": 5.990139071185056,
  "ground_truth_heading_error_deg": 0.6938120161962162,
  "imu_feedback_heading_error_deg": 0.7783230798370239
}
