{
  "schema_version": 1,
  "trial_id": "heading_hot_m6p283185307179586_r2",
  "trial_type": "closed_loop_heading",
  "thermal_state": "hot",
  "feedback_source": "imu_angular_velocity_integral",
  "ground_truth_used_for_control": false,
  "target_heading_rad": -6.283185307179586,
  "feedback_heading_rad": -6.271988931237323,
  "runner_complete": true,
  "error": null,
  "complete": true,
  "sample_count": 969,
  "duration_sec": 19.360000000000007,
  "target_yaw_rate_rad_s": -0.35,
  "requested_command_integral_rad": -6.295754007314435,
  "actual_output_command_integral_rad": -6.303862709916962,
  "ground_truth_yaw_delta_rad": -6.273798771111661,
  "raw_odom_yaw_delta_rad": -6.304945710374948,
  "imu_integrated_yaw_rad": -6.273819847864825,
  "ekf_yaw_delta_rad": -6.273798754103409,
  "body_yaw_error_deg": 1.257942372631779,
  "request_to_output_delay_sec": 0.01999999999999602,
  "output_to_body_delay_sec": 0.020000000000003126,
  "rise_time_sec": 0.3399999999999963,
  "settling_time_sec": null,
  "overshoot_ratio": 0.379158380612697,
  "steady_state_yaw_rate_gain": 0.6739059612497017,
  "integral_tracking_error_rad": 8.51769452428703,
  "ground_truth_heading_error_deg": 0.5378089009394414,
  "imu_feedback_heading_error_deg": 0.6415050873334849
}
