{
  "schema_version": 1,
  "trial_id": "heading_cold_3p141592653589793_r2",
  "trial_type": "closed_loop_heading",
  "thermal_state": "cold",
  "feedback_source": "imu_angular_velocity_integral",
  "ground_truth_used_for_control": false,
  "target_heading_rad": 3.141592653589793,
  "feedback_heading_rad": 3.128432127236064,
  "runner_complete": true,
  "error": null,
  "complete": true,
  "sample_count": 530,
  "duration_sec": 10.58,
  "target_yaw_rate_rad_s": 0.35,
  "requested_command_integral_rad": 3.2152211862932405,
  "actual_output_command_integral_rad": 3.207785254276099,
  "ground_truth_yaw_delta_rad": 3.129514343353042,
  "raw_odom_yaw_delta_rad": 3.209995672651423,
  "imu_integrated_yaw_rad": 3.128592008855167,
  "ekf_yaw_delta_rad": 3.129514370261597,
  "body_yaw_error_deg": 4.910640375863995,
  "request_to_output_delay_sec": 0.0600000000000005,
  "output_to_body_delay_sec": 0.0600000000000005,
  "rise_time_sec": 0.35999999999999943,
  "settling_time_sec": null,
  "overshoot_ratio": 0.37851390742407,
  "steady_state_yaw_rate_gain": 0.45211000089900605,
  "integral_tracking_error_rad": 0.5306252448533584,
  "ground_truth_heading_error_deg": 0.6920362002155025,
  "imu_feedback_heading_error_deg": 0.7540426162393722
}
