{
  "schema_version": 1,
  "trial_id": "heading_cold_1p5707963267948966_r1",
  "trial_type": "closed_loop_heading",
  "thermal_state": "cold",
  "feedback_source": "imu_angular_velocity_integral",
  "ground_truth_used_for_control": false,
  "target_heading_rad": 1.5707963267948966,
  "feedback_heading_rad": 1.5571650440501,
  "runner_complete": true,
  "error": null,
  "complete": true,
  "sample_count": 306,
  "duration_sec": 6.100000000000001,
  "target_yaw_rate_rad_s": 0.35,
  "requested_command_integral_rad": 1.6497095124701406,
  "actual_output_command_integral_rad": 1.649211795194933,
  "ground_truth_yaw_delta_rad": 1.5580458911875648,
  "raw_odom_yaw_delta_rad": 1.6515476598872638,
  "imu_integrated_yaw_rad": 1.555489705335643,
  "ekf_yaw_delta_rad": 1.5580459180453718,
  "body_yaw_error_deg": 5.251938634377148,
  "request_to_output_delay_sec": 0.03999999999999915,
  "output_to_body_delay_sec": 0.0600000000000005,
  "rise_time_sec": 0.35999999999999943,
  "settling_time_sec": null,
  "overshoot_ratio": 0.2435750412987705,
  "steady_state_yaw_rate_gain": 0.1836205867764645,
  "integral_tracking_error_rad": 0.3018547807347914,
  "ground_truth_heading_error_deg": 0.7305461472534367,
  "imu_feedback_heading_error_deg": 0.7810149706263516
}
