{
  "schema_version": 1,
  "trial_id": "heading_hot_3p141592653589793_r9",
  "trial_type": "closed_loop_heading",
  "thermal_state": "hot",
  "feedback_source": "imu_angular_velocity_integral",
  "ground_truth_used_for_control": false,
  "target_heading_rad": 3.141592653589793,
  "feedback_heading_rad": 3.12914063591519,
  "runner_complete": true,
  "error": null,
  "complete": true,
  "sample_count": 530,
  "duration_sec": 10.579999999999998,
  "target_yaw_rate_rad_s": 0.35,
  "requested_command_integral_rad": 3.1783462242414564,
  "actual_output_command_integral_rad": 3.1842784557887858,
  "ground_truth_yaw_delta_rad": 3.1301253538221663,
  "raw_odom_yaw_delta_rad": 3.183524089732937,
  "imu_integrated_yaw_rad": 3.129165599133354,
  "ekf_yaw_delta_rad": 3.1301253693066213,
  "body_yaw_error_deg": 2.7628523594725607,
  "request_to_output_delay_sec": 0.020000000000003126,
  "output_to_body_delay_sec": 0.020000000000003126,
  "rise_time_sec": 0.3200000000000003,
  "settling_time_sec": null,
  "overshoot_ratio": 0.37915871181667926,
  "steady_state_yaw_rate_gain": 0.3633090765608097,
  "integral_tracking_error_rad": 8.051258037379931,
  "ground_truth_heading_error_deg": 0.6570278790963674,
  "imu_feedback_heading_error_deg": 0.7134480591770715
}
