{
  "schema_version": 1,
  "trial_id": "heading_cold_m1p5707963267948966_r0",
  "trial_type": "closed_loop_heading",
  "thermal_state": "cold",
  "feedback_source": "imu_angular_velocity_integral",
  "ground_truth_used_for_control": false,
  "target_heading_rad": -1.5707963267948966,
  "feedback_heading_rad": -1.557484667961573,
  "runner_complete": true,
  "error": null,
  "complete": true,
  "sample_count": 323,
  "duration_sec": 6.439999999999998,
  "target_yaw_rate_rad_s": -0.35,
  "requested_command_integral_rad": -1.770423504619538,
  "actual_output_command_integral_rad": -1.6115212777949008,
  "ground_truth_yaw_delta_rad": -1.5587595798946992,
  "raw_odom_yaw_delta_rad": -1.65206800428747,
  "imu_integrated_yaw_rad": -1.55666167733922,
  "ekf_yaw_delta_rad": -1.5587596068064755,
  "body_yaw_error_deg": 12.127449561908021,
  "request_to_output_delay_sec": 0.5,
  "output_to_body_delay_sec": 0.0,
  "rise_time_sec": 0.35999999999999943,
  "settling_time_sec": null,
  "overshoot_ratio": 0.24117064238991404,
  "steady_state_yaw_rate_gain": 0.1955781418786122,
  "integral_tracking_error_rad": 0.26857524133099436,
  "ground_truth_heading_error_deg": 0.6896547964484876,
  "imu_feedback_heading_error_deg": 0.7627018694674794
}
