{
  "schema_version": 1,
  "trial_id": "heading_cold_1p5707963267948966_r4",
  "trial_type": "closed_loop_heading",
  "thermal_state": "cold",
  "feedback_source": "imu_angular_velocity_integral",
  "ground_truth_used_for_control": false,
  "target_heading_rad": 1.5707963267948966,
  "feedback_heading_rad": 1.5569609407689085,
  "runner_complete": true,
  "error": null,
  "complete": true,
  "sample_count": 306,
  "duration_sec": 6.100000000000001,
  "target_yaw_rate_rad_s": 0.35,
  "requested_command_integral_rad": 1.6499987978303594,
  "actual_output_command_integral_rad": 1.649862899435561,
  "ground_truth_yaw_delta_rad": 1.5584934728634374,
  "raw_odom_yaw_delta_rad": 1.6518725937551708,
  "imu_integrated_yaw_rad": 1.5580364778090696,
  "ekf_yaw_delta_rad": 1.5584934997545696,
  "body_yaw_error_deg": 5.242868923577709,
  "request_to_output_delay_sec": 0.03999999999999915,
  "output_to_body_delay_sec": 0.05999999999999872,
  "rise_time_sec": 0.35999999999999943,
  "settling_time_sec": null,
  "overshoot_ratio": 0.2435750414498321,
  "steady_state_yaw_rate_gain": 0.18606255682552447,
  "integral_tracking_error_rad": 0.30164994293514696,
  "ground_truth_heading_error_deg": 0.7049016062385406,
  "imu_feedback_heading_error_deg": 0.7927092272233948
}
