{
  "schema_version": 1,
  "trial_id": "heading_hot_m3p141592653589793_r5",
  "trial_type": "closed_loop_heading",
  "thermal_state": "hot",
  "feedback_source": "imu_angular_velocity_integral",
  "ground_truth_used_for_control": false,
  "target_heading_rad": -3.141592653589793,
  "feedback_heading_rad": -3.1286839374996895,
  "runner_complete": true,
  "error": null,
  "complete": true,
  "sample_count": 523,
  "duration_sec": 10.439999999999998,
  "target_yaw_rate_rad_s": -0.35,
  "requested_command_integral_rad": -3.171572277137812,
  "actual_output_command_integral_rad": -3.1710572178237877,
  "ground_truth_yaw_delta_rad": -3.128982263622035,
  "raw_odom_yaw_delta_rad": -3.1737157094158963,
  "imu_integrated_yaw_rad": -3.1292155056053086,
  "ekf_yaw_delta_rad": -3.1289822809960723,
  "body_yaw_error_deg": 2.440228023859159,
  "request_to_output_delay_sec": 0.03999999999999915,
  "output_to_body_delay_sec": 0.020000000000003126,
  "rise_time_sec": 0.3400000000000034,
  "settling_time_sec": null,
  "overshoot_ratio": 0.37813801711856887,
  "steady_state_yaw_rate_gain": 0.4852749671390231,
  "integral_tracking_error_rad": 0.5167571778890052,
  "ground_truth_heading_error_deg": 0.7225221231666531,
  "imu_feedback_heading_error_deg": 0.7396149508955527
}
