{
  "schema_version": 1,
  "trial_id": "heading_cold_m3p141592653589793_r3",
  "trial_type": "closed_loop_heading",
  "thermal_state": "cold",
  "feedback_source": "imu_angular_velocity_integral",
  "ground_truth_used_for_control": false,
  "target_heading_rad": -3.141592653589793,
  "feedback_heading_rad": -3.126887473405384,
  "runner_complete": true,
  "error": null,
  "complete": true,
  "sample_count": 530,
  "duration_sec": 10.58,
  "target_yaw_rate_rad_s": -0.35,
  "requested_command_integral_rad": -3.213520379881298,
  "actual_output_command_integral_rad": -3.211832104528078,
  "ground_truth_yaw_delta_rad": -3.1287762777487145,
  "raw_odom_yaw_delta_rad": -3.209456601460957,
  "imu_integrated_yaw_rad": -3.1286251662788924,
  "ekf_yaw_delta_rad": -3.1287763045992834,
  "body_yaw_error_deg": 4.85547939082263,
  "request_to_output_delay_sec": 0.03999999999999915,
  "output_to_body_delay_sec": 0.0600000000000005,
  "rise_time_sec": 0.35999999999999943,
  "settling_time_sec": null,
  "overshoot_ratio": 0.37915853110685993,
  "steady_state_yaw_rate_gain": 0.4461337497128925,
  "integral_tracking_error_rad": 5.559324595991208,
  "ground_truth_heading_error_deg": 0.7343242443472369,
  "imu_feedback_heading_error_deg": 0.8425447615460405
}
