{
  "schema_version": 1,
  "trial_id": "heading_cold_m1p5707963267948966_r1",
  "trial_type": "closed_loop_heading",
  "thermal_state": "cold",
  "feedback_source": "imu_angular_velocity_integral",
  "ground_truth_used_for_control": false,
  "target_heading_rad": -1.5707963267948966,
  "feedback_heading_rad": -1.5565938164736564,
  "runner_complete": true,
  "error": null,
  "complete": true,
  "sample_count": 307,
  "duration_sec": 6.120000000000001,
  "target_yaw_rate_rad_s": -0.35,
  "requested_command_integral_rad": -1.6504603057027298,
  "actual_output_command_integral_rad": -1.650136263762336,
  "ground_truth_yaw_delta_rad": -1.558229159690785,
  "raw_odom_yaw_delta_rad": -1.6516810531446602,
  "imu_integrated_yaw_rad": -1.5564107367063227,
  "ekf_yaw_delta_rad": -1.558229186560782,
  "body_yaw_error_deg": 5.2844554061392985,
  "request_to_output_delay_sec": 0.03999999999999915,
  "output_to_body_delay_sec": 0.0600000000000005,
  "rise_time_sec": 0.35999999999999943,
  "settling_time_sec": null,
  "overshoot_ratio": 0.2435750414732223,
  "steady_state_yaw_rate_gain": 0.1773040917811169,
  "integral_tracking_error_rad": 0.3010802422799335,
  "ground_truth_heading_error_deg": 0.7200456355012426,
  "imu_feedback_heading_error_deg": 0.8137438998980546
}
