{
  "schema_version": 1,
  "trial_id": "heading_hot_m1p5707963267948966_r4",
  "trial_type": "closed_loop_heading",
  "thermal_state": "hot",
  "feedback_source": "imu_angular_velocity_integral",
  "ground_truth_used_for_control": false,
  "target_heading_rad": -1.5707963267948966,
  "feedback_heading_rad": -1.5576326341664166,
  "runner_complete": true,
  "error": null,
  "complete": true,
  "sample_count": 301,
  "duration_sec": 6.0,
  "target_yaw_rate_rad_s": -0.35,
  "requested_command_integral_rad": -1.6114266903379773,
  "actual_output_command_integral_rad": -1.617302952780743,
  "ground_truth_yaw_delta_rad": -1.5589705142345593,
  "raw_odom_yaw_delta_rad": -1.6156080870660667,
  "imu_integrated_yaw_rad": -1.5572484936812743,
  "ekf_yaw_delta_rad": -1.5589705312864484,
  "body_yaw_error_deg": 3.0055175001208503,
  "request_to_output_delay_sec": 0.020000000000003126,
  "output_to_body_delay_sec": 0.01999999999999602,
  "rise_time_sec": 0.3200000000000003,
  "settling_time_sec": null,
  "overshoot_ratio": 0.23130334910572237,
  "steady_state_yaw_rate_gain": 0.16571510544292942,
  "integral_tracking_error_rad": 5.317056826117347,
  "ground_truth_heading_error_deg": 0.6775691490201204,
  "imu_feedback_heading_error_deg": 0.7542240304193737
}
