{
  "schema_version": 1,
  "trial_id": "heading_hot_m3p141592653589793_r4",
  "trial_type": "closed_loop_heading",
  "thermal_state": "hot",
  "feedback_source": "imu_angular_velocity_integral",
  "ground_truth_used_for_control": false,
  "target_heading_rad": -3.141592653589793,
  "feedback_heading_rad": -3.1275708831422735,
  "runner_complete": true,
  "error": null,
  "complete": true,
  "sample_count": 525,
  "duration_sec": 10.479999999999997,
  "target_yaw_rate_rad_s": -0.35,
  "requested_command_integral_rad": -3.1773555235408675,
  "actual_output_command_integral_rad": -3.178011909425272,
  "ground_truth_yaw_delta_rad": -3.129422738321114,
  "raw_odom_yaw_delta_rad": -3.175791296772898,
  "imu_integrated_yaw_rad": -3.125827929055152,
  "ekf_yaw_delta_rad": -3.129422756199059,
  "body_yaw_error_deg": 2.746346293398929,
  "request_to_output_delay_sec": 0.03999999999999915,
  "output_to_body_delay_sec": 0.020000000000003126,
  "rise_time_sec": 0.3400000000000034,
  "settling_time_sec": null,
  "overshoot_ratio": 0.3791602922338724,
  "steady_state_yaw_rate_gain": 0.48223383712628737,
  "integral_tracking_error_rad": 0.5195513796682522,
  "ground_truth_heading_error_deg": 0.6972847819271356,
  "imu_feedback_heading_error_deg": 0.8033882679441379
}
