{
  "schema_version": 1,
  "trial_id": "heading_cold_m1p5707963267948966_r4",
  "trial_type": "closed_loop_heading",
  "thermal_state": "cold",
  "feedback_source": "imu_angular_velocity_integral",
  "ground_truth_used_for_control": false,
  "target_heading_rad": -1.5707963267948966,
  "feedback_heading_rad": -1.5566029938461898,
  "runner_complete": true,
  "error": null,
  "complete": true,
  "sample_count": 308,
  "duration_sec": 6.140000000000001,
  "target_yaw_rate_rad_s": -0.35,
  "requested_command_integral_rad": -1.6588080655053958,
  "actual_output_command_integral_rad": -1.6494896914202497,
  "ground_truth_yaw_delta_rad": -1.558001219401491,
  "raw_odom_yaw_delta_rad": -1.6515148721585489,
  "imu_integrated_yaw_rad": -1.5577427575546459,
  "ekf_yaw_delta_rad": -1.55800124625372,
  "body_yaw_error_deg": 5.775806827778556,
  "request_to_output_delay_sec": 0.05999999999999872,
  "output_to_body_delay_sec": 0.05999999999999872,
  "rise_time_sec": 0.360000000000003,
  "settling_time_sec": null,
  "overshoot_ratio": 0.2435750414035145,
  "steady_state_yaw_rate_gain": 0.177685864681867,
  "integral_tracking_error_rad": 0.3015201129139562,
  "ground_truth_heading_error_deg": 0.7331056520587775,
  "imu_feedback_heading_error_deg": 0.8132180751848672
}
