{
  "schema_version": 1,
  "trial_id": "heading_hot_m3p141592653589793_r7",
  "trial_type": "closed_loop_heading",
  "thermal_state": "hot",
  "feedback_source": "imu_angular_velocity_integral",
  "ground_truth_used_for_control": false,
  "target_heading_rad": -3.141592653589793,
  "feedback_heading_rad": -3.128703691081713,
  "runner_complete": true,
  "error": null,
  "complete": true,
  "sample_count": 523,
  "duration_sec": 10.439999999999998,
  "target_yaw_rate_rad_s": -0.35,
  "requested_command_integral_rad": -3.171563616819336,
  "actual_output_command_integral_rad": -3.1709871641988343,
  "ground_truth_yaw_delta_rad": -3.1285960070859815,
  "raw_odom_yaw_delta_rad": -3.1733784429336165,
  "imu_integrated_yaw_rad": -3.1287004275860224,
  "ekf_yaw_delta_rad": -3.12859602449752,
  "body_yaw_error_deg": 2.4618626934864465,
  "request_to_output_delay_sec": 0.03999999999999915,
  "output_to_body_delay_sec": 0.020000000000003126,
  "rise_time_sec": 0.3400000000000034,
  "settling_time_sec": null,
  "overshoot_ratio": 0.3781641767940056,
  "steady_state_yaw_rate_gain": 0.48480286471096434,
  "integral_tracking_error_rad": 0.5164757528819046,
  "ground_truth_heading_error_deg": 0.7446529924918619,
  "imu_feedback_heading_error_deg": 0.738483154015344
}
