{
  "schema_version": 1,
  "trial_id": "heading_hot_6p283185307179586_r4",
  "trial_type": "closed_loop_heading",
  "thermal_state": "hot",
  "feedback_source": "imu_angular_velocity_integral",
  "ground_truth_used_for_control": false,
  "target_heading_rad": 6.283185307179586,
  "feedback_heading_rad": 6.270681543335958,
  "runner_complete": true,
  "error": null,
  "complete": true,
  "sample_count": 974,
  "duration_sec": 19.459999999999994,
  "target_yaw_rate_rad_s": 0.35,
  "requested_command_integral_rad": 6.301862113806824,
  "actual_output_command_integral_rad": 6.309587709499433,
  "ground_truth_yaw_delta_rad": 6.271667198303547,
  "raw_odom_yaw_delta_rad": 6.311096932102225,
  "imu_integrated_yaw_rad": 6.269711685039485,
  "ekf_yaw_delta_rad": 6.271667256181529,
  "body_yaw_error_deg": 1.7300412210919367,
  "request_to_output_delay_sec": 0.020000000000003126,
  "output_to_body_delay_sec": 0.01999999999999602,
  "rise_time_sec": 0.3400000000000034,
  "settling_time_sec": null,
  "overshoot_ratio": 0.379026665361093,
  "steady_state_yaw_rate_gain": 0.609003521927951,
  "integral_tracking_error_rad": 5.995896687354339,
  "ground_truth_heading_error_deg": 0.6599390265692319,
  "imu_feedback_heading_error_deg": 0.716412896268164
}
