{
  "schema_version": 1,
  "trial_id": "heading_cold_1p5707963267948966_r8",
  "trial_type": "closed_loop_heading",
  "thermal_state": "cold",
  "feedback_source": "imu_angular_velocity_integral",
  "ground_truth_used_for_control": false,
  "target_heading_rad": 1.5707963267948966,
  "feedback_heading_rad": 1.5576767980003667,
  "runner_complete": true,
  "error": null,
  "complete": true,
  "sample_count": 308,
  "duration_sec": 6.140000000000001,
  "target_yaw_rate_rad_s": 0.35,
  "requested_command_integral_rad": 1.6539460127049563,
  "actual_output_command_integral_rad": 1.6533340629880773,
  "ground_truth_yaw_delta_rad": 1.5588701237866112,
  "raw_odom_yaw_delta_rad": 1.6521248788215448,
  "imu_integrated_yaw_rad": 1.559100353222586,
  "ekf_yaw_delta_rad": 1.5588701507069471,
  "body_yaw_error_deg": 5.447447168475812,
  "request_to_output_delay_sec": 0.03999999999999915,
  "output_to_body_delay_sec": 0.060000000000002274,
  "rise_time_sec": 0.35999999999999943,
  "settling_time_sec": null,
  "overshoot_ratio": 0.2411706423899338,
  "steady_state_yaw_rate_gain": 0.18195646586010164,
  "integral_tracking_error_rad": 0.305475880422218,
  "ground_truth_heading_error_deg": 0.6833210979909792,
  "imu_feedback_heading_error_deg": 0.7516936291269154
}
