{
  "schema_version": 1,
  "trial_id": "heading_cold_m1p5707963267948966_r3",
  "trial_type": "closed_loop_heading",
  "thermal_state": "cold",
  "feedback_source": "imu_angular_velocity_integral",
  "ground_truth_used_for_control": false,
  "target_heading_rad": -1.5707963267948966,
  "feedback_heading_rad": -1.5562031737537925,
  "runner_complete": true,
  "error": null,
  "complete": true,
  "sample_count": 308,
  "duration_sec": 6.140000000000001,
  "target_yaw_rate_rad_s": -0.35,
  "requested_command_integral_rad": -1.6573473195459314,
  "actual_output_command_integral_rad": -1.6497008670866289,
  "ground_truth_yaw_delta_rad": -1.5578835575122596,
  "raw_odom_yaw_delta_rad": -1.6514289490407663,
  "imu_integrated_yaw_rad": -1.5570562116138704,
  "ekf_yaw_delta_rad": -1.5578835843553018,
  "body_yaw_error_deg": 5.698853779022948,
  "request_to_output_delay_sec": 0.05999999999999872,
  "output_to_body_delay_sec": 0.060000000000002274,
  "rise_time_sec": 0.35999999999999943,
  "settling_time_sec": null,
  "overshoot_ratio": 0.24357504139201036,
  "steady_state_yaw_rate_gain": 0.17780754855945377,
  "integral_tracking_error_rad": 0.30117174206577607,
  "ground_truth_heading_error_deg": 0.7398471817212694,
  "imu_feedback_heading_error_deg": 0.8361260790437668
}
