{
  "schema_version": 1,
  "trial_id": "heading_cold_6p283185307179586_r4",
  "trial_type": "closed_loop_heading",
  "thermal_state": "cold",
  "feedback_source": "imu_angular_velocity_integral",
  "ground_truth_used_for_control": false,
  "target_heading_rad": 6.283185307179586,
  "feedback_heading_rad": 6.269688619306268,
  "runner_complete": true,
  "error": null,
  "complete": true,
  "sample_count": 975,
  "duration_sec": 19.48,
  "target_yaw_rate_rad_s": 0.35,
  "requested_command_integral_rad": 6.334868160421293,
  "actual_output_command_integral_rad": 6.32443842874331,
  "ground_truth_yaw_delta_rad": 6.270548218822123,
  "raw_odom_yaw_delta_rad": 6.325505681806853,
  "imu_integrated_yaw_rad": 6.271368239609728,
  "ekf_yaw_delta_rad": 6.2705482456872526,
  "body_yaw_error_deg": 3.6852611921604006,
  "request_to_output_delay_sec": 0.08000000000000185,
  "output_to_body_delay_sec": 0.05999999999999872,
  "rise_time_sec": 0.35999999999999943,
  "settling_time_sec": null,
  "overshoot_ratio": 0.37915835556057353,
  "steady_state_yaw_rate_gain": 0.644567339539569,
  "integral_tracking_error_rad": 6.013349049211131,
  "ground_truth_heading_error_deg": 0.72405182821656,
  "imu_feedback_heading_error_deg": 0.7733032525465349
}
