{
  "schema_version": 1,
  "trial_id": "heading_cold_6p283185307179586_r6",
  "trial_type": "closed_loop_heading",
  "thermal_state": "cold",
  "feedback_source": "imu_angular_velocity_integral",
  "ground_truth_used_for_control": false,
  "target_heading_rad": 6.283185307179586,
  "feedback_heading_rad": 6.2721521066207835,
  "runner_complete": true,
  "error": null,
  "complete": true,
  "sample_count": 975,
  "duration_sec": 19.479999999999997,
  "target_yaw_rate_rad_s": 0.35,
  "requested_command_integral_rad": 6.326762215189947,
  "actual_output_command_integral_rad": 6.327105659339529,
  "ground_truth_yaw_delta_rad": 6.2741501132819115,
  "raw_odom_yaw_delta_rad": 6.328128325665979,
  "imu_integrated_yaw_rad": 6.273474656350858,
  "ekf_yaw_delta_rad": 6.274150140424333,
  "body_yaw_error_deg": 3.0144513906426296,
  "request_to_output_delay_sec": 0.040000000000000924,
  "output_to_body_delay_sec": 0.0600000000000005,
  "rise_time_sec": 0.3600000000000012,
  "settling_time_sec": null,
  "overshoot_ratio": 0.37915835556070476,
  "steady_state_yaw_rate_gain": 0.6430314638686546,
  "integral_tracking_error_rad": 6.014297071547105,
  "ground_truth_heading_error_deg": 0.517678477419117,
  "imu_feedback_heading_error_deg": 0.6321558265407788
}
