{
  "schema_version": 1,
  "trial_id": "heading_cold_m1p5707963267948966_r7",
  "trial_type": "closed_loop_heading",
  "thermal_state": "cold",
  "feedback_source": "imu_angular_velocity_integral",
  "ground_truth_used_for_control": false,
  "target_heading_rad": -1.5707963267948966,
  "feedback_heading_rad": -1.5613513249607431,
  "runner_complete": true,
  "error": null,
  "complete": true,
  "sample_count": 307,
  "duration_sec": 6.120000000000001,
  "target_yaw_rate_rad_s": -0.35,
  "requested_command_integral_rad": -1.6498591993184164,
  "actual_output_command_integral_rad": -1.6481800071000619,
  "ground_truth_yaw_delta_rad": -1.5620889397615931,
  "raw_odom_yaw_delta_rad": -1.6544906536283184,
  "imu_integrated_yaw_rad": -1.562646423896203,
  "ekf_yaw_delta_rad": -1.5620889669326037,
  "body_yaw_error_deg": 5.028865439373753,
  "request_to_output_delay_sec": 0.03999999999999915,
  "output_to_body_delay_sec": 0.0400000000000027,
  "rise_time_sec": 0.35999999999999943,
  "settling_time_sec": null,
  "overshoot_ratio": 0.24117064235489338,
  "steady_state_yaw_rate_gain": 0.18610447394478458,
  "integral_tracking_error_rad": 0.2999188151473416,
  "ground_truth_heading_error_deg": 0.4988965275952251,
  "imu_feedback_heading_error_deg": 0.5411587425903126
}
