{
  "schema_version": 1,
  "trial_id": "heading_cold_m1p5707963267948966_r5",
  "trial_type": "closed_loop_heading",
  "thermal_state": "cold",
  "feedback_source": "imu_angular_velocity_integral",
  "ground_truth_used_for_control": false,
  "target_heading_rad": -1.5707963267948966,
  "feedback_heading_rad": -1.556713499878486,
  "runner_complete": true,
  "error": null,
  "complete": true,
  "sample_count": 306,
  "duration_sec": 6.099999999999998,
  "target_yaw_rate_rad_s": -0.35,
  "requested_command_integral_rad": -1.6558300682571776,
  "actual_output_command_integral_rad": -1.6498488593179688,
  "ground_truth_yaw_delta_rad": -1.5583501004104987,
  "raw_odom_yaw_delta_rad": -1.6517694665882616,
  "imu_integrated_yaw_rad": -1.5565543713263397,
  "ekf_yaw_delta_rad": -1.5583501272920026,
  "body_yaw_error_deg": 5.585190744685669,
  "request_to_output_delay_sec": 0.05999999999999872,
  "output_to_body_delay_sec": 0.060000000000002274,
  "rise_time_sec": 0.35999999999999943,
  "settling_time_sec": null,
  "overshoot_ratio": 0.243575041613038,
  "steady_state_yaw_rate_gain": 0.19290856444309942,
  "integral_tracking_error_rad": 0.30149028047979215,
  "ground_truth_heading_error_deg": 0.713116242690367,
  "imu_feedback_heading_error_deg": 0.8068865459235631
}
