{
  "schema_version": 1,
  "trial_id": "heading_hot_m3p141592653589793_r0",
  "trial_type": "closed_loop_heading",
  "thermal_state": "hot",
  "feedback_source": "imu_angular_velocity_integral",
  "ground_truth_used_for_control": false,
  "target_heading_rad": -3.141592653589793,
  "feedback_heading_rad": -3.1271576373149736,
  "runner_complete": true,
  "error": null,
  "complete": true,
  "sample_count": 523,
  "duration_sec": 10.439999999999998,
  "target_yaw_rate_rad_s": -0.35,
  "requested_command_integral_rad": -3.16980154117938,
  "actual_output_command_integral_rad": -3.176753439190677,
  "ground_truth_yaw_delta_rad": -3.1294055724686456,
  "raw_odom_yaw_delta_rad": -3.1742627736921953,
  "imu_integrated_yaw_rad": -3.1270232187520985,
  "ekf_yaw_delta_rad": -3.129405589868745,
  "body_yaw_error_deg": 2.314518516467615,
  "request_to_output_delay_sec": 0.020000000000003126,
  "output_to_body_delay_sec": 0.01999999999999602,
  "rise_time_sec": 0.3200000000000003,
  "settling_time_sec": null,
  "overshoot_ratio": 0.37916115380406823,
  "steady_state_yaw_rate_gain": 0.4805992544428502,
  "integral_tracking_error_rad": 0.5187403973467208,
  "ground_truth_heading_error_deg": 0.6982683128253168,
  "imu_feedback_heading_error_deg": 0.8270655097498112
}
