{
  "schema_version": 1,
  "trial_id": "heading_cold_3p141592653589793_r8",
  "trial_type": "closed_loop_heading",
  "thermal_state": "cold",
  "feedback_source": "imu_angular_velocity_integral",
  "ground_truth_used_for_control": false,
  "target_heading_rad": 3.141592653589793,
  "feedback_heading_rad": 3.1265809382241168,
  "runner_complete": true,
  "error": null,
  "complete": true,
  "sample_count": 529,
  "duration_sec": 10.559999999999999,
  "target_yaw_rate_rad_s": 0.35,
  "requested_command_integral_rad": 3.2119429225213674,
  "actual_output_command_integral_rad": 3.211789501746112,
  "ground_truth_yaw_delta_rad": 3.128759242654321,
  "raw_odom_yaw_delta_rad": 3.209443938299425,
  "imu_integrated_yaw_rad": 3.1260288091784707,
  "ekf_yaw_delta_rad": 3.1287592695041386,
  "body_yaw_error_deg": 4.766073780749106,
  "request_to_output_delay_sec": 0.03999999999999915,
  "output_to_body_delay_sec": 0.060000000000002274,
  "rise_time_sec": 0.35999999999999943,
  "settling_time_sec": null,
  "overshoot_ratio": 0.37915853112788844,
  "steady_state_yaw_rate_gain": 0.4560632654000506,
  "integral_tracking_error_rad": 0.5327997911432474,
  "ground_truth_heading_error_deg": 0.7353002833595814,
  "imu_feedback_heading_error_deg": 0.8601079337049427
}
