{
  "schema_version": 1,
  "trial_id": "heading_cold_m1p5707963267948966_r6",
  "trial_type": "closed_loop_heading",
  "thermal_state": "cold",
  "feedback_source": "imu_angular_velocity_integral",
  "ground_truth_used_for_control": false,
  "target_heading_rad": -1.5707963267948966,
  "feedback_heading_rad": -1.556665549028963,
  "runner_complete": true,
  "error": null,
  "complete": true,
  "sample_count": 307,
  "duration_sec": 6.119999999999999,
  "target_yaw_rate_rad_s": -0.35,
  "requested_command_integral_rad": -1.6549656357072207,
  "actual_output_command_integral_rad": -1.6532251471732842,
  "ground_truth_yaw_delta_rad": -1.5578275823044336,
  "raw_odom_yaw_delta_rad": -1.6513879666899214,
  "imu_integrated_yaw_rad": -1.5595003344169691,
  "ekf_yaw_delta_rad": -1.5578276091436798,
  "body_yaw_error_deg": 5.565600490096101,
  "request_to_output_delay_sec": 0.03999999999999915,
  "output_to_body_delay_sec": 0.0600000000000005,
  "rise_time_sec": 0.35999999999999943,
  "settling_time_sec": null,
  "overshoot_ratio": 0.24117064236640728,
  "steady_state_yaw_rate_gain": 0.18155011208813554,
  "integral_tracking_error_rad": 0.3045297630026732,
  "ground_truth_heading_error_deg": 0.7430543248870649,
  "imu_feedback_heading_error_deg": 0.8096339272252995
}
