{
  "schema_version": 1,
  "trial_id": "heading_cold_m6p283185307179586_r9",
  "trial_type": "closed_loop_heading",
  "thermal_state": "cold",
  "feedback_source": "imu_angular_velocity_integral",
  "ground_truth_used_for_control": false,
  "target_heading_rad": -6.283185307179586,
  "feedback_heading_rad": -6.267461085699117,
  "runner_complete": true,
  "error": null,
  "complete": true,
  "sample_count": 975,
  "duration_sec": 19.48,
  "target_yaw_rate_rad_s": -0.35,
  "requested_command_integral_rad": -6.333867543456072,
  "actual_output_command_integral_rad": -6.333715218899867,
  "ground_truth_yaw_delta_rad": -6.267906212922786,
  "raw_odom_yaw_delta_rad": -6.323576800112961,
  "imu_integrated_yaw_rad": -6.269098897072535,
  "ekf_yaw_delta_rad": -6.267906239578918,
  "body_yaw_error_deg": 3.7793058506246875,
  "request_to_output_delay_sec": 0.03999999999999915,
  "output_to_body_delay_sec": 0.0799999999999983,
  "rise_time_sec": 0.35999999999999943,
  "settling_time_sec": null,
  "overshoot_ratio": 0.37911784942794946,
  "steady_state_yaw_rate_gain": 0.6458401071682051,
  "integral_tracking_error_rad": 6.025986279027393,
  "ground_truth_heading_error_deg": 0.8754276156972258,
  "imu_feedback_heading_error_deg": 0.9009315269598331
}
