{
  "schema_version": 1,
  "trial_id": "heading_hot_6p283185307179586_r7",
  "trial_type": "closed_loop_heading",
  "thermal_state": "hot",
  "feedback_source": "imu_angular_velocity_integral",
  "ground_truth_used_for_control": false,
  "target_heading_rad": 6.283185307179586,
  "feedback_heading_rad": 6.270993227210665,
  "runner_complete": true,
  "error": null,
  "complete": true,
  "sample_count": 975,
  "duration_sec": 19.480000000000004,
  "target_yaw_rate_rad_s": 0.35,
  "requested_command_integral_rad": 6.293205840198028,
  "actual_output_command_integral_rad": 6.307186489215526,
  "ground_truth_yaw_delta_rad": 6.271568827675197,
  "raw_odom_yaw_delta_rad": 6.2988479909198825,
  "imu_integrated_yaw_rad": 6.270304738824093,
  "ekf_yaw_delta_rad": 6.271568842952527,
  "body_yaw_error_deg": 1.2397094988299204,
  "request_to_output_delay_sec": 0.0,
  "output_to_body_delay_sec": 0.03999999999999915,
  "rise_time_sec": 0.3200000000000003,
  "settling_time_sec": null,
  "overshoot_ratio": 0.3790810147633912,
  "steady_state_yaw_rate_gain": 0.5864835046885813,
  "integral_tracking_error_rad": 6.0017802592544385,
  "ground_truth_heading_error_deg": 0.6655752484017208,
  "imu_feedback_heading_error_deg": 0.6985547257051664
}
