{
  "schema_version": 1,
  "trial_id": "heading_cold_m3p141592653589793_r1",
  "trial_type": "closed_loop_heading",
  "thermal_state": "cold",
  "feedback_source": "imu_angular_velocity_integral",
  "ground_truth_used_for_control": false,
  "target_heading_rad": -3.141592653589793,
  "feedback_heading_rad": -3.127568995895489,
  "runner_complete": true,
  "error": null,
  "complete": true,
  "sample_count": 528,
  "duration_sec": 10.54,
  "target_yaw_rate_rad_s": -0.35,
  "requested_command_integral_rad": -3.205494928258004,
  "actual_output_command_integral_rad": -3.2150490064319186,
  "ground_truth_yaw_delta_rad": -3.129029985564793,
  "raw_odom_yaw_delta_rad": -3.209641811987994,
  "imu_integrated_yaw_rad": -3.128149710318435,
  "ekf_yaw_delta_rad": -3.12903001243572,
  "body_yaw_error_deg": 4.3811184970307,
  "request_to_output_delay_sec": 0.019999999999999574,
  "output_to_body_delay_sec": 0.08000000000000007,
  "rise_time_sec": 0.35999999999999943,
  "settling_time_sec": null,
  "overshoot_ratio": 0.3785139073924242,
  "steady_state_yaw_rate_gain": 0.4514573474562399,
  "integral_tracking_error_rad": 8.076699592537956,
  "ground_truth_heading_error_deg": 0.719787857256459,
  "imu_feedback_heading_error_deg": 0.8034963992197967
}
