{
  "schema_version": 1,
  "trial_id": "heading_cold_1p5707963267948966_r5",
  "trial_type": "closed_loop_heading",
  "thermal_state": "cold",
  "feedback_source": "imu_angular_velocity_integral",
  "ground_truth_used_for_control": false,
  "target_heading_rad": 1.5707963267948966,
  "feedback_heading_rad": 1.55660543289001,
  "runner_complete": true,
  "error": null,
  "complete": true,
  "sample_count": 308,
  "duration_sec": 6.139999999999999,
  "target_yaw_rate_rad_s": 0.35,
  "requested_command_integral_rad": 1.658418897311446,
  "actual_output_command_integral_rad": 1.6494052870242086,
  "ground_truth_yaw_delta_rad": 1.5582757703356402,
  "raw_odom_yaw_delta_rad": 1.6517153876240256,
  "imu_integrated_yaw_rad": 1.5579191290840235,
  "ekf_yaw_delta_rad": 1.5582757972092665,
  "body_yaw_error_deg": 5.737778522956372,
  "request_to_output_delay_sec": 0.0600000000000005,
  "output_to_body_delay_sec": 0.0600000000000005,
  "rise_time_sec": 0.35999999999999943,
  "settling_time_sec": null,
  "overshoot_ratio": 0.24357504131020602,
  "steady_state_yaw_rate_gain": 0.17758824518054064,
  "integral_tracking_error_rad": 0.3018595260440325,
  "ground_truth_heading_error_deg": 0.7173750422706485,
  "imu_feedback_heading_error_deg": 0.8130783282679196
}
