{
  "schema_version": 1,
  "trial_id": "heading_cold_6p283185307179586_r1",
  "trial_type": "closed_loop_heading",
  "thermal_state": "cold",
  "feedback_source": "imu_angular_velocity_integral",
  "ground_truth_used_for_control": false,
  "target_heading_rad": 6.283185307179586,
  "feedback_heading_rad": 6.268260812067242,
  "runner_complete": true,
  "error": null,
  "complete": true,
  "sample_count": 975,
  "duration_sec": 19.479999999999997,
  "target_yaw_rate_rad_s": 0.35,
  "requested_command_integral_rad": 6.328865285809365,
  "actual_output_command_integral_rad": 6.327473038261748,
  "ground_truth_yaw_delta_rad": 6.270099962482256,
  "raw_odom_yaw_delta_rad": 6.325178469839094,
  "imu_integrated_yaw_rad": 6.267666479139085,
  "ekf_yaw_delta_rad": 6.270099989311804,
  "body_yaw_error_deg": 3.367005008365046,
  "request_to_output_delay_sec": 0.03999999999999915,
  "output_to_body_delay_sec": 0.060000000000002274,
  "rise_time_sec": 0.35999999999999943,
  "settling_time_sec": null,
  "overshoot_ratio": 0.37915898385196645,
  "steady_state_yaw_rate_gain": 0.6421540053852365,
  "integral_tracking_error_rad": 8.53009296960414,
  "ground_truth_heading_error_deg": 0.7497350246309276,
  "imu_feedback_heading_error_deg": 0.855110581300972
}
