{
  "schema_version": 1,
  "trial_id": "heading_hot_1p5707963267948966_r7",
  "trial_type": "closed_loop_heading",
  "thermal_state": "hot",
  "feedback_source": "imu_angular_velocity_integral",
  "ground_truth_used_for_control": false,
  "target_heading_rad": 1.5707963267948966,
  "feedback_heading_rad": 1.5575312637644585,
  "runner_complete": true,
  "error": null,
  "complete": true,
  "sample_count": 309,
  "duration_sec": 6.160000000000004,
  "target_yaw_rate_rad_s": 0.35,
  "requested_command_integral_rad": 1.6201399607625877,
  "actual_output_command_integral_rad": 1.620290744788595,
  "ground_truth_yaw_delta_rad": 1.559254539915846,
  "raw_odom_yaw_delta_rad": 1.6250966180603694,
  "imu_integrated_yaw_rad": 1.555665480013604,
  "ekf_yaw_delta_rad": 1.5592545552208408,
  "body_yaw_error_deg": 3.4884776483961417,
  "request_to_output_delay_sec": 0.03999999999999915,
  "output_to_body_delay_sec": 0.0,
  "rise_time_sec": 0.3200000000000003,
  "settling_time_sec": null,
  "overshoot_ratio": 0.3643447205722701,
  "steady_state_yaw_rate_gain": 0.14760882052503746,
  "integral_tracking_error_rad": 0.27407520104827643,
  "ground_truth_heading_error_deg": 0.6612956762090703,
  "imu_feedback_heading_error_deg": 0.7600321266191189
}
