{
  "schema_version": 1,
  "trial_id": "heading_hot_1p5707963267948966_r2",
  "trial_type": "closed_loop_heading",
  "thermal_state": "hot",
  "feedback_source": "imu_angular_velocity_integral",
  "ground_truth_used_for_control": false,
  "target_heading_rad": 1.5707963267948966,
  "feedback_heading_rad": 1.5574796201093843,
  "runner_complete": true,
  "error": null,
  "complete": true,
  "sample_count": 309,
  "duration_sec": 6.160000000000004,
  "target_yaw_rate_rad_s": 0.35,
  "requested_command_integral_rad": 1.6215299240945553,
  "actual_output_command_integral_rad": 1.6284047731634774,
  "ground_truth_yaw_delta_rad": 1.559203693471918,
  "raw_odom_yaw_delta_rad": 1.6268595310601934,
  "imu_integrated_yaw_rad": 1.558834386277691,
  "ekf_yaw_delta_rad": 1.5592037095359588,
  "body_yaw_error_deg": 3.571029967636147,
  "request_to_output_delay_sec": 0.01999999999999602,
  "output_to_body_delay_sec": 0.020000000000003126,
  "rise_time_sec": 0.3200000000000003,
  "settling_time_sec": null,
  "overshoot_ratio": 0.35721041068623594,
  "steady_state_yaw_rate_gain": 0.14833950291437306,
  "integral_tracking_error_rad": 0.28225828836631184,
  "ground_truth_heading_error_deg": 0.6642089628493899,
  "imu_feedback_heading_error_deg": 0.7629910900934971
}
