{
  "schema_version": 1,
  "trial_id": "heading_cold_3p141592653589793_r4",
  "trial_type": "closed_loop_heading",
  "thermal_state": "cold",
  "feedback_source": "imu_angular_velocity_integral",
  "ground_truth_used_for_control": false,
  "target_heading_rad": 3.141592653589793,
  "feedback_heading_rad": 3.1272636012232575,
  "runner_complete": true,
  "error": null,
  "complete": true,
  "sample_count": 529,
  "duration_sec": 10.559999999999999,
  "target_yaw_rate_rad_s": 0.35,
  "requested_command_integral_rad": 3.212233835930526,
  "actual_output_command_integral_rad": 3.211706194550127,
  "ground_truth_yaw_delta_rad": 3.128936849535508,
  "raw_odom_yaw_delta_rad": 3.209573749176628,
  "imu_integrated_yaw_rad": 3.1263854467345946,
  "ekf_yaw_delta_rad": 3.1289368764006937,
  "body_yaw_error_deg": 4.772565766593165,
  "request_to_output_delay_sec": 0.03999999999999915,
  "output_to_body_delay_sec": 0.060000000000002274,
  "rise_time_sec": 0.35999999999999943,
  "settling_time_sec": null,
  "overshoot_ratio": 0.3791585310960075,
  "steady_state_yaw_rate_gain": 0.45630247133900215,
  "integral_tracking_error_rad": 0.5330605890709328,
  "ground_truth_heading_error_deg": 0.7251241586550875,
  "imu_feedback_heading_error_deg": 0.8209942250244334
}
