{
  "schema_version": 1,
  "trial_id": "heading_hot_m1p5707963267948966_r6",
  "trial_type": "closed_loop_heading",
  "thermal_state": "hot",
  "feedback_source": "imu_angular_velocity_integral",
  "ground_truth_used_for_control": false,
  "target_heading_rad": -1.5707963267948966,
  "feedback_heading_rad": -1.5607219034206408,
  "runner_complete": true,
  "error": null,
  "complete": true,
  "sample_count": 303,
  "duration_sec": 6.039999999999999,
  "target_yaw_rate_rad_s": -0.35,
  "requested_command_integral_rad": -1.6193790059667348,
  "actual_output_command_integral_rad": -1.6216944092115093,
  "ground_truth_yaw_delta_rad": -1.5628776770883583,
  "raw_odom_yaw_delta_rad": -1.6194909641264654,
  "imu_integrated_yaw_rad": -1.5602650527164654,
  "ekf_yaw_delta_rad": -1.5628776940485236,
  "body_yaw_error_deg": 3.237287681611608,
  "request_to_output_delay_sec": 0.04000000000000625,
  "output_to_body_delay_sec": 0.01999999999999602,
  "rise_time_sec": 0.3200000000000003,
  "settling_time_sec": null,
  "overshoot_ratio": 0.22749004871118994,
  "steady_state_yaw_rate_gain": 0.1676686339439433,
  "integral_tracking_error_rad": 7.830910840645835,
  "ground_truth_heading_error_deg": 0.4537052076271477,
  "imu_feedback_heading_error_deg": 0.5772219403728027
}
