{
  "schema_version": 1,
  "trial_id": "heading_cold_1p5707963267948966_r0",
  "trial_type": "closed_loop_heading",
  "thermal_state": "cold",
  "feedback_source": "imu_angular_velocity_integral",
  "ground_truth_used_for_control": false,
  "target_heading_rad": 1.5707963267948966,
  "feedback_heading_rad": 1.556377611539995,
  "runner_complete": true,
  "error": null,
  "complete": true,
  "sample_count": 308,
  "duration_sec": 6.139999999999999,
  "target_yaw_rate_rad_s": 0.35,
  "requested_command_integral_rad": 1.6586122231397908,
  "actual_output_command_integral_rad": 1.6504345151751576,
  "ground_truth_yaw_delta_rad": 1.5581752543101859,
  "raw_odom_yaw_delta_rad": 1.6516376674605893,
  "imu_integrated_yaw_rad": 1.5558182913955088,
  "ekf_yaw_delta_rad": 1.5581752811759848,
  "body_yaw_error_deg": 5.754614421023367,
  "request_to_output_delay_sec": 0.0600000000000005,
  "output_to_body_delay_sec": 0.05999999999999872,
  "rise_time_sec": 0.3600000000000012,
  "settling_time_sec": null,
  "overshoot_ratio": 0.2435750415665472,
  "steady_state_yaw_rate_gain": 0.17747960871053314,
  "integral_tracking_error_rad": 0.30072884454404536,
  "ground_truth_heading_error_deg": 0.7231341863026127,
  "imu_feedback_heading_error_deg": 0.826131530106757
}
