{
  "schema_version": 1,
  "trial_id": "heading_hot_m6p283185307179586_r6",
  "trial_type": "closed_loop_heading",
  "thermal_state": "hot",
  "feedback_source": "imu_angular_velocity_integral",
  "ground_truth_used_for_control": false,
  "target_heading_rad": -6.283185307179586,
  "feedback_heading_rad": -6.269500346950832,
  "runner_complete": true,
  "error": null,
  "complete": true,
  "sample_count": 969,
  "duration_sec": 19.360000000000007,
  "target_yaw_rate_rad_s": -0.35,
  "requested_command_integral_rad": -6.289620922111542,
  "actual_output_command_integral_rad": -6.287249914807663,
  "ground_truth_yaw_delta_rad": -6.270025821566761,
  "raw_odom_yaw_delta_rad": -6.289178290227044,
  "imu_integrated_yaw_rad": -6.268790986499907,
  "ekf_yaw_delta_rad": -6.270025838978939,
  "body_yaw_error_deg": 1.1227165603504627,
  "request_to_output_delay_sec": 0.03999999999999915,
  "output_to_body_delay_sec": 0.01999999999999602,
  "rise_time_sec": 0.3400000000000034,
  "settling_time_sec": null,
  "overshoot_ratio": 0.37915911723997464,
  "steady_state_yaw_rate_gain": 0.6827854786128178,
  "integral_tracking_error_rad": 8.513192524943587,
  "ground_truth_heading_error_deg": 0.7539829861780247,
  "imu_feedback_heading_error_deg": 0.7840904639119826
}
