{
  "schema_version": 1,
  "trial_id": "heading_cold_3p141592653589793_r9",
  "trial_type": "closed_loop_heading",
  "thermal_state": "cold",
  "feedback_source": "imu_angular_velocity_integral",
  "ground_truth_used_for_control": false,
  "target_heading_rad": 3.141592653589793,
  "feedback_heading_rad": 3.126972315012692,
  "runner_complete": true,
  "error": null,
  "complete": true,
  "sample_count": 530,
  "duration_sec": 10.58,
  "target_yaw_rate_rad_s": 0.35,
  "requested_command_integral_rad": 3.213700768875798,
  "actual_output_command_integral_rad": 3.2119023095663106,
  "ground_truth_yaw_delta_rad": 3.128776504107296,
  "raw_odom_yaw_delta_rad": 3.209456422894453,
  "imu_integrated_yaw_rad": 3.128607826697939,
  "ekf_yaw_delta_rad": 3.128776530957883,
  "body_yaw_error_deg": 4.865801949486704,
  "request_to_output_delay_sec": 0.03999999999999915,
  "output_to_body_delay_sec": 0.0600000000000005,
  "rise_time_sec": 0.35999999999999943,
  "settling_time_sec": null,
  "overshoot_ratio": 0.37915853105423536,
  "steady_state_yaw_rate_gain": 0.44613106865585556,
  "integral_tracking_error_rad": 0.5327041558419294,
  "ground_truth_heading_error_deg": 0.7343112749558514,
  "imu_feedback_heading_error_deg": 0.837683695520209
}
