{
  "schema_version": 1,
  "trial_id": "heading_cold_m6p283185307179586_r0",
  "trial_type": "closed_loop_heading",
  "thermal_state": "cold",
  "feedback_source": "imu_angular_velocity_integral",
  "ground_truth_used_for_control": false,
  "target_heading_rad": -6.283185307179586,
  "feedback_heading_rad": -6.269018658284883,
  "runner_complete": true,
  "error": null,
  "complete": true,
  "sample_count": 975,
  "duration_sec": 19.48,
  "target_yaw_rate_rad_s": -0.35,
  "requested_command_integral_rad": -6.332087378830467,
  "actual_output_command_integral_rad": -6.330509127460693,
  "ground_truth_yaw_delta_rad": -6.270118888494395,
  "raw_odom_yaw_delta_rad": -6.325192197407971,
  "imu_integrated_yaw_rad": -6.269287860505279,
  "ekf_yaw_delta_rad": -6.2701189153314845,
  "body_yaw_error_deg": 3.5505329590541788,
  "request_to_output_delay_sec": 0.0400000000000027,
  "output_to_body_delay_sec": 0.0799999999999983,
  "rise_time_sec": 0.35999999999999943,
  "settling_time_sec": null,
  "overshoot_ratio": 0.37915835556058863,
  "steady_state_yaw_rate_gain": 0.6442625645383565,
  "integral_tracking_error_rad": 8.534136455422107,
  "ground_truth_heading_error_deg": 0.7486506440123598,
  "imu_feedback_heading_error_deg": 0.8116891915101916
}
