{
  "schema_version": 1,
  "trial_id": "heading_hot_1p5707963267948966_r8",
  "trial_type": "closed_loop_heading",
  "thermal_state": "hot",
  "feedback_source": "imu_angular_velocity_integral",
  "ground_truth_used_for_control": false,
  "target_heading_rad": 1.5707963267948966,
  "feedback_heading_rad": 1.5571725939959709,
  "runner_complete": true,
  "error": null,
  "complete": true,
  "sample_count": 308,
  "duration_sec": 6.140000000000001,
  "target_yaw_rate_rad_s": 0.35,
  "requested_command_integral_rad": 1.6197993102114514,
  "actual_output_command_integral_rad": 1.6328943226406134,
  "ground_truth_yaw_delta_rad": 1.5593005517572942,
  "raw_odom_yaw_delta_rad": 1.6239313810586529,
  "imu_integrated_yaw_rad": 1.5568138813548746,
  "ekf_yaw_delta_rad": 1.5593016783701579,
  "body_yaw_error_deg": 3.466323525204616,
  "request_to_output_delay_sec": 0.0,
  "output_to_body_delay_sec": 0.04000000000000625,
  "rise_time_sec": 0.3200000000000003,
  "settling_time_sec": null,
  "overshoot_ratio": 0.36903549101288813,
  "steady_state_yaw_rate_gain": 0.15281501430482977,
  "integral_tracking_error_rad": 0.2880854034803348,
  "ground_truth_heading_error_deg": 0.6586593918864599,
  "imu_feedback_heading_error_deg": 0.780582390592395
}
