{
  "schema_version": 1,
  "trial_id": "heading_hot_m1p5707963267948966_r8",
  "trial_type": "closed_loop_heading",
  "thermal_state": "hot",
  "feedback_source": "imu_angular_velocity_integral",
  "ground_truth_used_for_control": false,
  "target_heading_rad": -1.5707963267948966,
  "feedback_heading_rad": -1.5568131656586772,
  "runner_complete": true,
  "error": null,
  "complete": true,
  "sample_count": 302,
  "duration_sec": 6.020000000000003,
  "target_yaw_rate_rad_s": -0.35,
  "requested_command_integral_rad": -1.6144811816821707,
  "actual_output_command_integral_rad": -1.6139896749204694,
  "ground_truth_yaw_delta_rad": -1.5583013962631607,
  "raw_odom_yaw_delta_rad": -1.615353424676607,
  "imu_integrated_yaw_rad": -1.5568434632345454,
  "ekf_yaw_delta_rad": -1.55830141346661,
  "body_yaw_error_deg": 3.218864598459876,
  "request_to_output_delay_sec": 0.03999999999999915,
  "output_to_body_delay_sec": 0.020000000000003126,
  "rise_time_sec": 0.3400000000000034,
  "settling_time_sec": null,
  "overshoot_ratio": 0.23420961190298684,
  "steady_state_yaw_rate_gain": 0.1685510919307437,
  "integral_tracking_error_rad": 7.826425943994886,
  "ground_truth_heading_error_deg": 0.7159067847776202,
  "imu_feedback_heading_error_deg": 0.8011761173567248
}
