{
  "schema_version": 1,
  "trial_id": "heading_cold_1p5707963267948966_r2",
  "trial_type": "closed_loop_heading",
  "thermal_state": "cold",
  "feedback_source": "imu_angular_velocity_integral",
  "ground_truth_used_for_control": false,
  "target_heading_rad": 1.5707963267948966,
  "feedback_heading_rad": 1.5551954653408215,
  "runner_complete": true,
  "error": null,
  "complete": true,
  "sample_count": 306,
  "duration_sec": 6.100000000000001,
  "target_yaw_rate_rad_s": 0.35,
  "requested_command_integral_rad": 1.649538089875542,
  "actual_output_command_integral_rad": 1.6548792210207872,
  "ground_truth_yaw_delta_rad": 1.5570664993535723,
  "raw_odom_yaw_delta_rad": 1.6508326214249949,
  "imu_integrated_yaw_rad": 1.5565288073517414,
  "ekf_yaw_delta_rad": 1.5570665261373602,
  "body_yaw_error_deg": 5.2982318617708115,
  "request_to_output_delay_sec": 0.020000000000003126,
  "output_to_body_delay_sec": 0.05999999999999872,
  "rise_time_sec": 0.35999999999999943,
  "settling_time_sec": null,
  "overshoot_ratio": 0.24302705966234006,
  "steady_state_yaw_rate_gain": 0.18851616917636832,
  "integral_tracking_error_rad": 0.3056452481781968,
  "ground_truth_heading_error_deg": 0.7866611658307802,
  "imu_feedback_heading_error_deg": 0.8938635180868273
}
