{
  "schema_version": 1,
  "trial_id": "heading_hot_m6p283185307179586_r1",
  "trial_type": "closed_loop_heading",
  "thermal_state": "hot",
  "feedback_source": "imu_angular_velocity_integral",
  "ground_truth_used_for_control": false,
  "target_heading_rad": -6.283185307179586,
  "feedback_heading_rad": -6.270128239951854,
  "runner_complete": true,
  "error": null,
  "complete": true,
  "sample_count": 970,
  "duration_sec": 19.380000000000003,
  "target_yaw_rate_rad_s": -0.35,
  "requested_command_integral_rad": -6.288697308897482,
  "actual_output_command_integral_rad": -6.286768828710982,
  "ground_truth_yaw_delta_rad": -6.270504782115829,
  "raw_odom_yaw_delta_rad": -6.289532225449607,
  "imu_integrated_yaw_rad": -6.268484609139105,
  "ekf_yaw_delta_rad": -6.270504799479783,
  "body_yaw_error_deg": 1.0423550032674327,
  "request_to_output_delay_sec": 0.03999999999999915,
  "output_to_body_delay_sec": 0.01999999999999602,
  "rise_time_sec": 0.3400000000000034,
  "settling_time_sec": null,
  "overshoot_ratio": 0.3791589131016142,
  "steady_state_yaw_rate_gain": 0.6831805972972721,
  "integral_tracking_error_rad": 8.51416980740816,
  "ground_truth_heading_error_deg": 0.7265405681631574,
  "imu_feedback_heading_error_deg": 0.7481148449676595
}
