{
  "schema_version": 1,
  "trial_id": "heading_hot_6p283185307179586_r8",
  "trial_type": "closed_loop_heading",
  "thermal_state": "hot",
  "feedback_source": "imu_angular_velocity_integral",
  "ground_truth_used_for_control": false,
  "target_heading_rad": 6.283185307179586,
  "feedback_heading_rad": 6.2698256708642495,
  "runner_complete": true,
  "error": null,
  "complete": true,
  "sample_count": 976,
  "duration_sec": 19.5,
  "target_yaw_rate_rad_s": 0.35,
  "requested_command_integral_rad": 6.290363433150312,
  "actual_output_command_integral_rad": 6.2969782850560785,
  "ground_truth_yaw_delta_rad": 6.271179811062762,
  "raw_odom_yaw_delta_rad": 6.298514521768283,
  "imu_integrated_yaw_rad": 6.270463913358967,
  "ekf_yaw_delta_rad": 6.271179826293423,
  "body_yaw_error_deg": 1.0991405813905788,
  "request_to_output_delay_sec": 0.01999999999999602,
  "output_to_body_delay_sec": 0.020000000000010232,
  "rise_time_sec": 0.3399999999999892,
  "settling_time_sec": null,
  "overshoot_ratio": 0.37898058809150004,
  "steady_state_yaw_rate_gain": 0.5809789205128767,
  "integral_tracking_error_rad": 8.503840191522654,
  "ground_truth_heading_error_deg": 0.687864258454733,
  "imu_feedback_heading_error_deg": 0.7654507766985028
}
