{
  "schema_version": 1,
  "trial_id": "heading_cold_3p141592653589793_r6",
  "trial_type": "closed_loop_heading",
  "thermal_state": "cold",
  "feedback_source": "imu_angular_velocity_integral",
  "ground_truth_used_for_control": false,
  "target_heading_rad": 3.141592653589793,
  "feedback_heading_rad": 3.1280280842064005,
  "runner_complete": true,
  "error": null,
  "complete": true,
  "sample_count": 531,
  "duration_sec": 10.6,
  "target_yaw_rate_rad_s": 0.35,
  "requested_command_integral_rad": 3.2245397427638003,
  "actual_output_command_integral_rad": 3.2085238737401554,
  "ground_truth_yaw_delta_rad": 3.1292604923577305,
  "raw_odom_yaw_delta_rad": 3.2098105370639796,
  "imu_integrated_yaw_rad": 3.1298767148495354,
  "ekf_yaw_delta_rad": 3.1292605192465857,
  "body_yaw_error_deg": 5.459098923437933,
  "request_to_output_delay_sec": 0.08000000000000007,
  "output_to_body_delay_sec": 0.0600000000000005,
  "rise_time_sec": 0.35999999999999943,
  "settling_time_sec": null,
  "overshoot_ratio": 0.3791585310540706,
  "steady_state_yaw_rate_gain": 0.4622359771803603,
  "integral_tracking_error_rad": 0.5365347157929709,
  "ground_truth_heading_error_deg": 0.7065807908720404,
  "imu_feedback_heading_error_deg": 0.7771925765807675
}
