{
  "schema_version": 1,
  "trial_id": "heading_cold_6p283185307179586_r7",
  "trial_type": "closed_loop_heading",
  "thermal_state": "cold",
  "feedback_source": "imu_angular_velocity_integral",
  "ground_truth_used_for_control": false,
  "target_heading_rad": 6.283185307179586,
  "feedback_heading_rad": 6.268385067573868,
  "runner_complete": true,
  "error": null,
  "complete": true,
  "sample_count": 994,
  "duration_sec": 19.860000000000003,
  "target_yaw_rate_rad_s": 0.35,
  "requested_command_integral_rad": 6.465167864565352,
  "actual_output_command_integral_rad": 6.3263629482863015,
  "ground_truth_yaw_delta_rad": 6.269677626992534,
  "raw_odom_yaw_delta_rad": 6.324865448915858,
  "imu_integrated_yaw_rad": 6.2690750314643005,
  "ekf_yaw_delta_rad": 6.269677653788967,
  "body_yaw_error_deg": 11.200765548932251,
  "request_to_output_delay_sec": 0.4400000000000013,
  "output_to_body_delay_sec": 0.05999999999999872,
  "rise_time_sec": 0.35999999999999943,
  "settling_time_sec": null,
  "overshoot_ratio": 0.37915898385200975,
  "steady_state_yaw_rate_gain": 0.6455353342670123,
  "integral_tracking_error_rad": 8.530825437346795,
  "ground_truth_heading_error_deg": 0.773933065730572,
  "imu_feedback_heading_error_deg": 0.847991265190037
}
