{
  "schema_version": 1,
  "trial_id": "heading_cold_m6p283185307179586_r1",
  "trial_type": "closed_loop_heading",
  "thermal_state": "cold",
  "feedback_source": "imu_angular_velocity_integral",
  "ground_truth_used_for_control": false,
  "target_heading_rad": -6.283185307179586,
  "feedback_heading_rad": -6.271118556242374,
  "runner_complete": true,
  "error": null,
  "complete": true,
  "sample_count": 976,
  "duration_sec": 19.499999999999996,
  "target_yaw_rate_rad_s": -0.35,
  "requested_command_integral_rad": -6.3379376923075625,
  "actual_output_command_integral_rad": -6.337357657328734,
  "ground_truth_yaw_delta_rad": -6.272264517630661,
  "raw_odom_yaw_delta_rad": -6.326756065543111,
  "imu_integrated_yaw_rad": -6.270930010393838,
  "ekf_yaw_delta_rad": -6.272264544629945,
  "body_yaw_error_deg": 3.7627957362119013,
  "request_to_output_delay_sec": 0.03999999999999915,
  "output_to_body_delay_sec": 0.0799999999999983,
  "rise_time_sec": 0.35999999999999943,
  "settling_time_sec": null,
  "overshoot_ratio": 0.37911784942794946,
  "steady_state_yaw_rate_gain": 0.6456741675612955,
  "integral_tracking_error_rad": 6.026637052208029,
  "ground_truth_heading_error_deg": 0.625715150104003,
  "imu_feedback_heading_error_deg": 0.6913739011377713
}
