{
  "schema_version": 1,
  "trial_id": "heading_cold_6p283185307179586_r0",
  "trial_type": "closed_loop_heading",
  "thermal_state": "cold",
  "feedback_source": "imu_angular_velocity_integral",
  "ground_truth_used_for_control": false,
  "target_heading_rad": 6.283185307179586,
  "feedback_heading_rad": 6.268553821954956,
  "runner_complete": true,
  "error": null,
  "complete": true,
  "sample_count": 985,
  "duration_sec": 19.68,
  "target_yaw_rate_rad_s": 0.35,
  "requested_command_integral_rad": 6.409541787534414,
  "actual_output_command_integral_rad": 6.285387024725583,
  "ground_truth_yaw_delta_rad": 6.2703909187040665,
  "raw_odom_yaw_delta_rad": 6.32539038282639,
  "imu_integrated_yaw_rad": 6.269389318640767,
  "ekf_yaw_delta_rad": 6.27039094555693,
  "body_yaw_error_deg": 7.9727574995574075,
  "request_to_output_delay_sec": 0.3999999999999986,
  "output_to_body_delay_sec": 0.0,
  "rise_time_sec": 0.35999999999999943,
  "settling_time_sec": null,
  "overshoot_ratio": 0.379158983851988,
  "steady_state_yaw_rate_gain": 0.6483615699355738,
  "integral_tracking_error_rad": 8.493884085200902,
  "ground_truth_heading_error_deg": 0.7330644610980995,
  "imu_feedback_heading_error_deg": 0.8383223513793148
}
