{
  "schema_version": 1,
  "trial_id": "heading_cold_6p283185307179586_r5",
  "trial_type": "closed_loop_heading",
  "thermal_state": "cold",
  "feedback_source": "imu_angular_velocity_integral",
  "ground_truth_used_for_control": false,
  "target_heading_rad": 6.283185307179586,
  "feedback_heading_rad": 6.2703649826105785,
  "runner_complete": true,
  "error": null,
  "complete": true,
  "sample_count": 974,
  "duration_sec": 19.46,
  "target_yaw_rate_rad_s": 0.35,
  "requested_command_integral_rad": 6.322277223306102,
  "actual_output_command_integral_rad": 6.321807858743007,
  "ground_truth_yaw_delta_rad": 6.270343050192562,
  "raw_odom_yaw_delta_rad": 6.325356381841748,
  "imu_integrated_yaw_rad": 6.271418841032272,
  "ekf_yaw_delta_rad": 6.270343077047173,
  "body_yaw_error_deg": 2.975608931907667,
  "request_to_output_delay_sec": 0.040000000000000924,
  "output_to_body_delay_sec": 0.0600000000000005,
  "rise_time_sec": 0.3600000000000012,
  "settling_time_sec": null,
  "overshoot_ratio": 0.37915835556070476,
  "steady_state_yaw_rate_gain": 0.6444521984097838,
  "integral_tracking_error_rad": 6.015822451541705,
  "ground_truth_heading_error_deg": 0.7358071247789006,
  "imu_feedback_heading_error_deg": 0.7345504897920188
}
