{
  "schema_version": 1,
  "trial_id": "heading_hot_3p141592653589793_r3",
  "trial_type": "closed_loop_heading",
  "thermal_state": "hot",
  "feedback_source": "imu_angular_velocity_integral",
  "ground_truth_used_for_control": false,
  "target_heading_rad": 3.141592653589793,
  "feedback_heading_rad": 3.125711301297176,
  "runner_complete": true,
  "error": null,
  "complete": true,
  "sample_count": 530,
  "duration_sec": 10.580000000000005,
  "target_yaw_rate_rad_s": 0.35,
  "requested_command_integral_rad": 3.1993643423357327,
  "actual_output_command_integral_rad": 3.1981931037266245,
  "ground_truth_yaw_delta_rad": 3.1276038428696094,
  "raw_odom_yaw_delta_rad": 3.1962337649817574,
  "imu_integrated_yaw_rad": 3.125066724812027,
  "ekf_yaw_delta_rad": 3.127603920906946,
  "body_yaw_error_deg": 4.111573755159668,
  "request_to_output_delay_sec": 0.03999999999999915,
  "output_to_body_delay_sec": 0.03999999999999915,
  "rise_time_sec": 0.3400000000000034,
  "settling_time_sec": null,
  "overshoot_ratio": 0.37869027290465906,
  "steady_state_yaw_rate_gain": 0.4067597118661401,
  "integral_tracking_error_rad": 5.543665810128644,
  "ground_truth_heading_error_deg": 0.8014998146738914,
  "imu_feedback_heading_error_deg": 0.9099344593273744
}
