{
  "schema_version": 1,
  "trial_id": "heading_cold_m6p283185307179586_r6",
  "trial_type": "closed_loop_heading",
  "thermal_state": "cold",
  "feedback_source": "imu_angular_velocity_integral",
  "ground_truth_used_for_control": false,
  "target_heading_rad": -6.283185307179586,
  "feedback_heading_rad": -6.271710088843615,
  "runner_complete": true,
  "error": null,
  "complete": true,
  "sample_count": 974,
  "duration_sec": 19.46,
  "target_yaw_rate_rad_s": -0.35,
  "requested_command_integral_rad": -6.325211605210142,
  "actual_output_command_integral_rad": -6.324255098750484,
  "ground_truth_yaw_delta_rad": -6.271500362783423,
  "raw_odom_yaw_delta_rad": -6.326197835600104,
  "imu_integrated_yaw_rad": -6.270701489368665,
  "ekf_yaw_delta_rad": -6.2715003897239265,
  "body_yaw_error_deg": 3.0774275034549783,
  "request_to_output_delay_sec": 0.03999999999999915,
  "output_to_body_delay_sec": 0.0600000000000005,
  "rise_time_sec": 0.35999999999999943,
  "settling_time_sec": null,
  "overshoot_ratio": 0.3791589838731302,
  "steady_state_yaw_rate_gain": 0.6474340030749407,
  "integral_tracking_error_rad": 6.021518510002181,
  "ground_truth_heading_error_deg": 0.6694979977451738,
  "imu_feedback_heading_error_deg": 0.6574815796422983
}
