{
  "schema_version": 1,
  "trial_id": "heading_hot_6p283185307179586_r1",
  "trial_type": "closed_loop_heading",
  "thermal_state": "hot",
  "feedback_source": "imu_angular_velocity_integral",
  "ground_truth_used_for_control": false,
  "target_heading_rad": 6.283185307179586,
  "feedback_heading_rad": 6.269900761082424,
  "runner_complete": true,
  "error": null,
  "complete": true,
  "sample_count": 977,
  "duration_sec": 19.520000000000003,
  "target_yaw_rate_rad_s": 0.35,
  "requested_command_integral_rad": 6.297750235338286,
  "actual_output_command_integral_rad": 6.297253886341026,
  "ground_truth_yaw_delta_rad": 6.27107797639083,
  "raw_odom_yaw_delta_rad": 6.298430757418127,
  "imu_integrated_yaw_rad": 6.269996131390744,
  "ekf_yaw_delta_rad": 6.271077991612343,
  "body_yaw_error_deg": 1.5282078677692734,
  "request_to_output_delay_sec": 0.03999999999999915,
  "output_to_body_delay_sec": 0.020000000000003126,
  "rise_time_sec": 0.3400000000000034,
  "settling_time_sec": null,
  "overshoot_ratio": 0.378980824267549,
  "steady_state_yaw_rate_gain": 0.5809041889318506,
  "integral_tracking_error_rad": 8.503462310273068,
  "ground_truth_heading_error_deg": 0.693698955364506,
  "imu_feedback_heading_error_deg": 0.7611484241144109
}
