{
  "schema_version": 1,
  "trial_id": "heading_hot_m6p283185307179586_r4",
  "trial_type": "closed_loop_heading",
  "thermal_state": "hot",
  "feedback_source": "imu_angular_velocity_integral",
  "ground_truth_used_for_control": false,
  "target_heading_rad": -6.283185307179586,
  "feedback_heading_rad": -6.271467886343371,
  "runner_complete": true,
  "error": null,
  "complete": true,
  "sample_count": 969,
  "duration_sec": 19.36,
  "target_yaw_rate_rad_s": -0.35,
  "requested_command_integral_rad": -6.2875792172385765,
  "actual_output_command_integral_rad": -6.286933492612222,
  "ground_truth_yaw_delta_rad": -6.27240629026589,
  "raw_odom_yaw_delta_rad": -6.290028792482067,
  "imu_integrated_yaw_rad": -6.272384023779544,
  "ekf_yaw_delta_rad": -6.272406307148128,
  "body_yaw_error_deg": 0.8693446783951623,
  "request_to_output_delay_sec": 0.03999999999999915,
  "output_to_body_delay_sec": 0.020000000000003126,
  "rise_time_sec": 0.3399999999999963,
  "settling_time_sec": null,
  "overshoot_ratio": 0.37915832422221385,
  "steady_state_yaw_rate_gain": 0.685113211028696,
  "integral_tracking_error_rad": 6.00132022495581,
  "ground_truth_heading_error_deg": 0.6175921764549419,
  "imu_feedback_heading_error_deg": 0.6713587606938075
}
