{
  "schema_version": 1,
  "trial_id": "heading_hot_1p5707963267948966_r1",
  "trial_type": "closed_loop_heading",
  "thermal_state": "hot",
  "feedback_source": "imu_angular_velocity_integral",
  "ground_truth_used_for_control": false,
  "target_heading_rad": 1.5707963267948966,
  "feedback_heading_rad": 1.5591480113533482,
  "runner_complete": true,
  "error": null,
  "complete": true,
  "sample_count": 309,
  "duration_sec": 6.159999999999997,
  "target_yaw_rate_rad_s": 0.35,
  "requested_command_integral_rad": 1.6422638341909745,
  "actual_output_command_integral_rad": 1.629437329374803,
  "ground_truth_yaw_delta_rad": 1.5593813897098443,
  "raw_odom_yaw_delta_rad": 1.631596273078726,
  "imu_integrated_yaw_rad": 1.557576267088431,
  "ekf_yaw_delta_rad": 1.5593814079351793,
  "body_yaw_error_deg": 4.748814264496126,
  "request_to_output_delay_sec": 0.0799999999999983,
  "output_to_body_delay_sec": 0.020000000000003126,
  "rise_time_sec": 0.3200000000000003,
  "settling_time_sec": null,
  "overshoot_ratio": 0.33775007582220073,
  "steady_state_yaw_rate_gain": 0.16636438717362237,
  "integral_tracking_error_rad": 0.2804628583554216,
  "ground_truth_heading_error_deg": 0.6540277183808607,
  "imu_feedback_heading_error_deg": 0.6673993132377845
}
