{
  "schema_version": 1,
  "trial_id": "heading_hot_m3p141592653589793_r2",
  "trial_type": "closed_loop_heading",
  "thermal_state": "hot",
  "feedback_source": "imu_angular_velocity_integral",
  "ground_truth_used_for_control": false,
  "target_heading_rad": -3.141592653589793,
  "feedback_heading_rad": -3.1297024362412884,
  "runner_complete": true,
  "error": null,
  "complete": true,
  "sample_count": 524,
  "duration_sec": 10.46,
  "target_yaw_rate_rad_s": -0.35,
  "requested_command_integral_rad": -3.173795482052098,
  "actual_output_command_integral_rad": -3.1715421003895456,
  "ground_truth_yaw_delta_rad": -3.1308016232440683,
  "raw_odom_yaw_delta_rad": -3.175264891605833,
  "imu_integrated_yaw_rad": -3.130269172490143,
  "ekf_yaw_delta_rad": -3.130801640485351,
  "body_yaw_error_deg": 2.4633666546814585,
  "request_to_output_delay_sec": 0.03999999999999915,
  "output_to_body_delay_sec": 0.01999999999999602,
  "rise_time_sec": 0.3400000000000034,
  "settling_time_sec": null,
  "overshoot_ratio": 0.3782015662651004,
  "steady_state_yaw_rate_gain": 0.4768461649540141,
  "integral_tracking_error_rad": 0.5181984466406075,
  "ground_truth_heading_error_deg": 0.6182804954076296,
  "imu_feedback_heading_error_deg": 0.6812592715625521
}
