{
  "schema_version": 1,
  "trial_id": "heading_cold_m6p283185307179586_r5",
  "trial_type": "closed_loop_heading",
  "thermal_state": "cold",
  "feedback_source": "imu_angular_velocity_integral",
  "ground_truth_used_for_control": false,
  "target_heading_rad": -6.283185307179586,
  "feedback_heading_rad": -6.269027038470188,
  "runner_complete": true,
  "error": null,
  "complete": true,
  "sample_count": 974,
  "duration_sec": 19.459999999999997,
  "target_yaw_rate_rad_s": -0.35,
  "requested_command_integral_rad": -6.32801937892941,
  "actual_output_command_integral_rad": -6.32838665348014,
  "ground_truth_yaw_delta_rad": -6.270125998304404,
  "raw_odom_yaw_delta_rad": -6.325198027923293,
  "imu_integrated_yaw_rad": -6.266717417854558,
  "ekf_yaw_delta_rad": -6.270126025136568,
  "body_yaw_error_deg": 3.3170463715573044,
  "request_to_output_delay_sec": 0.040000000000000924,
  "output_to_body_delay_sec": 0.0600000000000005,
  "rise_time_sec": 0.35999999999999943,
  "settling_time_sec": null,
  "overshoot_ratio": 0.3791178494385359,
  "steady_state_yaw_rate_gain": 0.647436388091941,
  "integral_tracking_error_rad": 6.019493767815946,
  "ground_truth_heading_error_deg": 0.7482432819056941,
  "imu_feedback_heading_error_deg": 0.8112090422606381
}
