{
  "schema_version": 1,
  "trial_id": "heading_hot_m3p141592653589793_r3",
  "trial_type": "closed_loop_heading",
  "thermal_state": "hot",
  "feedback_source": "imu_angular_velocity_integral",
  "ground_truth_used_for_control": false,
  "target_heading_rad": -3.141592653589793,
  "feedback_heading_rad": -3.1284437631580624,
  "runner_complete": true,
  "error": null,
  "complete": true,
  "sample_count": 522,
  "duration_sec": 10.419999999999995,
  "target_yaw_rate_rad_s": -0.35,
  "requested_command_integral_rad": -3.1666822963651438,
  "actual_output_command_integral_rad": -3.174740300211879,
  "ground_truth_yaw_delta_rad": -3.1289423925397264,
  "raw_odom_yaw_delta_rad": -3.1736855826477406,
  "imu_integrated_yaw_rad": -3.131102365292928,
  "ekf_yaw_delta_rad": -3.1289424099142,
  "body_yaw_error_deg": 2.1623372084260453,
  "request_to_output_delay_sec": 0.020000000000003126,
  "output_to_body_delay_sec": 0.01999999999999602,
  "rise_time_sec": 0.3200000000000003,
  "settling_time_sec": null,
  "overshoot_ratio": 0.37915845598176046,
  "steady_state_yaw_rate_gain": 0.4908115566275435,
  "integral_tracking_error_rad": 0.5200926150859875,
  "ground_truth_heading_error_deg": 0.7248065679075562,
  "imu_feedback_heading_error_deg": 0.7533759270181218
}
