{
  "schema_version": 1,
  "trial_id": "heading_hot_m1p5707963267948966_r7",
  "trial_type": "closed_loop_heading",
  "thermal_state": "hot",
  "feedback_source": "imu_angular_velocity_integral",
  "ground_truth_used_for_control": false,
  "target_heading_rad": -1.5707963267948966,
  "feedback_heading_rad": -1.5608012169215426,
  "runner_complete": true,
  "error": null,
  "complete": true,
  "sample_count": 302,
  "duration_sec": 6.019999999999996,
  "target_yaw_rate_rad_s": -0.35,
  "requested_command_integral_rad": -1.6190370195070753,
  "actual_output_command_integral_rad": -1.6213802630498566,
  "ground_truth_yaw_delta_rad": -1.5627967406539478,
  "raw_odom_yaw_delta_rad": -1.6194116486226449,
  "imu_integrated_yaw_rad": -1.5606073500396882,
  "ekf_yaw_delta_rad": -1.5627967576120494,
  "body_yaw_error_deg": 3.2223306169230623,
  "request_to_output_delay_sec": 0.04000000000000625,
  "output_to_body_delay_sec": 0.01999999999999602,
  "rise_time_sec": 0.3200000000000003,
  "settling_time_sec": null,
  "overshoot_ratio": 0.22768349540945088,
  "steady_state_yaw_rate_gain": 0.17486656296106398,
  "integral_tracking_error_rad": 7.8310844312237675,
  "ground_truth_heading_error_deg": 0.4583425237277089,
  "imu_feedback_heading_error_deg": 0.5726776115127199
}
