{
  "schema_version": 1,
  "trial_id": "heading_cold_m3p141592653589793_r9",
  "trial_type": "closed_loop_heading",
  "thermal_state": "cold",
  "feedback_source": "imu_angular_velocity_integral",
  "ground_truth_used_for_control": false,
  "target_heading_rad": -3.141592653589793,
  "feedback_heading_rad": -3.1275600783060122,
  "runner_complete": true,
  "error": null,
  "complete": true,
  "sample_count": 528,
  "duration_sec": 10.54,
  "target_yaw_rate_rad_s": -0.35,
  "requested_command_integral_rad": -3.2015607783133095,
  "actual_output_command_integral_rad": -3.2074259219859336,
  "ground_truth_yaw_delta_rad": -3.1287035235105347,
  "raw_odom_yaw_delta_rad": -3.2094038865221544,
  "imu_integrated_yaw_rad": -3.12708938839393,
  "ekf_yaw_delta_rad": -3.128703550357517,
  "body_yaw_error_deg": 4.174413207108245,
  "request_to_output_delay_sec": 0.019999999999999574,
  "output_to_body_delay_sec": 0.05999999999999872,
  "rise_time_sec": 0.360000000000003,
  "settling_time_sec": null,
  "overshoot_ratio": 0.37851390738175716,
  "steady_state_yaw_rate_gain": 0.45101723612913014,
  "integral_tracking_error_rad": 8.069996114388086,
  "ground_truth_heading_error_deg": 0.7384927551366267,
  "imu_feedback_heading_error_deg": 0.8040073394602378
}
