{
  "schema_version": 1,
  "trial_id": "heading_cold_m1p5707963267948966_r9",
  "trial_type": "closed_loop_heading",
  "thermal_state": "cold",
  "feedback_source": "imu_angular_velocity_integral",
  "ground_truth_used_for_control": false,
  "target_heading_rad": -1.5707963267948966,
  "feedback_heading_rad": -1.5554784085280202,
  "runner_complete": true,
  "error": null,
  "complete": true,
  "sample_count": 307,
  "duration_sec": 6.119999999999999,
  "target_yaw_rate_rad_s": -0.35,
  "requested_command_integral_rad": -1.6556267846993369,
  "actual_output_command_integral_rad": -1.6615947096329604,
  "ground_truth_yaw_delta_rad": -1.5570349451260324,
  "raw_odom_yaw_delta_rad": -1.650809850163733,
  "imu_integrated_yaw_rad": -1.5547942687460314,
  "ekf_yaw_delta_rad": -1.5570349719025125,
  "body_yaw_error_deg": 5.648896301981241,
  "request_to_output_delay_sec": 0.019999999999999574,
  "output_to_body_delay_sec": 0.08000000000000007,
  "rise_time_sec": 0.3600000000000012,
  "settling_time_sec": null,
  "overshoot_ratio": 0.2430270596035229,
  "steady_state_yaw_rate_gain": 0.17986855842119226,
  "integral_tracking_error_rad": 0.3129061749116026,
  "ground_truth_heading_error_deg": 0.7884690898946164,
  "imu_feedback_heading_error_deg": 0.8776520676183629
}
