{
  "schema_version": 1,
  "trial_id": "heading_cold_6p283185307179586_r3",
  "trial_type": "closed_loop_heading",
  "thermal_state": "cold",
  "feedback_source": "imu_angular_velocity_integral",
  "ground_truth_used_for_control": false,
  "target_heading_rad": 6.283185307179586,
  "feedback_heading_rad": 6.268336987981403,
  "runner_complete": true,
  "error": null,
  "complete": true,
  "sample_count": 975,
  "duration_sec": 19.479999999999997,
  "target_yaw_rate_rad_s": 0.35,
  "requested_command_integral_rad": 6.329434852610234,
  "actual_output_command_integral_rad": 6.327719004084957,
  "ground_truth_yaw_delta_rad": 6.270385494964661,
  "raw_odom_yaw_delta_rad": 6.325381872166756,
  "imu_integrated_yaw_rad": 6.268020255049946,
  "ekf_yaw_delta_rad": 6.2703855218165225,
  "body_yaw_error_deg": 3.383278976049871,
  "request_to_output_delay_sec": 0.03999999999999915,
  "output_to_body_delay_sec": 0.0600000000000005,
  "rise_time_sec": 0.3600000000000012,
  "settling_time_sec": null,
  "overshoot_ratio": 0.379158983862514,
  "steady_state_yaw_rate_gain": 0.6423640987215947,
  "integral_tracking_error_rad": 8.530133781210667,
  "ground_truth_heading_error_deg": 0.7333752184751936,
  "imu_feedback_heading_error_deg": 0.8507460229189715
}
