{
  "schema_version": 1,
  "trial_id": "heading_cold_m6p283185307179586_r3",
  "trial_type": "closed_loop_heading",
  "thermal_state": "cold",
  "feedback_source": "imu_angular_velocity_integral",
  "ground_truth_used_for_control": false,
  "target_heading_rad": -6.283185307179586,
  "feedback_heading_rad": -6.269430057322433,
  "runner_complete": true,
  "error": null,
  "complete": true,
  "sample_count": 973,
  "duration_sec": 19.44,
  "target_yaw_rate_rad_s": -0.35,
  "requested_command_integral_rad": -6.320414083238745,
  "actual_output_command_integral_rad": -6.322862002483603,
  "ground_truth_yaw_delta_rad": -6.270345065947303,
  "raw_odom_yaw_delta_rad": -6.325357935459696,
  "imu_integrated_yaw_rad": -6.268795779574499,
  "ekf_yaw_delta_rad": -6.270345092798102,
  "body_yaw_error_deg": 2.868743375167204,
  "request_to_output_delay_sec": 0.040000000000000924,
  "output_to_body_delay_sec": 0.05999999999999872,
  "rise_time_sec": 0.35999999999999943,
  "settling_time_sec": null,
  "overshoot_ratio": 0.3791583555289768,
  "steady_state_yaw_rate_gain": 0.6444282139536126,
  "integral_tracking_error_rad": 8.528009691904336,
  "ground_truth_heading_error_deg": 0.7356916305397134,
  "imu_feedback_heading_error_deg": 0.7881177629628167
}
