{
  "schema_version": 1,
  "trial_id": "heading_hot_6p283185307179586_r5",
  "trial_type": "closed_loop_heading",
  "thermal_state": "hot",
  "feedback_source": "imu_angular_velocity_integral",
  "ground_truth_used_for_control": false,
  "target_heading_rad": 6.283185307179586,
  "feedback_heading_rad": 6.268895043629524,
  "runner_complete": true,
  "error": null,
  "complete": true,
  "sample_count": 976,
  "duration_sec": 19.5,
  "target_yaw_rate_rad_s": 0.35,
  "requested_command_integral_rad": 6.275331020806079,
  "actual_output_command_integral_rad": 6.275935010563848,
  "ground_truth_yaw_delta_rad": 6.269974536842995,
  "raw_odom_yaw_delta_rad": 6.277263670051271,
  "imu_integrated_yaw_rad": 6.269833095328843,
  "ekf_yaw_delta_rad": 6.269974571762671,
  "body_yaw_error_deg": 0.30690392411420775,
  "request_to_output_delay_sec": 0.03999999999999915,
  "output_to_body_delay_sec": 0.020000000000003126,
  "rise_time_sec": 0.29999999999999716,
  "settling_time_sec": null,
  "overshoot_ratio": 0.3789619022288968,
  "steady_state_yaw_rate_gain": 0.555098654252758,
  "integral_tracking_error_rad": 5.98359709958811,
  "ground_truth_heading_error_deg": 0.7569213844032808,
  "imu_feedback_heading_error_deg": 0.8187717895482224
}
