{
  "schema_version": 1,
  "trial_id": "heading_cold_m6p283185307179586_r2",
  "trial_type": "closed_loop_heading",
  "thermal_state": "cold",
  "feedback_source": "imu_angular_velocity_integral",
  "ground_truth_used_for_control": false,
  "target_heading_rad": -6.283185307179586,
  "feedback_heading_rad": -6.26948515609654,
  "runner_complete": true,
  "error": null,
  "complete": true,
  "sample_count": 974,
  "duration_sec": 19.46,
  "target_yaw_rate_rad_s": -0.35,
  "requested_command_integral_rad": -6.324299083596617,
  "actual_output_command_integral_rad": -6.323135629175557,
  "ground_truth_yaw_delta_rad": -6.27045546470772,
  "raw_odom_yaw_delta_rad": -6.325438133564991,
  "imu_integrated_yaw_rad": -6.2697394144294165,
  "ekf_yaw_delta_rad": -6.270455491565619,
  "body_yaw_error_deg": 3.0850121160446324,
  "request_to_output_delay_sec": 0.040000000000000924,
  "output_to_body_delay_sec": 0.05999999999999872,
  "rise_time_sec": 0.35999999999999943,
  "settling_time_sec": null,
  "overshoot_ratio": 0.3791583555289768,
  "steady_state_yaw_rate_gain": 0.6445091131909028,
  "integral_tracking_error_rad": 8.527846492671282,
  "ground_truth_heading_error_deg": 0.7293662475042946,
  "imu_feedback_heading_error_deg": 0.7849608357501519
}
