{
  "schema_version": 1,
  "trial_id": "heading_hot_6p283185307179586_r2",
  "trial_type": "closed_loop_heading",
  "thermal_state": "hot",
  "feedback_source": "imu_angular_velocity_integral",
  "ground_truth_used_for_control": false,
  "target_heading_rad": 6.283185307179586,
  "feedback_heading_rad": 6.271485812227834,
  "runner_complete": true,
  "error": null,
  "complete": true,
  "sample_count": 975,
  "duration_sec": 19.479999999999997,
  "target_yaw_rate_rad_s": 0.35,
  "requested_command_integral_rad": 6.292135351909021,
  "actual_output_command_integral_rad": 6.297657512558592,
  "ground_truth_yaw_delta_rad": 6.271481074977735,
  "raw_odom_yaw_delta_rad": 6.298788486115197,
  "imu_integrated_yaw_rad": 6.272162032959311,
  "ekf_yaw_delta_rad": 6.271481090252126,
  "body_yaw_error_deg": 1.1834028970571222,
  "request_to_output_delay_sec": 0.020000000000003126,
  "output_to_body_delay_sec": 0.020000000000003126,
  "rise_time_sec": 0.3200000000000003,
  "settling_time_sec": null,
  "overshoot_ratio": 0.37908954020127306,
  "steady_state_yaw_rate_gain": 0.5864455304916133,
  "integral_tracking_error_rad": 5.997247156522666,
  "ground_truth_heading_error_deg": 0.6706031076071993,
  "imu_feedback_heading_error_deg": 0.6703316831700364
}
