{
  "schema_version": 1,
  "trial_id": "heading_cold_m3p141592653589793_r7",
  "trial_type": "closed_loop_heading",
  "thermal_state": "cold",
  "feedback_source": "imu_angular_velocity_integral",
  "ground_truth_used_for_control": false,
  "target_heading_rad": -3.141592653589793,
  "feedback_heading_rad": -3.1296102178601317,
  "runner_complete": true,
  "error": null,
  "complete": true,
  "sample_count": 529,
  "duration_sec": 10.56,
  "target_yaw_rate_rad_s": -0.35,
  "requested_command_integral_rad": -3.21298402360289,
  "actual_output_command_integral_rad": -3.2072356694680852,
  "ground_truth_yaw_delta_rad": -3.129914921202639,
  "raw_odom_yaw_delta_rad": -3.2102879724030773,
  "imu_integrated_yaw_rad": -3.1300699737293396,
  "ekf_yaw_delta_rad": -3.12991494814767,
  "body_yaw_error_deg": 4.759508975474439,
  "request_to_output_delay_sec": 0.0600000000000005,
  "output_to_body_delay_sec": 0.05999999999999872,
  "rise_time_sec": 0.3600000000000012,
  "settling_time_sec": null,
  "overshoot_ratio": 0.3785139074030066,
  "steady_state_yaw_rate_gain": 0.46252736087457963,
  "integral_tracking_error_rad": 8.071360250116491,
  "ground_truth_heading_error_deg": 0.6690847800671672,
  "imu_feedback_heading_error_deg": 0.6865429955963595
}
