{
  "schema_version": 1,
  "trial_id": "heading_hot_m3p141592653589793_r8",
  "trial_type": "closed_loop_heading",
  "thermal_state": "hot",
  "feedback_source": "imu_angular_velocity_integral",
  "ground_truth_used_for_control": false,
  "target_heading_rad": -3.141592653589793,
  "feedback_heading_rad": -3.127781335440632,
  "runner_complete": true,
  "error": null,
  "complete": true,
  "sample_count": 523,
  "duration_sec": 10.439999999999998,
  "target_yaw_rate_rad_s": -0.35,
  "requested_command_integral_rad": -3.1745546477282884,
  "actual_output_command_integral_rad": -3.1753855204892676,
  "ground_truth_yaw_delta_rad": -3.129242533192108,
  "raw_odom_yaw_delta_rad": -3.17369622997292,
  "imu_integrated_yaw_rad": -3.127489295330533,
  "ekf_yaw_delta_rad": -3.1292425504710173,
  "body_yaw_error_deg": 2.5961929237365338,
  "request_to_output_delay_sec": 0.03999999999999915,
  "output_to_body_delay_sec": 0.01999999999999602,
  "rise_time_sec": 0.3200000000000003,
  "settling_time_sec": null,
  "overshoot_ratio": 0.3790764109277849,
  "steady_state_yaw_rate_gain": 0.49092292081588,
  "integral_tracking_error_rad": 0.519408891083839,
  "ground_truth_heading_error_deg": 0.7076097752657939,
  "imu_feedback_heading_error_deg": 0.7913302394593755
}
