{
  "schema_version": 1,
  "trial_id": "heading_hot_1p5707963267948966_r3",
  "trial_type": "closed_loop_heading",
  "thermal_state": "hot",
  "feedback_source": "imu_angular_velocity_integral",
  "ground_truth_used_for_control": false,
  "target_heading_rad": 1.5707963267948966,
  "feedback_heading_rad": 1.5583759155066554,
  "runner_complete": true,
  "error": null,
  "complete": true,
  "sample_count": 308,
  "duration_sec": 6.140000000000001,
  "target_yaw_rate_rad_s": 0.35,
  "requested_command_integral_rad": 1.6231162121007174,
  "actual_output_command_integral_rad": 1.6231125911095483,
  "ground_truth_yaw_delta_rad": 1.5590812258866869,
  "raw_odom_yaw_delta_rad": 1.6248760422702324,
  "imu_integrated_yaw_rad": 1.557255982256533,
  "ekf_yaw_delta_rad": 1.5590812411456945,
  "body_yaw_error_deg": 3.6689344512423627,
  "request_to_output_delay_sec": 0.03999999999999915,
  "output_to_body_delay_sec": 0.020000000000003126,
  "rise_time_sec": 0.3400000000000034,
  "settling_time_sec": null,
  "overshoot_ratio": 0.3643043155508956,
  "steady_state_yaw_rate_gain": 0.15614761187444323,
  "integral_tracking_error_rad": 0.27813001436233914,
  "ground_truth_heading_error_deg": 0.6712258386102938,
  "imu_feedback_heading_error_deg": 0.7116371466328617
}
