{
  "schema_version": 1,
  "trial_id": "heading_hot_1p5707963267948966_r0",
  "trial_type": "closed_loop_heading",
  "thermal_state": "hot",
  "feedback_source": "imu_angular_velocity_integral",
  "ground_truth_used_for_control": false,
  "target_heading_rad": 1.5707963267948966,
  "feedback_heading_rad": 1.5587243677445428,
  "runner_complete": true,
  "error": null,
  "complete": true,
  "sample_count": 308,
  "duration_sec": 6.140000000000001,
  "target_yaw_rate_rad_s": 0.35,
  "requested_command_integral_rad": 1.6414579183225333,
  "actual_output_command_integral_rad": 1.6435496238074252,
  "ground_truth_yaw_delta_rad": 1.5607900338485,
  "raw_odom_yaw_delta_rad": 1.641346405689322,
  "imu_integrated_yaw_rad": 1.5591559093389902,
  "ekf_yaw_delta_rad": 1.5607901121454049,
  "body_yaw_error_deg": 4.621929322611014,
  "request_to_output_delay_sec": 0.03999999999999915,
  "output_to_body_delay_sec": 0.03999999999999915,
  "rise_time_sec": 0.3400000000000034,
  "settling_time_sec": null,
  "overshoot_ratio": 0.3025291690246581,
  "steady_state_yaw_rate_gain": 0.1716623130095766,
  "integral_tracking_error_rad": 0.2890393514361665,
  "ground_truth_heading_error_deg": 0.5733183544000536,
  "imu_feedback_heading_error_deg": 0.6916723040400267
}
