{
  "schema_version": 1,
  "trial_id": "heading_cold_m1p5707963267948966_r8",
  "trial_type": "closed_loop_heading",
  "thermal_state": "cold",
  "feedback_source": "imu_angular_velocity_integral",
  "ground_truth_used_for_control": false,
  "target_heading_rad": -1.5707963267948966,
  "feedback_heading_rad": -1.5569377851382606,
  "runner_complete": true,
  "error": null,
  "complete": true,
  "sample_count": 307,
  "duration_sec": 6.120000000000001,
  "target_yaw_rate_rad_s": -0.35,
  "requested_command_integral_rad": -1.6572744555524401,
  "actual_output_command_integral_rad": -1.6502025522594235,
  "ground_truth_yaw_delta_rad": -1.5587656602834998,
  "raw_odom_yaw_delta_rad": -1.6520726596810913,
  "imu_integrated_yaw_rad": -1.5571160053107862,
  "ekf_yaw_delta_rad": -1.5587656871972628,
  "body_yaw_error_deg": 5.644138213828571,
  "request_to_output_delay_sec": 0.05999999999999872,
  "output_to_body_delay_sec": 0.060000000000002274,
  "rise_time_sec": 0.35999999999999943,
  "settling_time_sec": null,
  "overshoot_ratio": 0.24357504132174923,
  "steady_state_yaw_rate_gain": 0.18596195068057086,
  "integral_tracking_error_rad": 0.30155688524878727,
  "ground_truth_heading_error_deg": 0.6893064158324101,
  "imu_feedback_heading_error_deg": 0.794035947131478
}
