{
  "schema_version": 1,
  "trial_id": "heading_hot_6p283185307179586_r6",
  "trial_type": "closed_loop_heading",
  "thermal_state": "hot",
  "feedback_source": "imu_angular_velocity_integral",
  "ground_truth_used_for_control": false,
  "target_heading_rad": 6.283185307179586,
  "feedback_heading_rad": 6.271120053455016,
  "runner_complete": true,
  "error": null,
  "complete": true,
  "sample_count": 977,
  "duration_sec": 19.520000000000003,
  "target_yaw_rate_rad_s": 0.35,
  "requested_command_integral_rad": 6.317507039358414,
  "actual_output_command_integral_rad": 6.316895522936016,
  "ground_truth_yaw_delta_rad": 6.272276852961703,
  "raw_odom_yaw_delta_rad": 6.315133154305704,
  "imu_integrated_yaw_rad": 6.270156690712071,
  "ekf_yaw_delta_rad": 6.272276914125801,
  "body_yaw_error_deg": 2.5914987871215978,
  "request_to_output_delay_sec": 0.03999999999999915,
  "output_to_body_delay_sec": 0.03999999999999915,
  "rise_time_sec": 0.3399999999999963,
  "settling_time_sec": null,
  "overshoot_ratio": 0.37915877501151085,
  "steady_state_yaw_rate_gain": 0.6148139256516104,
  "integral_tracking_error_rad": 6.002558794789507,
  "ground_truth_heading_error_deg": 0.6250083876964029,
  "imu_feedback_heading_error_deg": 0.6912881171723587
}
