{
  "schema_version": 1,
  "trial_id": "heading_hot_3p141592653589793_r7",
  "trial_type": "closed_loop_heading",
  "thermal_state": "hot",
  "feedback_source": "imu_angular_velocity_integral",
  "ground_truth_used_for_control": false,
  "target_heading_rad": 3.141592653589793,
  "feedback_heading_rad": 3.129096762038637,
  "runner_complete": true,
  "error": null,
  "complete": true,
  "sample_count": 532,
  "duration_sec": 10.619999999999997,
  "target_yaw_rate_rad_s": 0.35,
  "requested_command_integral_rad": 3.1848597740353393,
  "actual_output_command_integral_rad": 3.184803443302674,
  "ground_truth_yaw_delta_rad": 3.130246554098958,
  "raw_odom_yaw_delta_rad": 3.183136705449139,
  "imu_integrated_yaw_rad": 3.1266351144691233,
  "ekf_yaw_delta_rad": 3.1302465693945196,
  "body_yaw_error_deg": 3.129107007974378,
  "request_to_output_delay_sec": 0.03999999999999915,
  "output_to_body_delay_sec": 0.020000000000003126,
  "rise_time_sec": 0.3200000000000003,
  "settling_time_sec": null,
  "overshoot_ratio": 0.3790709520408919,
  "steady_state_yaw_rate_gain": 0.3682759307923899,
  "integral_tracking_error_rad": 8.050254787190148,
  "ground_truth_heading_error_deg": 0.6500836147603894,
  "imu_feedback_heading_error_deg": 0.7159618471344187
}
