{
  "schema_version": 1,
  "trial_id": "heading_hot_1p5707963267948966_r5",
  "trial_type": "closed_loop_heading",
  "thermal_state": "hot",
  "feedback_source": "imu_angular_velocity_integral",
  "ground_truth_used_for_control": false,
  "target_heading_rad": 1.5707963267948966,
  "feedback_heading_rad": 1.5590843931811216,
  "runner_complete": true,
  "error": null,
  "complete": true,
  "sample_count": 309,
  "duration_sec": 6.160000000000004,
  "target_yaw_rate_rad_s": 0.35,
  "requested_command_integral_rad": 1.6419757408522346,
  "actual_output_command_integral_rad": 1.642714215078921,
  "ground_truth_yaw_delta_rad": 1.560735013857849,
  "raw_odom_yaw_delta_rad": 1.641305347106605,
  "imu_integrated_yaw_rad": 1.5592420785783812,
  "ekf_yaw_delta_rad": 1.5607350921631689,
  "body_yaw_error_deg": 4.65475078135283,
  "request_to_output_delay_sec": 0.03999999999999915,
  "output_to_body_delay_sec": 0.04000000000000625,
  "rise_time_sec": 0.3400000000000034,
  "settling_time_sec": null,
  "overshoot_ratio": 0.3025249135353367,
  "steady_state_yaw_rate_gain": 0.17082202674708577,
  "integral_tracking_error_rad": 0.2898216416878323,
  "ground_truth_heading_error_deg": 0.5764707676531954,
  "imu_feedback_heading_error_deg": 0.6710443660067088
}
