{
  "schema_version": 1,
  "trial_id": "heading_cold_m6p283185307179586_r8",
  "trial_type": "closed_loop_heading",
  "thermal_state": "cold",
  "feedback_source": "imu_angular_velocity_integral",
  "ground_truth_used_for_control": false,
  "target_heading_rad": -6.283185307179586,
  "feedback_heading_rad": -6.268940187691312,
  "runner_complete": true,
  "error": null,
  "complete": true,
  "sample_count": 977,
  "duration_sec": 19.520000000000003,
  "target_yaw_rate_rad_s": -0.35,
  "requested_command_integral_rad": -6.328390864595937,
  "actual_output_command_integral_rad": -6.32672972752143,
  "ground_truth_yaw_delta_rad": -6.270265251269782,
  "raw_odom_yaw_delta_rad": -6.325299278804801,
  "imu_integrated_yaw_rad": -6.270536000641394,
  "ekf_yaw_delta_rad": -6.270265278112033,
  "body_yaw_error_deg": 3.3303523251980414,
  "request_to_output_delay_sec": 0.040000000000000924,
  "output_to_body_delay_sec": 0.0600000000000005,
  "rise_time_sec": 0.35999999999999943,
  "settling_time_sec": null,
  "overshoot_ratio": 0.37915898384153723,
  "steady_state_yaw_rate_gain": 0.6390159138067584,
  "integral_tracking_error_rad": 6.0177517739105415,
  "ground_truth_heading_error_deg": 0.7402646747048355,
  "imu_feedback_heading_error_deg": 0.8161852253376722
}
