{
  "schema_version": 1,
  "trial_id": "heading_hot_m6p283185307179586_r3",
  "trial_type": "closed_loop_heading",
  "thermal_state": "hot",
  "feedback_source": "imu_angular_velocity_integral",
  "ground_truth_used_for_control": false,
  "target_heading_rad": -6.283185307179586,
  "feedback_heading_rad": -6.2688300055221635,
  "runner_complete": true,
  "error": null,
  "complete": true,
  "sample_count": 968,
  "duration_sec": 19.339999999999996,
  "target_yaw_rate_rad_s": -0.35,
  "requested_command_integral_rad": -6.285496752526166,
  "actual_output_command_integral_rad": -6.292642000203041,
  "ground_truth_yaw_delta_rad": -6.271204914598633,
  "raw_odom_yaw_delta_rad": -6.290116279352322,
  "imu_integrated_yaw_rad": -6.271053962879395,
  "ekf_yaw_delta_rad": -6.271204931913127,
  "body_yaw_error_deg": 0.8188619947326237,
  "request_to_output_delay_sec": 0.01999999999999602,
  "output_to_body_delay_sec": 0.020000000000003126,
  "rise_time_sec": 0.3199999999999932,
  "settling_time_sec": null,
  "overshoot_ratio": 0.37916099452484797,
  "steady_state_yaw_rate_gain": 0.6857487850625776,
  "integral_tracking_error_rad": 6.0027318806375725,
  "ground_truth_heading_error_deg": 0.686425931798448,
  "imu_feedback_heading_error_deg": 0.8224981986074771
}
