{
  "schema_version": 1,
  "trial_id": "heading_cold_3p141592653589793_r3",
  "trial_type": "closed_loop_heading",
  "thermal_state": "cold",
  "feedback_source": "imu_angular_velocity_integral",
  "ground_truth_used_for_control": false,
  "target_heading_rad": 3.141592653589793,
  "feedback_heading_rad": 3.128979292335042,
  "runner_complete": true,
  "error": null,
  "complete": true,
  "sample_count": 529,
  "duration_sec": 10.560000000000002,
  "target_yaw_rate_rad_s": 0.35,
  "requested_command_integral_rad": 3.2085321657555417,
  "actual_output_command_integral_rad": 3.2075331101149973,
  "ground_truth_yaw_delta_rad": 3.129599894613568,
  "raw_odom_yaw_delta_rad": 3.210057935307582,
  "imu_integrated_yaw_rad": 3.1292577948797575,
  "ekf_yaw_delta_rad": 3.129599921534239,
  "body_yaw_error_deg": 4.5224860038173595,
  "request_to_output_delay_sec": 0.0400000000000027,
  "output_to_body_delay_sec": 0.05999999999999872,
  "rise_time_sec": 0.35999999999999943,
  "settling_time_sec": null,
  "overshoot_ratio": 0.3785139074029851,
  "steady_state_yaw_rate_gain": 0.4522073742415292,
  "integral_tracking_error_rad": 0.5309496400807621,
  "ground_truth_heading_error_deg": 0.6871344740553381,
  "imu_feedback_heading_error_deg": 0.722692365371068
}
