{
  "schema_version": 1,
  "trial_id": "heading_cold_m3p141592653589793_r2",
  "trial_type": "closed_loop_heading",
  "thermal_state": "cold",
  "feedback_source": "imu_angular_velocity_integral",
  "ground_truth_used_for_control": false,
  "target_heading_rad": -3.141592653589793,
  "feedback_heading_rad": -3.127857133342832,
  "runner_complete": true,
  "error": null,
  "complete": true,
  "sample_count": 528,
  "duration_sec": 10.54,
  "target_yaw_rate_rad_s": -0.35,
  "requested_command_integral_rad": -3.2025072606457416,
  "actual_output_command_integral_rad": -3.20817025892013,
  "ground_truth_yaw_delta_rad": -3.1289529920668553,
  "raw_odom_yaw_delta_rad": -3.2095855969754847,
  "imu_integrated_yaw_rad": -3.1256910891667453,
  "ekf_yaw_delta_rad": -3.128953018931785,
  "body_yaw_error_deg": 4.214349154741912,
  "request_to_output_delay_sec": 0.019999999999999574,
  "output_to_body_delay_sec": 0.060000000000002274,
  "rise_time_sec": 0.35999999999999943,
  "settling_time_sec": null,
  "overshoot_ratio": 0.3785139074556938,
  "steady_state_yaw_rate_gain": 0.4513534507177121,
  "integral_tracking_error_rad": 8.069501248584777,
  "ground_truth_heading_error_deg": 0.7241992597382362,
  "imu_feedback_heading_error_deg": 0.7869873395673623
}
