{
  "schema_version": 1,
  "trial_id": "heading_hot_m3p141592653589793_r1",
  "trial_type": "closed_loop_heading",
  "thermal_state": "hot",
  "feedback_source": "imu_angular_velocity_integral",
  "ground_truth_used_for_control": false,
  "target_heading_rad": -3.141592653589793,
  "feedback_heading_rad": -3.1287407982608064,
  "runner_complete": true,
  "error": null,
  "complete": true,
  "sample_count": 524,
  "duration_sec": 10.46,
  "target_yaw_rate_rad_s": -0.35,
  "requested_command_integral_rad": -3.180160357563674,
  "actual_output_command_integral_rad": -3.1731340327315554,
  "ground_truth_yaw_delta_rad": -3.1296402505079604,
  "raw_odom_yaw_delta_rad": -3.1751671287287597,
  "imu_integrated_yaw_rad": -3.1280876803362987,
  "ekf_yaw_delta_rad": -3.1296402681216597,
  "body_yaw_error_deg": 2.8945889148414894,
  "request_to_output_delay_sec": 0.060000000000002274,
  "output_to_body_delay_sec": 0.01999999999999602,
  "rise_time_sec": 0.3400000000000034,
  "settling_time_sec": null,
  "overshoot_ratio": 0.3791599704381925,
  "steady_state_yaw_rate_gain": 0.48715315672479437,
  "integral_tracking_error_rad": 0.5165653457295611,
  "ground_truth_heading_error_deg": 0.6848222516281756,
  "imu_feedback_heading_error_deg": 0.7363570692636537
}
