{
  "schema_version": 1,
  "trial_id": "heading_hot_3p141592653589793_r8",
  "trial_type": "closed_loop_heading",
  "thermal_state": "hot",
  "feedback_source": "imu_angular_velocity_integral",
  "ground_truth_used_for_control": false,
  "target_heading_rad": 3.141592653589793,
  "feedback_heading_rad": 3.1287369676364896,
  "runner_complete": true,
  "error": null,
  "complete": true,
  "sample_count": 531,
  "duration_sec": 10.600000000000001,
  "target_yaw_rate_rad_s": 0.35,
  "requested_command_integral_rad": 3.1782247423887506,
  "actual_output_command_integral_rad": 3.178723381028719,
  "ground_truth_yaw_delta_rad": 3.1301411774790546,
  "raw_odom_yaw_delta_rad": 3.176958339087034,
  "imu_integrated_yaw_rad": 3.126018504477445,
  "ekf_yaw_delta_rad": 3.1301412229149532,
  "body_yaw_error_deg": 2.7549853332689245,
  "request_to_output_delay_sec": 0.03999999999999915,
  "output_to_body_delay_sec": 0.020000000000003126,
  "rise_time_sec": 0.3199999999999932,
  "settling_time_sec": null,
  "overshoot_ratio": 0.37908057687644536,
  "steady_state_yaw_rate_gain": 0.35409415916293235,
  "integral_tracking_error_rad": 8.048940582548669,
  "ground_truth_heading_error_deg": 0.656121250340202,
  "imu_feedback_heading_error_deg": 0.7365765478699099
}
