{
  "schema_version": 1,
  "stage": "Stage5BR4",
  "camera_config": "C0",
  "camera_spec": {
    "mode": "single_camera",
    "xyz_m": [
      0.53,
      0.0,
      0.22
    ],
    "pitch_deg": 0.0,
    "role": "discovery_and_recognition"
  },
  "evaluability_policy_sha256": "63fcefc6d26e1c8b116fac4ce686e82bb54a706cbb3f106cf6264b48364b7a71",
  "partitions": {
    "all_visible": {
      "count": 3370,
      "by_class": {
        "leaf_pile": {
          "count": 698,
          "bbox_shortest_side_px": {
            "count": 698,
            "p10": 3.0,
            "p50": 5.0,
            "p90": 25.300000000000068
          },
          "mask_area_px": {
            "count": 698,
            "p10": 46.0,
            "p50": 147.0,
            "p90": 1508.0000000000048
          },
          "distance_m": {
            "count": 698,
            "p10": 1.5460172533988952,
            "p50": 3.9803682565689087,
            "p90": 6.44352731704712
          },
          "visible_fraction": {
            "count": 698,
            "p10": 0.21806666453039977,
            "p50": 0.5864367816091953,
            "p90": 1.0
          },
          "occlusion": {
            "count": 698,
            "p10": 0.0,
            "p50": 0.4135632183908046,
            "p90": 0.7819333354696003
          },
          "depth_valid_ratio": {
            "count": 698,
            "p10": 1.0,
            "p50": 1.0,
            "p90": 1.0
          }
        },
        "metal_can": {
          "count": 716,
          "bbox_shortest_side_px": {
            "count": 716,
            "p10": 5.0,
            "p50": 7.0,
            "p90": 20.0
          },
          "mask_area_px": {
            "count": 716,
            "p10": 30.0,
            "p50": 76.0,
            "p90": 529.5
          },
          "distance_m": {
            "count": 716,
            "p10": 1.5098122358322144,
            "p50": 4.016228675842285,
            "p90": 5.986898899078369
          },
          "visible_fraction": {
            "count": 716,
            "p10": 0.3100178560433471,
            "p50": 0.5825242718446602,
            "p90": 1.0
          },
          "occlusion": {
            "count": 716,
            "p10": 0.0,
            "p50": 0.41747572815533984,
            "p90": 0.6899821439566529
          },
          "depth_valid_ratio": {
            "count": 716,
            "p10": 1.0,
            "p50": 1.0,
            "p90": 1.0
          }
        },
        "paper_litter": {
          "count": 633,
          "bbox_shortest_side_px": {
            "count": 633,
            "p10": 1.0,
            "p50": 3.0,
            "p90": 9.0
          },
          "mask_area_px": {
            "count": 633,
            "p10": 8.0,
            "p50": 33.0,
            "p90": 205.80000000000007
          },
          "distance_m": {
            "count": 633,
            "p10": 1.8708523511886597,
            "p50": 3.594248056411743,
            "p90": 6.160143661499023
          },
          "visible_fraction": {
            "count": 633,
            "p10": 0.2042197802197802,
            "p50": 0.5,
            "p90": 1.0
          },
          "occlusion": {
            "count": 633,
            "p10": 0.0,
            "p50": 0.5,
            "p90": 0.79578021978022
          },
          "depth_valid_ratio": {
            "count": 633,
            "p10": 1.0,
            "p50": 1.0,
            "p90": 1.0
          }
        },
        "plastic_bottle": {
          "count": 643,
          "bbox_shortest_side_px": {
            "count": 643,
            "p10": 4.0,
            "p50": 6.0,
            "p90": 13.0
          },
          "mask_area_px": {
            "count": 643,
            "p10": 36.0,
            "p50": 90.0,
            "p90": 340.00000000000034
          },
          "distance_m": {
            "count": 643,
            "p10": 2.150782251358032,
            "p50": 4.2683796882629395,
            "p90": 6.372638797760011
          },
          "visible_fraction": {
            "count": 643,
            "p10": 0.3559870550161812,
            "p50": 0.6,
            "p90": 1.0
          },
          "occlusion": {
            "count": 643,
            "p10": 0.0,
            "p50": 0.4,
            "p90": 0.6440129449838188
          },
          "depth_valid_ratio": {
            "count": 643,
            "p10": 1.0,
            "p50": 1.0,
            "p90": 1.0
          }
        },
        "puddle": {
          "count": 680,
          "bbox_shortest_side_px": {
            "count": 680,
            "p10": 2.0,
            "p50": 6.5,
            "p90": 32.10000000000002
          },
          "mask_area_px": {
            "count": 680,
            "p10": 37.0,
            "p50": 252.0,
            "p90": 2662.3
          },
          "distance_m": {
            "count": 680,
            "p10": 1.3082626581192016,
            "p50": 3.6418246030807495,
            "p90": 6.449150705337525
          },
          "visible_fraction": {
            "count": 680,
            "p10": 0.2122580933770457,
            "p50": 0.5285714285714286,
            "p90": 1.0
          },
          "occlusion": {
            "count": 680,
            "p10": 0.0,
            "p50": 0.4714285714285714,
            "p90": 0.7877419066229544
          },
          "depth_valid_ratio": {
            "count": 680,
            "p10": 1.0,
            "p50": 1.0,
            "p90": 1.0
          }
        }
      }
    },
    "recognition_ready": {
      "count": 875,
      "by_class": {
        "leaf_pile": {
          "count": 265,
          "bbox_shortest_side_px": {
            "count": 265,
            "p10": 8.0,
            "p50": 15.0,
            "p90": 58.599999999999994
          },
          "mask_area_px": {
            "count": 265,
            "p10": 311.8,
            "p50": 740.0,
            "p90": 4044.5999999999995
          },
          "distance_m": {
            "count": 265,
            "p10": 0.9245898008346558,
            "p50": 2.0242011547088623,
            "p90": 2.970537233352661
          },
          "visible_fraction": {
            "count": 265,
            "p10": 0.15058615722092605,
            "p50": 0.5316851378232452,
            "p90": 1.0
          },
          "occlusion": {
            "count": 265,
            "p10": 0.0,
            "p50": 0.4683148621767548,
            "p90": 0.849413842779074
          },
          "depth_valid_ratio": {
            "count": 265,
            "p10": 1.0,
            "p50": 1.0,
            "p90": 1.0
          }
        },
        "metal_can": {
          "count": 163,
          "bbox_shortest_side_px": {
            "count": 163,
            "p10": 13.0,
            "p50": 19.0,
            "p90": 33.0
          },
          "mask_area_px": {
            "count": 163,
            "p10": 242.0,
            "p50": 469.0,
            "p90": 1391.4000000000003
          },
          "distance_m": {
            "count": 163,
            "p10": 0.9380081534385681,
            "p50": 1.659521222114563,
            "p90": 2.3318174839019776
          },
          "visible_fraction": {
            "count": 163,
            "p10": 0.19645857342095885,
            "p50": 0.5490909090909091,
            "p90": 1.0
          },
          "occlusion": {
            "count": 163,
            "p10": 0.0,
            "p50": 0.4509090909090909,
            "p90": 0.8035414265790412
          },
          "depth_valid_ratio": {
            "count": 163,
            "p10": 1.0,
            "p50": 1.0,
            "p90": 1.0
          }
        },
        "paper_litter": {
          "count": 28,
          "bbox_shortest_side_px": {
            "count": 28,
            "p10": 13.0,
            "p50": 16.5,
            "p90": 27.0
          },
          "mask_area_px": {
            "count": 28,
            "p10": 299.4,
            "p50": 527.5,
            "p90": 1054.1000000000001
          },